נתוני מסחר - ניירות ערך,,,,,,,,,,,,,,,,,,,,,,,,,,,,,,,,,,,,,,,,,,,,,,,,,,,,
נכון ל- 04/09/2026
שם,סימול ,מס' ני''ע,סוג ני''ע,שער אחרון (באגורות),שינוי (%),מחזור (באלפי ש''ח) ,זמן עסקה אחרונה,שער בסיס,שער פתיחה,גבוה,נמוך,שינוי באגורות,מחזור עסקאות בלוק,זמן עסקת בלוק אחרונה,תשואה מתחילת החודש (%),תשואה מתחילת השנה (%),מספר עסקאות,מחזור ביחידות , שווי שוק (אלפי ש''ח),כמות מזערית לשלב הרציף,כמות מזערית עבור פקודות בלוק,סוג האקס,מקדם אקס,הון רשום למסחר,בורסת חו"ל,מועד אחרון ברשימה הראשית,תאריך השעייה,הצמדה,ריבית,מועד פדיון,מניית המרה,מניית המרה - מס' ני"ע,מניית המרה - ISIN,כמות אג"ח למניה אחת,שער מנית המרה,מועד המרה סופי,מדד/מט"ח יסודי,תאריך מדד/מט"ח יסודי,מחיר מימוש בסיסי (באגורות/מטבע),מחיר מימוש נוכחי (באגורות),סוג הצמדת תוספת מימוש,מועד מימוש אחרון,מס' מניות המתקבל מ-1 אופציה,מניית מימוש,שער מניית מימוש,תשואה שנתית לפדיון,מס' ימים לפדיון,ISIN,מספר מנפיק,מחזור מסחר חציוני 180 ימים,מחזור מסחר חציוני 30 ימים,אינדיקצייה לקיום עושה שוק
אאורה,אארה,373019, מניות,1970.00,0.87,3592.09,סוף יום,1953.00,1953.00,1986.00,1941.00,17.00,,סוף יום,10.1,-2.7,1000,182530,5597043,28,56000,,,284113862,,,,,,,,,,,,,,,,,,,,,,,,IL0003730194,373
אאורה    אגח טז,אארה.ק16,3730579,איגרות חוב,101.17,-0.01,10.06,סוף יום,101.18,101.18,101.17,101.17,-0.01,,סוף יום,0.2,3.6,2,9945,84477,5000,990000,,,83500000,,,,לא צמוד,3.50000,30/09/2027,,,,,,,,,,,,,,,,,,IL0037305799,373,39596.35500,21564.04000,לא
אאורה אגח יז,אארה.ק17,1193580,איגרות חוב,113.00,0.09,29.88,סוף יום,112.90,112.90,113.00,112.90,0.10,,סוף יום,0.3,4.2,66,26439,271200,4400,1780000,,,240000000,,,,מדד המחירים לצרכן,3.85000,31/01/2029,,,,,,,102.30,15/02/2023,,,,,,,,,,IL0011935801,373,244696.59000,273486.92000,לא
אאורה אגח יח,אארה.ק18,1203405,איגרות חוב,104.59,0.09,45.97,סוף יום,104.50,104.50,104.61,104.50,0.09,,סוף יום,0.2,3.8,72,43955,282393,4800,1920000,,,270000000,,,,לא צמוד,6.15000,31/12/2029,,,,,,,,,,,,,,,,,,IL0012034059,373,361038.02000,209309.94000,לא
אאורה אגח יט,אארה.ק19,1223296,איגרות חוב,104.54,0.08,69.76,סוף יום,104.46,104.46,104.62,104.46,0.08,,סוף יום,0.2,3.8,73,66733,522700,4800,1920000,,,500000000,,,,לא צמוד,5.80000,30/08/2032,,,,,,,,,,,,,,,,,,IL0012232968,373,1077661.72500,805658.48000,לא
אב-גד,אבגד,1171818, מניות,1360.00,-0.51,91.89,סוף יום,1367.00,1367.00,1418.00,1349.00,-7.00,,סוף יום,5.1,-17.3,64,6736,280755,39,77000,,,20643725,,,,,,,,,,,,,,,,,,,,,,,,IL0011718181,1829
אב-גד     אגח ב,אבגד.ק2,1196542,איגרות חוב,104.30,0.00,0.00,סוף יום,104.30,104.30,0.00,0.00,0.00,,סוף יום,1.3,7.1,0,0,19269,4900,920000,,,18475058,,,,לא צמוד,9.50000,30/06/2027,,,,,,,,,,,,,,,,,,IL0011965428,1829,3420.46000,1847.93500,לא
אב-גד     אגח ג,אבגד.ק3,1211770,איגרות חוב,101.64,0.00,0.00,סוף יום,101.64,101.64,0.00,0.00,0.00,,סוף יום,0.4,3.5,0,0,106538,4900,990000,,,104819000,,,,לא צמוד,7.20000,31/12/2028,,,,,,,,,,,,,,,,,,IL0012117706,1829,2192.60000,10975.50000,לא
אב-גד     אגח ד,אבגד.ק4,1225929,איגרות חוב,98.11,0.00,0.00,סוף יום,98.11,98.11,0.00,0.00,0.00,,סוף יום,2.5,6.6,0,0,90960,5200,1050000,,,92712000,,,,לא צמוד,6.80000,30/06/2030,,,,,,,,,,,,,,,,,,IL0012259292,1829,38934.57000,45668.14000,לא
אב-גד     אופ 2,אבגד.א2,1225937, כתבי אופציה ,170.60,0.00,0.00,סוף יום,170.60,170.60,0.00,0.00,0.00,,סוף יום,-0.2,-27.9,0,0,633,39,19000,,,370848,,,,,,,,,,,,,,,2500.0000000 ,2500.0000000,לא צמוד,02/08/2028,1.0000000,אב-גד,1360.00,,,IL0012259375,1829
אבגול,אבגל,1100957, מניות,90.90,-0.76,3.89,סוף יום,91.60,91.60,91.00,88.90,-0.70,,סוף יום,-2.5,-32.0,10,4276,269839,540,1070000,,,296853097,,,,,,,,,,,,,,,,,,,,,,,,IL0011009573,1390
אבו מגורים,אבו,1175819, מניות,627.40,-0.13,67.15,סוף יום,628.20,628.20,628.20,610.00,-0.80,,סוף יום,0.7,-16.6,8,10703,392344,80,160000,,,62534904,,,,,,,,,,,,,,,,,,,,,,,,IL0011758195,1863
אבו מגורים אגחא,אבו.ק1,1231687,איגרות חוב,107.08,0.27,46.12,סוף יום,106.79,106.79,107.12,107.04,0.29,,סוף יום,0.9,4.9,3,43067,359940,4700,940000,,,336141413,,,,מדד המחירים לצרכן,3.74000,01/09/2028,,,,,,,107.20,15/07/2024,,,,,,,,,,IL0012316878,1863,32289.56500,81150.42000,לא
אבו מגורים אפ 1,אבו.א1,1234913, כתבי אופציה ,80.00,1.01,0.81,סוף יום,79.20,79.20,81.00,81.00,0.80,,סוף יום,-5.3,-13.9,1,1000,16560,80,590000,,,20700000,,,,,,,,,,,,,,,838.9360000 ,838.9360000,לא צמוד,11/01/2030,1.0000000,אבו מגורים,627.40,,,IL0012349135,1863
אבו מגורים אפ 2,אבו.א2,1234921, כתבי אופציה ,12.40,0.00,0.00,סוף יום,12.40,12.40,0.00,0.00,0.00,,סוף יום,0.0,-74.9,0,0,1283,80,520000,,,10350000,,,,,,,,,,,,,,,763.3920000 ,763.3920000,לא צמוד,12/01/2027,1.0000000,אבו מגורים,627.40,,,IL0012349218,1863
אבוג'ן,אבגן,1105055, מניות,170.60,3.58,84.27,סוף יום,164.70,172.00,173.10,167.50,5.90,,סוף יום,2.6,-43.2,44,49286,23177,300,600000,,,13585843,NASDAQ-CM,,,,,,,,,,,,,,,,,,,,,,,IL0011050551,1461
אביב בניה,אביב,444018, מניות,2123.00,-2.53,41.97,סוף יום,2178.00,2178.00,2178.00,2030.00,-55.00,,סוף יום,2.1,3.2,28,1979,281265,24,48000,,,13248470,,,,,,,,,,,,,,,,,,,,,,,,IL0004440181,444
אביב בניה אגח 7,אביב.ק7,1190453,איגרות חוב,104.46,0.10,36.29,סוף יום,104.36,104.36,104.47,104.36,0.10,,סוף יום,0.2,3.5,12,34739,117518,4800,960000,,,112500000,,,,לא צמוד,6.98696,15/09/2027,,,,,,,,,,,,,,,,,,IL0011904534,444,43597.89500,78030.04000,לא
אביב קב   אגח א,אבקב.ק1,1243732,איגרות חוב,100.72,-0.02,70.40,סוף יום,100.74,100.74,100.74,100.65,-0.02,,סוף יום,0.0,0.7,4,69897,251800,5000,990000,,,250000000,,,,לא צמוד,5.45000,31/12/2031,,,,,,,,,,,,,,,,,,IL0012437328,1969,140657.41500,75660.98500,לא
אביגם     אגח א,אבגם.ק1,1244490,איגרות חוב,100.82,0.78,272.70,סוף יום,100.04,100.04,100.84,100.15,0.78,,סוף יום,0.6,0.8,21,271909,167361,5000,1000000,,,166000000,,,,מדד המחירים לצרכן,3.54000,31/12/2031,,,,,,,104.80,15/06/2026,,,,,,,,,,IL0012444902,2555,38571.90500,38423.30000,לא
אביסרור,אביס,1245851, מניות,1016.00,-0.10,69.21,סוף יום,1017.00,1017.00,1033.00,1015.00,-1.00,,סוף יום,5.4,42.1,11,6779,3176901,52,100000,,,312687100,,,,,,,,,,,,,,,,,,,,,,,,IL0012458514,2573
אביסרור    אפ 1,אביס.א1,1245869, כתבי אופציה ,303.50,0.36,0.04,סוף יום,302.40,369.00,369.00,369.00,1.10,,סוף יום,-5.2,73.4,1,10,117699,52,160000,,,38780520,,,,,,,,,,,,,,,960.0000000 ,960.0000000,לא צמוד,02/08/2030,1.0000000,אביסרור,1016.00,,,IL0012458696,2573
אביעד פקדוןאגחא,אבפק.ק1,1209279,איגרות חוב,110.30,-0.05,15.59,סוף יום,110.35,110.35,110.35,110.30,-0.05,,סוף יום,0.0,2.8,3,14133,777939,4500,910000,,,705294000,,,,לא צמוד,,28/07/2032,,,,,,,,,,,,,,,,,,IL0012092792,2446,112739.29500,140884.97000,כן
אביעד פקדוןאגחב,אבפק.ק2,1214592,איגרות חוב,109.11,0.01,0.23,סוף יום,109.10,109.10,109.15,109.15,0.01,,סוף יום,0.0,2.8,2,213,842269,4600,920000,,,771945000,,,,לא צמוד,,30/06/2034,,,,,,,,,,,,,,,,,,IL0012145921,2446,130075.40500,108378.49500,כן
אביעד פקדוןאגחג,אבפק.ק3,1221399,איגרות חוב,106.98,0.00,0.12,סוף יום,106.98,106.98,107.03,107.03,0.00,,סוף יום,0.1,3.7,2,112,436774,4700,940000,,,408276000,,,,לא צמוד,,07/05/2035,,,,,,,,,,,,,,,,,,IL0012213992,2446,235158.71500,48531.50500,כן
אביעד פקדוןאגחד,אבפק.ק4,1228329,איגרות חוב,105.51,0.00,0.00,סוף יום,105.51,105.51,0.00,0.00,0.00,,סוף יום,0.1,3.6,0,0,844080,4700,950000,,,800000000,,,,לא צמוד,,03/09/2035,,,,,,,,,,,,,,,,,,IL0012283292,2446,156779.32000,157957.40000,כן
אביעד פקדוןאגחה,אבפק.ק5,1231406,איגרות חוב,103.84,0.00,0.18,סוף יום,103.84,103.84,103.84,103.84,0.00,,סוף יום,0.0,3.1,2,169,632489,4800,960000,,,609100000,,,,לא צמוד,,11/11/2035,,,,,,,,,,,,,,,,,,IL0012314063,2446,253238.55500,37094.15000,כן
אביעד פקדוןאגחו,אבפק.ק6,1236256,איגרות חוב,102.06,0.00,38.13,סוף יום,102.06,102.06,102.06,102.06,0.00,,סוף יום,-0.2,2.1,2,37359,1020600,4900,980000,,,1000000000,,,,לא צמוד,3.64000,10/02/2027,,,,,,,,,,,,,,,,,,IL0012362567,2446,0.00000,0.00000,לא
אביעד פקדוןאגחז,אבפק.ק7,1240605,איגרות חוב,101.79,0.04,126.80,סוף יום,101.75,101.75,101.82,101.76,0.04,,סוף יום,0.0,1.8,7,124557,916110,4900,980000,,,900000000,,,,לא צמוד,,06/05/2036,,,,,,,,,,,,,,,,,,IL0012406059,2446,101391.88000,42243.06000,לא
אביעד פקדוןאגחח,אבפק.ק8,1245273,איגרות חוב,100.89,0.05,50.45,סוף יום,100.84,100.84,100.90,100.89,0.05,,סוף יום,0.2,0.9,2,50000,832730,5000,990000,,,825384000,,,,לא צמוד,,28/07/2036,,,,,,,,,,,,,,,,,,IL0012452731,2446,63065.13000,45994.37000,לא
אברא,אברא,1101666, מניות,382.30,-0.68,107.53,סוף יום,384.90,399.00,399.00,377.00,-2.60,,סוף יום,-3.4,-17.7,35,28086,447625,130,250000,,,117087389,,,,,,,,,,,,,,,,,,,,,,,,IL0011016669,1397
אברבוך,אברבך,675017, מניות,1190.00,-1.41,10.70,סוף יום,1207.00,1207.00,1207.00,1190.00,-17.00,,סוף יום,-1.9,-11.6,2,899,100207,41,82000,,,8420792,,,,,,,,,,,,,,,,,,,,,,,,IL0006750173,675
אברות,אברות,297010, מניות,57.50,0.00,0.00,סוף יום,57.50,57.50,0.00,0.00,0.00,,סוף יום,2.9,11.4,0,0,201361,890,1790000,,,350192360,,,,,,,,,,,,,,,,,,,,,,,,IL0002970106,297
אג'לן     אגח א,אגלן.ק1,1223239,איגרות חוב,100.66,0.21,160.61,סוף יום,100.45,100.45,100.74,100.45,0.21,,סוף יום,0.3,2.4,72,159532,573762,5000,1990000,,,570000000,,,,לא צמוד,5.92000,30/06/2028,,,,,,,,,,,,,,,,,,IL0012232398,2482,605166.84000,451954.36000,לא
אדגר,אדגר,1820083, מניות,392.10,0.46,427.04,סוף יום,390.30,390.30,398.80,389.40,1.80,,סוף יום,3.7,-13.7,133,108554,740793,130,260000,,,188929545,,,,,,,,,,,,,,,,,,,,,,,,IL0018200837,182
אדגר       אפ 9,אדגר.א9,1228931, כתבי אופציה ,20.30,0.00,0.00,סוף יום,20.30,20.30,0.00,0.00,0.00,,סוף יום,0.5,-60.1,0,0,1613,130,400000,,,7944420,,,,,,,,,,,,,,,652.9170000 ,652.9170000,לא צמוד,10/09/2027,1.0000000,אדגר,392.10,,,IL0012289315,182
אדגר      אגח י,אדגר.ק10,1820208,איגרות חוב,121.55,0.03,33.25,סוף יום,121.51,121.51,121.59,121.50,0.04,,סוף יום,0.2,4.0,60,27353,164998,4100,1650000,,,135745200,,,,מדד המחירים לצרכן,2.85000,01/09/2027,,,,,,,100.00,15/03/2018,,,,,,,,,,IL0018202080,182,589657.26000,742935.33000,לא
אדגר     אגח יא,אדגר.ק11,1820281,איגרות חוב,120.33,0.13,219.48,סוף יום,120.17,120.17,120.40,120.17,0.16,,סוף יום,0.2,4.0,78,182368,449794,4200,1670000,,,373800000,,,,מדד המחירים לצרכן,2.45000,31/03/2030,,,,,,,100.40,15/11/2020,,,,,,,,,,IL0018202817,182,442080.33000,569648.73000,לא
אדגר     אגח יב,אדגר.ק12,1820331,איגרות חוב,110.46,0.17,118.11,סוף יום,110.27,110.27,110.46,110.27,0.19,,סוף יום,0.4,3.9,81,106932,586819,4500,1820000,,,531250000,,,,מדד המחירים לצרכן,0.43000,31/03/2031,,,,,,,102.30,15/12/2021,,,,,,,,,,IL0018203310,182,739412.91500,588374.23500,לא
אדגר     אגח יג,אדגר.ק13,1207158,איגרות חוב,116.41,0.14,379.46,סוף יום,116.25,116.25,116.44,116.25,0.16,,סוף יום,0.4,4.9,82,326005,930937,4300,1720000,,,799705000,,,,מדד המחירים לצרכן,4.79000,05/04/2034,,,,,,,106.90,15/05/2024,,,,,,,,,,IL0012071580,182,2048162.07000,2182654.08500,לא
אדמה אגח ב,אדמה.ק2,1110915,איגרות חוב,160.73,-0.04,1068.12,סוף יום,160.80,160.80,161.03,160.69,-0.07,,סוף יום,0.8,5.3,122,664060,2827380,3100,1250000,,,1759086785,,,,מדד המחירים לצרכן,5.15000,30/11/2036,,,,,,,103.10,15/11/2006,,,,,,,,,,IL0011109159,1063,3435000.26000,2896080.38000,לא
או פי סי  אגח ב,אפסא.ק2,1166057,איגרות חוב,121.73,0.07,900.36,סוף יום,121.64,121.64,121.77,121.60,0.09,,סוף יום,0.2,3.5,141,739605,297916,4100,1650000,,,244735219,,,,מדד המחירים לצרכן,2.75000,01/10/2028,,,,,,,100.70,15/04/2020,,,,,,,,,,IL0011660573,1682,379506.55500,324925.86500,לא
או פי סי אנרגיה,אפסא,1141571, מניות,10120.00,4.75,27042.78,סוף יום,9661.00,9803.00,10180.00,9684.00,459.00,,סוף יום,1.8,35.7,2513,270830,31394527,5,20000,,,310222600,,,,,,,,,,,,,,,,,,,,,,,,IL0011415713,1682
או.אר.טי,ארטכ,1086230, מניות,790.00,0.00,0.00,סוף יום,790.00,790.00,0.00,0.00,0.00,,סוף יום,-1.5,2.2,0,0,35305,62,120000,,,4468996,,,,,,,,,,,,,,,,,,,,,,,,IL0010862303,1135
או.פי.סי  אגח ג,אפסא.ק3,1180355,איגרות חוב,96.06,0.02,115.19,סוף יום,96.04,96.04,96.18,96.04,0.02,,סוף יום,0.2,3.8,65,119912,506693,5200,2090000,,,527475540,,,,לא צמוד,2.50000,01/09/2030,,,,,,,,,,,,,,,,,,IL0011803553,1682,856888.88500,593907.99500,לא
או.פי.סי  אגח ד,אפסא.ק4,1203264,איגרות חוב,111.91,0.07,1189.38,סוף יום,111.83,111.83,111.99,111.83,0.08,,סוף יום,0.0,4.6,88,1062689,718282,4500,1790000,,,641838600,,,,לא צמוד,6.20000,25/09/2034,,,,,,,,,,,,,,,,,,IL0012032640,1682,1376768.77000,1375988.37500,לא
או.פי.סי  אגח ה,אפסא.ק5,1246214,איגרות חוב,99.51,0.02,593.93,סוף יום,99.49,99.49,99.54,99.47,0.02,,סוף יום,0.1,-0.5,32,596944,597060,5000,1010000,,,600000000,,,,לא צמוד,4.56000,25/08/2037,,,,,,,,,,,,,,,,,,IL0012462144,1682,2981100.47500,2981100.47500,כן
אוברסיז,אובר,1139617, מניות,594.30,-0.47,6.76,סוף יום,597.10,597.10,597.00,578.10,-2.80,,סוף יום,0.1,3.1,11,1137,328566,84,170000,,,55286235,,,,,,,,,,,,,,,,,,,,,,,,IL0011396178,1671
אודיוקודס,אודק,1082965, מניות,3072.00,0.79,614.95,סוף יום,3048.00,3048.00,3085.00,3048.00,24.00,,סוף יום,1.3,16.6,273,19994,741974,16,33000,,,24152794,NASDAQ GSM,,,,,,,,,,,,,,,,,,,,,,,IL0010829658,2134
אודיסייט,אודס,1239185, מניות,1124.00,-3.19,7.12,סוף יום,1161.00,1161.00,1139.00,1111.00,-37.00,,סוף יום,1.4,-45.9,10,634,227547,45,90000,,,20244405,NASDAQ-GM,,,,,,,,,,,,,,,,,,,,,,,US81063V2043,2543
אוטומקס,אמקס,1131697, מניות,10.80,0.00,0.00,סוף יום,10.80,,0.00,0.00,0.00,,סוף יום,0.0,0.0,0,0,11199,4600,5180000,,,103691969,,,18/09/2025,,,,,,,,,,,,,,,,,,,,,IL0011316978,2280
אוטומקס   אגח ג,אמקס.ק3,1221761,איגרות חוב,79.90,0.00,0.00,סוף יום,79.90,,0.00,0.00,0.00,,סוף יום,0.0,0.0,0,0,59408,6300,1250000,,,74353000,,,18/09/2025,לא צמוד,8.00000,31/12/2029,,,,,,,,,,,,,,,,,,IL0012217613,2280,0.00000,0.00000,לא
אוטונומוס,אגרד,1083419, מניות,828.90,1.09,8.56,סוף יום,820.00,820.00,838.20,826.40,8.90,,סוף יום,4.8,-31.8,7,1033,61079,63,130000,,,7368645,,,,,,,,,,,,,,,,,,,,,,,,IL0010834195,1082
אוטונומוס  אג 1,אגרד.ה1,1223031, איגרות חוב להמרה ,89.70,0.34,110.98,סוף יום,89.40,89.40,90.00,88.20,0.30,,סוף יום,-3.2,-0.1,5,123928,51042,540,540000,,,56902904,,,,לא צמוד,4.30000,31/12/2029,אוטונומוס,01083419,IL0010834195,17.0000000,828.90,21/12/2029,,,,,,,,,,,,IL0012230319,1082
אולטרייד,אול,1236967, מניות,3441.00,-0.35,2.37,סוף יום,3453.00,3453.00,3499.00,3432.00,-12.00,,סוף יום,8.4,33.6,3,69,601315,16,32000,,,17475000,,,,,,,,,,,,,,,,,,,,,,,,IL0012369679,2535
אולמד סולושנס,אלמד,1101450, מניות,30.40,0.00,0.00,סוף יום,30.40,30.40,0.00,0.00,0.00,,סוף יום,-4.1,-5.3,0,0,30779,1600,3150000,,,101245803,,,,,,,,,,,,,,,,,,,,,,,,IL0011014508,1393
אוסטרליה ישראל,אסיש,1080522, מניות,1301.00,0.00,1.30,סוף יום,1301.00,1301.00,1301.00,1301.00,0.00,,סוף יום,-5.8,-18.7,1,100,75148,36,72000,,,5776195,,,,,,,,,,,,,,,,,,,,,,,,IL0010805229,1001
אופל בלאנס,אופל,1094986, מניות,306.20,-1.45,48.03,סוף יום,310.70,304.00,317.00,303.90,-4.50,,סוף יום,-4.2,-9.4,24,15683,320303,160,310000,,,104605766,,,,,,,,,,,,,,,,,,,,,,,,IL0010949860,1287
אופל בלאנס אגחד,אופל.ק4,1220839,איגרות חוב,102.07,0.00,0.00,סוף יום,102.07,102.07,0.00,0.00,0.00,,סוף יום,0.1,3.8,0,0,67742,4900,980000,,,66368000,,,,לא צמוד,5.50000,30/06/2030,,,,,,,,,,,,,,,,,,IL0012208398,1287,14843.11500,21523.85500,לא
אופק השק  אגח א,אופק.ק1,1223908,איגרות חוב,84.00,0.00,0.00,סוף יום,84.00,84.00,0.00,0.00,0.00,,סוף יום,-0.6,-10.9,0,0,53760,5900,1180000,,,64000000,,,,לא צמוד,8.04000,30/06/2028,,,,,,,,,,,,,,,,,,IL0012239088,2488,16031.10000,46148.99500,לא
אופקו הלת',אפקו,1129543, מניות,487.00,-3.39,558.48,סוף יום,504.10,504.10,504.10,484.00,-17.10,,סוף יום,11.3,19.4,310,114182,3216681,110,230000,,,660509463,NASDAQ GSM,,,,,,,,,,,,,,,,,,,,,,,US68375N1037,1610
אורבניקה,ארבק,1220755, מניות,762.90,1.86,13.05,סוף יום,749.00,749.00,772.60,752.70,13.90,,סוף יום,4.5,-9.1,19,1711,1077829,69,140000,,,141280500,,,,,,,,,,,,,,,,,,,,,,,,IL0012207556,2381
אורד,אורד,1104496, מניות,187.20,0.75,48.46,סוף יום,185.80,187.80,189.90,187.00,1.40,,סוף יום,-3.9,31.5,16,25842,174669,260,510000,,,93305830,,,,,,,,,,,,,,,,,,,,,,,,IL0011044968,1451
אורה סמארט-ש,אורה-ש,1176619, מניות,720.00,-49.12,17.63,סוף יום,1415.00,1415.00,720.00,720.00,-695.00,,סוף יום,-2.7,-57.6,2,2448,7713,68,54000,,,1071236,,27/08/2023,,,,,,,,,,,,,,,,,,,,,,IL0011766198,1899
אורון קב  אגח ג,אורנ.ק3,1197763,איגרות חוב,106.41,0.08,99.11,סוף יום,106.33,106.33,106.45,106.33,0.08,,סוף יום,0.0,4.4,28,93134,294065,4700,1880000,,,276350998,,,,לא צמוד,8.00000,01/07/2029,,,,,,,,,,,,,,,,,,IL0011977639,1644,303707.00500,287638.81500,לא
אורון קבוצה,אורנ,1135706, מניות,3224.00,-2.15,868.47,סוף יום,3295.00,3295.00,3295.00,3183.00,-71.00,,סוף יום,2.0,133.6,229,26930,2308818,16,32000,,,71613468,,,,,,,,,,,,,,,,,,,,,,,,IL0011357063,1644
אוריון,ארנמ,1232750, מניות,181.10,0.44,265.52,סוף יום,180.30,180.30,182.80,178.40,0.80,,סוף יום,7.5,-34.8,41,146879,92600,300,590000,,,51131900,,,,,,,,,,,,,,,,,,,,,,,,IL0012327503,2518
אוריון     אפ 1,ארנמ.א1,1243153, כתבי אופציה ,17.30,0.00,0.00,סוף יום,17.30,17.30,0.00,0.00,0.00,,סוף יום,0.0,-31.9,0,0,3715,300,1070000,,,21473925,,,,,,,,,,,,,,,250.0000000 ,250.0000000,לא צמוד,08/06/2027,1.0000000,אוריון,181.10,,,IL0012431537,2518
אוריון     אפ 2,ארנמ.א2,1243161, כתבי אופציה ,19.80,0.00,0.00,סוף יום,19.80,19.80,0.00,0.00,0.00,,סוף יום,0.0,-43.4,0,0,4252,300,1070000,,,21473925,,,,,,,,,,,,,,,275.0000000 ,275.0000000,לא צמוד,08/06/2028,1.0000000,אוריון,181.10,,,IL0012431610,2518
אוריון נכס אגחא,ארנמ.ק1,1232768,איגרות חוב,104.45,0.26,109.83,סוף יום,104.18,104.18,104.70,104.18,0.27,,סוף יום,-0.5,5.7,15,105143,1232510,4800,950000,,,1180000000,,,,מדד המחירים לצרכן,4.38000,30/09/2029,,,,,,,104.10,15/11/2025,,,,,,,,,,IL0012327685,2518,293185.01500,169216.70000,לא
אוריון נכס אגחב,ארנמ.ק2,1232776,איגרות חוב,95.18,0.00,28.71,סוף יום,95.18,95.18,95.18,95.18,0.00,,סוף יום,0.0,11.9,7,30167,190360,5300,1050000,,,200000000,,,,לא צמוד,5.50000,30/06/2030,,,,,,,,,,,,,,,,,,IL0012327768,2518,30927.15500,18548.46000,לא
אוריין,אורן,1103506, מניות,2542.00,0.08,128.09,סוף יום,2540.00,2540.00,2550.00,2542.00,2.00,,סוף יום,3.8,-3.3,15,5039,457775,20,41000,,,18008461,,,,,,,,,,,,,,,,,,,,,,,,IL0011035065,1425
אוריין     אפ 1,אורן.א1,1234897, כתבי אופציה ,260.10,13.14,5.21,סוף יום,229.90,310.00,310.00,260.00,30.20,,סוף יום,33.4,-50.2,5,2003,3277,20,63000,,,1260000,,,,,,,,,,,,,,,3700.0000000 ,3700.0000000,לא צמוד,02/08/2028,1.0000000,אוריין,2542.00,,,IL0012348970,1425
אוריין    אגח ב,אורן.ק2,1143379,איגרות חוב,99.84,0.00,0.00,סוף יום,99.84,99.84,0.00,0.00,0.00,,סוף יום,0.0,1.7,0,0,21779,5000,1000000,,,21813750,,,,לא צמוד,3.25000,31/12/2026,,,,,,,,,,,,,,,,,,IL0011433799,1425,0.00000,0.00000,לא
אוריין    אגח ג,אורן.ק3,1234889,איגרות חוב,98.72,0.00,0.00,סוף יום,98.72,98.72,0.00,0.00,0.00,,סוף יום,-0.3,5.4,0,0,88848,5100,1010000,,,90000000,,,,לא צמוד,3.80000,31/03/2032,,,,,,,,,,,,,,,,,,IL0012348897,1425,5403.01500,0.00000,לא
אורמד פארמ,ארמד,1141324, מניות,1504.00,-0.33,50.18,סוף יום,1509.00,1509.00,1541.00,1442.00,-5.00,,סוף יום,0.7,76.0,16,3335,606698,33,67000,,,40338979,NASDAQ-CM,,,,,,,,,,,,,,,,,,,,,,,US68403P2039,1691
אורמת טכנו,ארמת,1134402, מניות,31940.00,1.04,16044.78,סוף יום,31610.00,31570.00,32280.00,31570.00,330.00,,סוף יום,4.0,-8.6,1694,50183,18065133,2,6500,,,56559590,NYSE,,,,,,,,,,,,,,,,,,,,,,,US6866881021,2250
אורשי אגח ה,ארשי.ק5,1209014,איגרות חוב,102.98,0.09,40.20,סוף יום,102.89,102.89,103.10,102.89,0.09,,סוף יום,0.1,3.0,55,39031,140386,4900,1940000,,,136323999,,,,לא צמוד,7.05055,31/12/2027,,,,,,,,,,,,,,,,,,IL0012090143,1696,164092.28000,94048.12500,לא
אזורים,אזרם,715011, מניות,1832.00,1.50,10945.21,סוף יום,1805.00,1779.00,1837.00,1779.00,27.00,,סוף יום,8.7,0.1,763,599678,4027266,30,59000,,,219828904,,,,,,,,,,,,,,,,,,,,,,,,IL0007150118,715
אזורים   אגח 13,אזרם.ק13,7150410,איגרות חוב,100.03,0.00,1.96,סוף יום,100.03,100.03,100.03,100.03,0.00,,סוף יום,0.1,3.2,9,1959,138784,5000,1000000,,,138742816,,,,לא צמוד,2.95000,31/12/2026,,,,,,,,,,,,,,,,,,IL0071504109,715,81360.01500,50307.59500,לא
אזורים   אגח 14,אזרם.ק14,7150444,איגרות חוב,98.73,0.00,165.27,סוף יום,98.73,98.53,98.74,98.53,0.00,,סוף יום,0.2,3.6,77,167498,531328,5100,2030000,,,538162800,,,,לא צמוד,2.55000,31/12/2028,,,,,,,,,,,,,,,,,,IL0071504448,715,689027.96500,716648.10000,לא
אזורים   אגח 15,אזרם.ק15,7150451,איגרות חוב,112.21,0.08,8.74,סוף יום,112.12,112.12,112.32,112.12,0.09,,סוף יום,0.3,3.4,51,7792,161614,4500,1790000,,,144028500,,,,מדד המחירים לצרכן,0.10000,01/07/2029,,,,,,,100.90,15/05/2021,,,,,,,,,,IL0071504513,715,111023.39000,44784.06500,לא
אזורים   אגח 16,אזרם.ק16,1223486,איגרות חוב,105.95,0.08,606.17,סוף יום,105.87,105.87,105.98,105.87,0.08,,סוף יום,0.2,3.9,108,572244,681747,4700,1890000,,,643461000,,,,לא צמוד,5.77000,30/06/2032,,,,,,,,,,,,,,,,,,IL0012234865,715,1084843.97000,1915102.37500,לא
אזורים מיר אגחא,אזמז.ק1,1242981,איגרות חוב,102.96,0.06,162.81,סוף יום,102.90,102.90,102.98,102.90,0.06,,סוף יום,0.2,3.0,50,158160,288288,4900,1950000,,,280000000,,,,לא צמוד,5.10000,31/12/2031,,,,,,,,,,,,,,,,,,IL0012429812,2549,216686.72500,506283.38500,כן
אטראו שוקי הון,אטרא,1096106, מניות,6772.00,0.37,494.79,סוף יום,6747.00,6800.00,6820.00,6730.00,25.00,,סוף יום,1.3,-15.9,163,7287,997077,7,15000,,,14723520,,,,,,,,,,,,,,,,,,,,,,,,IL0010961063,1307
אי.אס.איי אגח א,יסאא.ק1,1234574,איגרות חוב,101.97,0.07,1.77,סוף יום,101.90,101.90,101.98,101.98,0.07,,סוף יום,0.0,4.9,5,1739,122826,4900,980000,,,120453000,,,,לא צמוד,6.24000,31/12/2029,,,,,,,,,,,,,,,,,,IL0012345745,2524,7084.49000,24316.65000,לא
אי.טי.ג'י.איי,אטגא,1176114, מניות,2029.00,1.35,1967.66,סוף יום,2002.00,2002.00,2186.00,2010.00,27.00,,סוף יום,1.3,-23.5,379,96577,450100,25,50000,,,22183356,,,,,,,,,,,,,,,,,,,,,,,,IL0011761140,1912
איביאי בית השק,אבא,175018, מניות,46990.00,1.05,7352.33,סוף יום,46500.00,45810.00,47490.00,45790.00,490.00,,סוף יום,11.6,61.3,2067,15665,6644188,1,2400,,,14139578,,,,,,,,,,,,,,,,,,,,,,,,IL0001750186,175
איביאי חיתום,אבאנ,1084482, מניות,989.80,-3.90,531.60,סוף יום,1030.00,1030.00,1035.00,980.00,-40.20,,סוף יום,0.6,-1.7,123,53170,318287,51,100000,,,32156693,,,,,,,,,,,,,,,,,,,,,,,,IL0010844822,1106
איביאי סילבר,אבאס,1097054, מניות,3205.00,0.00,0.00,סוף יום,3205.00,3205.00,0.00,0.00,0.00,,סוף יום,-6.6,270.9,0,0,58507,15,29000,,,1825505,,,,,,,,,,,,,,,,,,,,,,,,IL0010970544,1320
איביאי פק אגח א,אבאפ.ק1,1218676,איגרות חוב,107.96,0.01,0.33,סוף יום,107.95,107.95,107.99,107.99,0.01,,סוף יום,0.1,3.2,2,305,1187560,4600,930000,,,1100000000,,,,לא צמוד,,05/03/2035,,,,,,,,,,,,,,,,,,IL0012186768,2467,311249.68000,75729.31000,לא
איביאי פק אגח ב,אבאפ.ק2,1221720,איגרות חוב,106.05,0.06,87.57,סוף יום,105.99,105.99,106.05,106.04,0.06,,סוף יום,0.2,3.0,7,82571,505423,4700,950000,,,476589000,,,,לא צמוד,,16/05/2035,,,,,,,,,,,,,,,,,,IL0012217209,2467,60726.57000,32375.24500,לא
איביאי פק אגח ג,אבאפ.ק3,1223692,איגרות חוב,106.41,0.06,53.44,סוף יום,106.35,106.35,106.50,106.40,0.06,,סוף יום,0.0,3.1,5,50221,851280,4700,940000,,,800000000,,,,לא צמוד,,24/06/2035,,,,,,,,,,,,,,,,,,IL0012236928,2467,38291.55000,365.94500,לא
איביאי פק אגח ד,אבאפ.ק4,1227719,איגרות חוב,105.66,0.01,0.38,סוף יום,105.65,105.65,105.70,105.70,0.01,,סוף יום,0.1,3.7,2,359,1373580,4700,950000,,,1300000000,,,,לא צמוד,,27/08/2035,,,,,,,,,,,,,,,,,,IL0012277195,2467,55252.85500,91636.04500,לא
איביאי פק אגח ה,אבאפ.ק5,1230226,איגרות חוב,104.17,0.00,0.15,סוף יום,104.17,104.17,104.17,104.17,0.00,,סוף יום,0.1,3.2,2,141,527667,4800,960000,,,506544000,,,,לא צמוד,,21/10/2035,,,,,,,,,,,,,,,,,,IL0012302266,2467,117186.09000,28894.38500,לא
איביאי פק אגח ו,אבאפ.ק6,1235894,איגרות חוב,102.53,0.00,0.17,סוף יום,102.53,102.53,102.58,102.58,0.00,,סוף יום,0.1,2.5,2,166,615183,4900,980000,,,600003000,,,,לא צמוד,,04/02/2036,,,,,,,,,,,,,,,,,,IL0012358946,2467,5949.86000,8629.01500,לא
איביאי פק אגח ז,אבאפ.ק7,1239458,איגרות חוב,101.58,0.00,0.24,סוף יום,101.58,101.58,101.58,101.58,0.00,,סוף יום,0.0,1.6,2,235,863430,4900,980000,,,850000000,,,,לא צמוד,,20/04/2036,,,,,,,,,,,,,,,,,,IL0012394586,2467,50819.35000,68969.78000,לא
איביאי פק אגח ח,אבאפ.ק8,1242452,איגרות חוב,100.25,0.00,0.10,סוף יום,100.25,100.25,100.26,100.26,0.00,,סוף יום,0.5,0.3,2,104,756880,5000,1000000,,,754993000,,,,לא צמוד,,03/06/2032,,,,,,,,,,,,,,,,,,IL0012424524,2467,314.00000,3082.94500,לא
איביאי רב אגח א,אבאר.ק1,1245125,איגרות חוב,100.86,0.03,100.86,סוף יום,100.83,100.83,100.91,100.84,0.03,,סוף יום,0.1,0.9,4,100000,958170,5000,990000,,,950000000,,,,לא צמוד,,21/07/2036,,,,,,,,,,,,,,,,,,IL0012451253,2580,100560.00000,100602.00000,לא
אידומו,אדמו,1176346, מניות,415.60,2.90,2.18,סוף יום,403.90,415.60,415.60,415.60,11.70,,סוף יום,6.5,18.8,4,524,74337,130,260000,,,17886725,,,,,,,,,,,,,,,,,,,,,,,,IL0011763468,1890
איה ניורק אגח א,איה.ק1,1236280,איגרות חוב,84.23,0.36,818.85,סוף יום,83.93,83.93,84.89,83.90,0.30,,סוף יום,-1.2,-13.0,47,974918,245984,5900,1170000,,,292038000,,,,לא צמוד,7.70000,31/12/2029,,,,,,,,,,,,,,,,,,IL0012362807,2527,90871.27500,106224.43000,לא
איי ארגנטו יהש,ארגנ,1173343,יחידת השתתפות,111.40,-3.30,2.90,סוף יום,115.20,115.20,111.40,111.40,-3.80,,סוף יום,0.5,9.2,1,2600,6151,450,280000,,,5521300,,,,,,,,,,,,,,,,,,,,,,,,IL0011733438,1842
איי.סי.אל,איסל,281014, מניות,1765.00,0.97,14146.32,סוף יום,1748.00,1768.00,1783.00,1747.00,17.00,,סוף יום,4.4,-0.9,2408,801273,22781179,29,120000,,,1290718361,NYSE,,,,,,,,,,,,,,,,,,,,,,,IL0002810146,281
אייאיאס,איאס,431015, מניות,77500.00,0.78,2671.08,סוף יום,76900.00,76900.00,78320.00,76490.00,600.00,,סוף יום,11.5,86.9,1051,3442,4507444,1,1400,,,5816057,,,,,,,,,,,,,,,,,,,,,,,,IL0004310152,431
איידיאיי ביטוח,אדבט,1129501, מניות,27400.00,0.04,3429.91,סוף יום,27390.00,27390.00,27590.00,27240.00,10.00,,סוף יום,4.3,21.1,800,12522,4052462,2,3800,,,14790009,,,,,,,,,,,,,,,,,,,,,,,,IL0011295016,1608
איידיאייהנ הת ו,אדאה.ק6,1183037,איגרות חוב,96.85,0.14,72.41,סוף יום,96.71,96.71,96.87,96.71,0.14,,סוף יום,0.4,4.0,67,74757,159221,5200,2070000,,,164400000,,,,לא צמוד,2.18000,15/12/2031,,,,,,,,,,,,,,,,,,IL0011830374,1566,187246.18000,199594.80500,לא
איידיאייהנ הת ז,אדאה.ק7,1229350,איגרות חוב,107.27,0.00,35.10,סוף יום,107.27,107.27,107.27,107.27,0.00,,סוף יום,0.0,4.7,68,32717,365367,4700,1870000,,,340605000,,,,לא צמוד,5.13000,23/09/2035,,,,,,,,,,,,,,,,,,IL0012293507,1566,425001.30000,252529.89500,לא
איידנטי,אדנט,1177450, מניות,164.80,-1.96,6.26,סוף יום,168.10,168.10,166.70,164.60,-3.30,,סוף יום,-6.3,-3.3,3,3801,24344,280,570000,,,14771812,,,,,,,,,,,,,,,,,,,,,,,,IL0011774507,1921
איידנטי    אפ 4,אדנט.א4,1217785, כתבי אופציה ,25.00,0.00,0.00,סוף יום,25.00,25.00,0.00,0.00,0.00,,סוף יום,0.0,-25.6,0,0,180,280,36000,,,721144,,,,,,,,,,,,,,,670.0000000 ,670.0000000,לא צמוד,22/02/2027,1.0000000,איידנטי,164.80,,,IL0012177858,1921
איילון,אילון,209015, מניות,18360.00,-1.87,12055.76,סוף יום,18710.00,18750.00,18850.00,18200.00,-350.00,,סוף יום,6.9,115.1,1465,65219,5209132,3,5800,,,28372177,,,,,,,,,,,,,,,,,,,,,,,,IL0002090152,209
איילון התח נד ו,אלן.ק6,1242700,איגרות חוב,100.18,0.16,378.91,סוף יום,100.02,100.02,100.25,100.02,0.16,,סוף יום,0.4,0.2,29,378091,350630,10000,1000000,,,350000000,,,,לא צמוד,4.85000,30/06/2076,,,,,,,,,,,,,,,,,,IL0012427006,209,1252646.67000,1206479.33500,לא
אייסיאל   אגח ז,איסל.ק7,2810372,איגרות חוב,89.74,0.01,329.52,סוף יום,89.73,89.73,89.75,89.70,0.01,,סוף יום,0.2,4.1,85,367195,1379282,5600,2230000,,,1536975294,,,,לא צמוד,2.40000,31/12/2034,,,,,,,,,,,,,,,,,,IL0028103724,281,1621503.46500,1268788.85500,לא
אייקון גרופ,איקן,1182484, מניות,667.40,-0.54,8.76,סוף יום,671.00,671.00,670.90,656.40,-3.60,,סוף יום,-4.5,38.7,9,1312,383031,72,140000,,,57391549,,,,,,,,,,,,,,,,,,,,,,,,IL0011824849,1993
אייראנג'י טק,ארנג,1105907, מניות,589.80,-0.64,28.84,סוף יום,593.60,593.60,599.80,577.00,-3.80,,סוף יום,-1.1,45.0,17,4889,163135,84,170000,,,27659394,,,,,,,,,,,,,,,,,,,,,,,,IL0011059073,1473
אילקס מדיקל,אילקס,1080753, מניות,5117.00,0.08,3.84,סוף יום,5113.00,5113.00,5129.00,5087.00,4.00,,סוף יום,1.7,-20.6,9,75,572495,10,20000,,,11188107,,,,,,,,,,,,,,,,,,,,,,,,IL0010807530,1019
אימאג'סט,אימג,1183813, מניות,1041.00,0.39,126.65,סוף יום,1037.00,1037.00,1078.00,990.00,4.00,,סוף יום,7.8,-24.3,73,12185,640737,52,100000,,,61550151,,,,,,,,,,,,,,,,,,,,,,,,IL0011838138,2357
אימד       אפ 1,אימד.א1,1219161, כתבי אופציה ,20.40,0.00,0.00,סוף יום,20.40,20.40,0.00,0.00,0.00,,סוף יום,0.0,0.0,0,0,285,560,70000,,,1395108,,,,,,,,,,,,,,,90.0000000 ,90.0000000,לא צמוד,28/09/2026,1.0000000,אימד יהש,115.30,,,IL0012191610,1833
אימד יהש,אימד,1171230,יחידת השתתפות,115.30,13.48,31.91,סוף יום,101.60,101.60,145.30,105.00,13.70,,סוף יום,30.1,-5.4,21,27684,7869,560,340000,,,6825216,,,,,,,,,,,,,,,,,,,,,,,,IL0011712309,1833
אימקו,אמקו,282012, מניות,2525.00,-1.29,201.76,סוף יום,2558.00,2578.00,2590.00,2500.00,-33.00,,סוף יום,-2.5,-69.8,87,7932,127707,19,39000,,,5057715,,,,,,,,,,,,,,,,,,,,,,,,IL0002820129,282
אינטר תעשיות,אנתע,1080928, מניות,416.80,-0.48,47.80,סוף יום,418.80,418.80,418.80,407.20,-2.00,,סוף יום,-1.4,70.5,16,11512,195631,120,240000,,,46936379,,,,,,,,,,,,,,,,,,,,,,,,IL0010809288,1028
אינטרגאמא,אנטר,174011, מניות,4959.00,0.00,0.00,סוף יום,4959.00,4959.00,0.00,0.00,0.00,,סוף יום,0.0,-38.0,0,0,102114,10,20000,,,2059159,,,,,,,,,,,,,,,,,,,,,,,,IL0001740112,174
אינטרקיור,אנקר,1106376, מניות,1662.00,2.47,87.08,סוף יום,1622.00,1622.00,1700.00,1620.00,40.00,,סוף יום,-7.4,2.7,33,5273,196876,28,56000,,,11845711,NASDAQ-GM,,,,,,,,,,,,,,,,,,,,,,,IL0011063760,1480
אינפליי,איפו,1236207, מניות,3986.00,0.00,0.00,סוף יום,3986.00,3986.00,0.00,0.00,0.00,,סוף יום,-0.6,55.7,0,0,1110409,12,25000,,,27857716,TORONTO TSX,,,,,,,,,,,,,,,,,,,,,,,CA45780T4046,2530
אינפליי   אגח א,איפו.ק1,1236249,איגרות חוב,101.78,0.37,1705.86,סוף יום,101.40,101.40,101.80,101.39,0.38,,סוף יום,0.3,3.9,61,1677044,559790,4900,1970000,,,550000000,,,,לא צמוד,3.11500,15/12/2030,,,,,,,,,,,,,,,,,,IL0012362492,2530,435752.70000,288800.59000,לא
אינרום,אנרם,1132356, מניות,2695.00,0.52,2967.68,סוף יום,2681.00,2693.00,2740.00,2681.00,14.00,,סוף יום,6.7,24.5,1452,109685,4027027,19,37000,בלי דיבידנד,0.99481,149425870,,,,,,,,,,,,,,,,,,,,,,,,IL0011323560,1616
אינרום    אגח א,אנרם.ק1,1230614,איגרות חוב,102.49,0.03,21.97,סוף יום,102.46,102.46,102.53,102.45,0.03,,סוף יום,0.2,4.4,47,21432,172183,4900,1960000,,,168000000,,,,לא צמוד,4.56000,30/06/2036,,,,,,,,,,,,,,,,,,IL0012306143,1616,157759.83000,131831.58000,לא
איסתא,אסתא,1081074, מניות,9678.00,-0.23,308.38,סוף יום,9700.00,9321.00,9759.00,9321.00,-22.00,,סוף יום,8.7,-10.0,112,3185,1612866,6,11000,,,16665287,,,,,,,,,,,,,,,,,,,,,,,,IL0010810740,1036
איסתא אג א,אסתא.ה1,1197128, איגרות חוב להמרה ,109.10,0.00,0.00,סוף יום,109.10,109.10,0.00,0.00,0.00,,סוף יום,1.5,-4.3,0,0,327300,470,470000,,,300000000,,,,לא צמוד,4.85000,30/06/2028,איסתא,01081074,IL0010810740,97.6213200,9678.00,20/06/2028,,,,,,,,,,,,IL0011971285,1036
איסתא נכס אגח א,איסנ.ק1,1232867,איגרות חוב,101.95,0.00,16.34,סוף יום,101.95,101.95,101.95,101.53,0.00,,סוף יום,0.3,3.7,6,16024,219710,4900,980000,,,215508000,,,,לא צמוד,5.42000,30/06/2033,,,,,,,,,,,,,,,,,,IL0012328675,2520,39955.44500,19495.38500,לא
אירודרום קבוצה,ארדמ,363010, מניות,91.70,-0.43,278.12,סוף יום,92.10,92.60,93.90,90.70,-0.40,,סוף יום,0.8,251.3,119,301687,152912,550,1100000,,,166752537,,,,,,,,,,,,,,,,,,,,,,,,IL0003630105,363
אל על,אלעל,1087824, מניות,1714.00,-1.32,12117.05,סוף יום,1737.00,1719.00,1740.00,1711.00,-23.00,,סוף יום,0.5,8.2,1325,703085,10142606,29,59000,,,591750624,,,,,,,,,,,,,,,,,,,,,,,,IL0010878242,1152
אלארום,אלאר,1083856, מניות,42.50,2.66,112.59,סוף יום,41.40,41.00,43.80,40.00,1.10,,סוף יום,-11.6,-84.9,83,272462,31233,1000,2080000,,,73488259,NASDAQ-CM,,,,,,,,,,,,,,,,,,,,,,,IL0010838568,1091
אלביט מע' אגח ב,אלבמע.ק2,1178235,איגרות חוב,95.71,0.05,152.33,סוף יום,95.66,95.66,95.78,95.62,0.05,,סוף יום,0.3,2.9,68,159159,538369,5200,2100000,,,562500001,,,,לא צמוד,1.08000,01/07/2029,,,,,,,,,,,,,,,,,,IL0011782351,1040,961043.23500,773653.12000,לא
אלביט מע' אגח ג,אלבמע.ק3,1178250,איגרות חוב,89.44,0.48,695.07,סוף יום,89.01,89.01,89.44,89.01,0.43,,סוף יום,1.6,-0.5,6,777245,67080,5700,1140000,,,75000000,,,,דולר,2.12000,01/07/2029,,,,,,,,05/07/2021,,,,,,,,,,IL0011782500,1040,61118.22000,40358.86500,לא
אלביט מע' אגח ד,אלבמע.ק4,1178268,איגרות חוב,86.17,0.81,60.79,סוף יום,85.48,85.48,86.48,85.48,0.69,,סוף יום,1.4,-0.9,22,70687,110815,5900,2350000,,,128600000,,,,דולר,2.67000,01/07/2035,,,,,,,,05/07/2021,,,,,,,,,,IL0011782682,1040,278539.67000,143430.30000,לא
אלביט מערכות,אלבמע,1081124, מניות,212360.00,0.23,42218.28,סוף יום,211870.00,211870.00,214300.00,211150.00,490.00,,סוף יום,0.7,15.9,2500,19897,99514361,1,950,,,46861161,NASDAQ GSM,,,,,,,,,,,,,,,,,,,,,,,IL0010811243,1040
אלביט נד אגח י,אלנל.ק10,1226968,איגרות חוב,102.55,0.21,270.38,סוף יום,102.34,102.34,102.55,102.55,0.21,,סוף יום,0.2,8.6,3,263658,61530,4900,980000,,,60000000,,,,לא צמוד,6.99000,31/12/2029,,,,,,,,,,,,,,,,,,IL0012269689,1039,1988.01500,15507.00000,לא
אלביט נד אגח יא,אלנל.ק11,1236314,איגרות חוב,100.58,0.10,101.99,סוף יום,100.48,100.48,100.80,99.35,0.10,,סוף יום,-1.1,0.6,7,101845,67892,4900,980000,,,67500000,,,,לא צמוד,7.30000,30/06/2030,,,,,,,,,,,,,,,,,,IL0012363144,1039,63398.07000,66115.84500,לא
אלביט נדל''ן,אלנל,1081116, מניות,441.50,1.22,3.56,סוף יום,436.20,436.20,453.60,436.00,5.30,,סוף יום,7.8,-8.8,2,807,69236,120,240000,,,15681951,OTC,,,,,,,,,,,,,,,,,,,,,,,IL0010811169,1039
אלבן השק  אגח א,אלבן.ק1,1235779,איגרות חוב,101.10,0.00,0.00,סוף יום,101.10,101.10,0.00,0.00,0.00,,סוף יום,0.0,2.4,0,0,103122,4900,990000,,,102000000,,,,מדד המחירים לצרכן,3.25000,30/06/2031,,,,,,,103.60,15/01/2026,,,,,,,,,,IL0012357799,491,8657.79000,15187.00000,לא
אלבר      אגח כ,אלבר.ק20,1191832,איגרות חוב,102.32,0.00,179.73,סוף יום,102.32,102.32,102.44,102.30,0.00,,סוף יום,0.1,3.5,78,175642,537383,4900,1960000,,,525197910,,,,לא צמוד,5.70000,20/06/2028,,,,,,,,,,,,,,,,,,IL0011918328,1382,465428.19500,385579.72000,לא
אלבר     אגח יז,אלבר.ק17,1158732,איגרות חוב,117.88,0.03,372.52,סוף יום,117.84,117.87,117.94,117.84,0.04,,סוף יום,0.0,3.9,39,316070,131975,4200,850000,,,111956688,,,,מדד המחירים לצרכן,1.85000,20/01/2027,,,,,,,101.70,15/06/2019,,,,,,,,,,IL0011587321,1382,122060.12000,107868.08500,לא
אלבר     אגח יח,אלבר.ק18,1158740,איגרות חוב,100.20,0.03,14.79,סוף יום,100.17,100.17,100.20,100.20,0.03,,סוף יום,0.1,3.3,3,14757,82539,5000,1000000,,,82374717,,,,לא צמוד,3.25000,13/01/2027,,,,,,,,,,,,,,,,,,IL0011587404,1382,101484.43500,61517.38000,לא
אלבר     אגח יט,אלבר.ק19,1191824,איגרות חוב,112.00,0.11,55.69,סוף יום,111.88,111.88,112.00,111.88,0.12,,סוף יום,0.5,3.7,61,49725,430049,4500,1790000,,,383971890,,,,מדד המחירים לצרכן,3.20000,15/05/2028,,,,,,,107.60,15/11/2022,,,,,,,,,,IL0011918245,1382,359117.49000,278592.82500,לא
אלבר     אגח כא,אלבר.ק21,1216027,איגרות חוב,106.09,0.22,1957.42,סוף יום,105.86,105.86,106.26,105.86,0.23,,סוף יום,0.7,4.2,112,1846323,699059,4700,1900000,,,658929722,,,,מדד המחירים לצרכן,3.15000,20/10/2032,,,,,,,108.70,15/12/2024,,,,,,,,,,IL0012160276,1382,938866.61500,1087847.45500,לא
אלבר     אגח כב,אלבר.ק22,1216035,איגרות חוב,103.41,0.05,337.45,סוף יום,103.36,103.36,103.49,103.36,0.05,,סוף יום,0.2,4.0,94,326224,1044892,4800,1940000,,,1010436291,,,,לא צמוד,5.45000,20/10/2032,,,,,,,,,,,,,,,,,,IL0012160359,1382,1796224.37000,1182553.56500,לא
אלדן תחבו אגח ו,אלדת.ק6,1161678,איגרות חוב,99.98,0.04,15.00,סוף יום,99.94,99.94,99.98,99.98,0.04,,סוף יום,0.2,3.2,2,15000,86448,5000,1000000,,,86465434,,,,לא צמוד,2.80000,30/12/2026,,,,,,,,,,,,,,,,,,IL0011616781,1636,40361.61500,33750.22500,לא
אלדן תחבו אגח ז,אלדת.ק7,1184779,איגרות חוב,114.09,0.01,41.02,סוף יום,114.08,114.08,114.10,114.08,0.01,,סוף יום,0.2,4.0,56,35949,184320,4400,1760000,,,161556500,,,,מדד המחירים לצרכן,1.00000,01/07/2029,,,,,,,102.80,15/02/2022,,,,,,,,,,IL0011847790,1636,142235.47500,145068.54000,לא
אלדן תחבו אגח ח,אלדת.ק8,1192442,איגרות חוב,113.79,0.00,66.03,סוף יום,113.79,113.79,113.79,113.79,0.00,,סוף יום,0.2,3.4,61,58027,475368,4400,1760000,,,417758850,,,,מדד המחירים לצרכן,3.23000,30/09/2029,,,,,,,107.70,15/12/2022,,,,,,,,,,IL0011924425,1636,316829.82000,276479.90500,לא
אלדן תחבו אגח ט,אלדת.ק9,1192459,איגרות חוב,104.64,0.11,17.40,סוף יום,104.53,104.53,104.64,104.53,0.11,,סוף יום,0.2,3.5,63,16631,407949,4800,1920000,,,389859116,,,,לא צמוד,5.65000,30/09/2030,,,,,,,,,,,,,,,,,,IL0011924599,1636,416689.80000,479813.73000,לא
אלדן תחבו אגח י,אלדת.ק10,1225283,איגרות חוב,104.89,0.07,279.49,סוף יום,104.82,104.82,105.20,104.82,0.07,,סוף יום,0.4,4.0,67,266231,345713,4800,1910000,,,329596200,,,,מדד המחירים לצרכן,3.04000,31/03/2033,,,,,,,102.80,15/06/2025,,,,,,,,,,IL0012252834,1636,637388.84500,433038.24500,לא
אלדן תחבו אגחיא,אלדת.ק11,1225291,איגרות חוב,103.66,0.02,570.48,סוף יום,103.64,103.64,103.87,103.56,0.02,,סוף יום,0.2,4.1,99,550250,674112,4800,1930000,,,650310300,,,,לא צמוד,4.95000,31/03/2033,,,,,,,,,,,,,,,,,,IL0012252917,1636,1661476.76000,1269278.78500,לא
אלדן תחבורה,אלדת,1134881, מניות,625.00,4.03,1021.11,סוף יום,600.80,600.80,625.00,605.00,24.20,,סוף יום,-2.0,-21.4,32,163614,632499,78,160000,,,101199878,,,,,,,,,,,,,,,,,,,,,,,,IL0011348815,1636
אלה  השק  אגח א,אלה.ק1,1189950,איגרות חוב,112.62,0.06,19.35,סוף יום,112.55,112.55,112.62,112.55,0.07,,סוף יום,0.1,4.0,65,17179,157464,4400,1780000,,,139819200,,,,מדד המחירים לצרכן,2.49000,01/07/2029,,,,,,,106.80,15/09/2022,,,,,,,,,,IL0011899502,504,89893.24500,71164.55500,לא
אלה פקדון אגח ה,אלפק.ק5,1162577,איגרות חוב,113.74,0.00,7.24,סוף יום,113.74,113.74,113.74,113.74,0.00,,סוף יום,0.3,4.3,1,6363,839272,4400,880000,,,737886065,,,,מדד המחירים לצרכן,0.05000,10/02/2031,,,,,,,100.80,15/01/2020,,,,,,,,,,IL0011625774,1697,19779.61500,2758.02000,לא
אלה פקדון אגח ו,אלפק.ק6,1189398,איגרות חוב,118.97,0.03,0.78,סוף יום,118.94,118.94,119.02,119.02,0.03,,סוף יום,0.1,2.8,2,656,3182835,4200,840000,,,2675326000,,,,לא צמוד,,31/12/2030,,,,,,,,,,,,,,,,,,IL0011893984,1697,35518.28000,3678.04000,לא
אלה פקדון אגח ט,אלפק.ק9,1197045,איגרות חוב,87.30,0.01,179.04,סוף יום,87.29,87.29,87.30,87.30,0.01,,סוף יום,2.2,-1.8,2,205085,54203,5900,1170000,,,62088672,,,,דולר,5.00000,31/12/2030,,,,,,,,19/06/2023,,,,,,,,,,IL0011970451,1697,0.00000,0.00000,לא
אלה פקדון אגח י,אלפק.ק10,1210384,איגרות חוב,109.91,0.02,0.80,סוף יום,109.89,109.89,109.95,109.95,0.02,,סוף יום,0.1,2.7,2,730,3268161,4600,910000,,,2973488000,,,,לא צמוד,,31/12/2034,,,,,,,,,,,,,,,,,,IL0012103847,1697,41715.93000,121421.07500,לא
אלה פקדון אגחיא,אלפק.ק11,1213453,איגרות חוב,109.33,0.02,0.47,סוף יום,109.31,109.31,109.41,109.41,0.02,,סוף יום,0.1,2.6,2,433,1928348,4600,920000,,,1763787000,,,,לא צמוד,,01/07/2035,,,,,,,,,,,,,,,,,,IL0012134537,1697,100517.37000,863.16500,לא
אלה פקדון אגחיב,אלפק.ק12,1217173,איגרות חוב,108.09,0.01,0.17,סוף יום,108.08,108.08,108.15,108.15,0.01,,סוף יום,0.1,2.7,2,153,676548,4600,930000,,,625912000,,,,לא צמוד,,01/07/2035,,,,,,,,,,,,,,,,,,IL0012171737,1697,86465.34500,145.17000,לא
אלוט,אלוט,1099654, מניות,2317.00,1.31,36.45,סוף יום,2287.00,2298.00,2326.00,2297.00,30.00,,סוף יום,-0.6,-26.2,36,1573,1144194,21,43000,,,49382549,NASDAQ GSM,,,,,,,,,,,,,,,,,,,,,,,IL0010996549,2252
אלומה      אג 1,אלום.ה1,1238518, איגרות חוב להמרה ,113.10,-0.18,321.40,סוף יום,113.30,113.30,113.30,112.20,-0.20,,סוף יום,2.4,12.9,23,284218,214890,450,450000,,,190000000,,,,לא צמוד,4.60000,30/06/2031,אלומה תשתיות,01181643,IL0011816431,1.1200000,105.90,20/06/2031,,,,,,,,,,,,IL0012385188,1978
אלומה     אופ 1,אלום.א1,1190925, כתבי אופציה ,8.00,-1.23,17.04,סוף יום,8.10,8.10,8.10,8.00,-0.10,,סוף יום,37.9,-14.9,9,212962,13214,510,8260000,,,165174200,,,,,,,,,,,,,,,100.0000000 ,100.0000000,לא צמוד,02/11/2026,1.0000000,אלומה תשתיות,105.90,,,IL0011909251,1978
אלומה תשתיות,אלומה,1181643, מניות,105.90,0.00,418.78,סוף יום,105.90,105.90,106.50,105.00,0.00,,סוף יום,7.0,24.6,92,394937,324872,510,1010000,,,306772380,,,,,,,,,,,,,,,,,,,,,,,,IL0011816431,1978
אלומיי,אלומ,1082635, מניות,6515.00,-0.15,189.57,סוף יום,6525.00,6525.00,6609.00,6468.00,-10.00,,סוף יום,7.3,-19.9,62,2908,897977,8,16000,,,13783230,NYSE - AMEX,,,,,,,,,,,,,,,,,,,,,,,IL0010826357,2101
אלומיי     אפ 2,אלומ.א2,1203082, כתבי אופציה ,375.80,2.40,0.29,סוף יום,367.00,367.00,459.80,340.00,8.80,,סוף יום,-0.5,-72.2,3,66,3833,8,51000,,,1020000,,,,,,,,,,,,,,,8000.0000000 ,8000.0000000,לא צמוד,05/01/2028,1.0000000,אלומיי,6515.00,,,IL0012030826,2101
אלומיי    אגח ו,אלומ.ק6,1203074,איגרות חוב,101.50,0.00,0.03,סוף יום,101.50,101.50,101.50,101.50,0.00,,סוף יום,-0.8,2.8,3,31,333012,4900,980000,,,328090736,,,,לא צמוד,5.66257,31/03/2030,,,,,,,,,,,,,,,,,,IL0012030743,2101,46031.87500,34716.39000,לא
אלומיי    אגח ז,אלומ.ק7,1217538,איגרות חוב,104.89,0.18,50.81,סוף יום,104.70,104.90,104.90,104.70,0.19,,סוף יום,0.9,7.1,8,48441,361324,4800,960000,,,344479000,,,,לא צמוד,6.37729,31/12/2032,,,,,,,,,,,,,,,,,,IL0012175381,2101,69249.89000,32923.59500,לא
אלומיי  אג ד,אלומ.ה4,1172956, איגרות חוב להמרה ,99.00,0.00,0.00,סוף יום,99.00,99.00,0.00,0.00,0.00,,סוף יום,0.5,3.7,0,0,61380,510,510000,,,62000000,,,,לא צמוד,1.20000,31/12/2026,אלומיי,01082635,IL0010826357,75.9500000,6515.00,21/12/2026,,,,,,,,,,,,IL0011729568,2101
אלון רבוע אגח ו,אלרכ.ק6,1169127,איגרות חוב,101.66,0.03,10.09,סוף יום,101.63,101.63,101.68,101.63,0.03,,סוף יום,0.1,3.3,4,9929,292868,4900,990000,,,288085404,,,,לא צמוד,3.90000,30/09/2026,,,,,,,,,,,,,,,,,,IL0011691271,2063,216421.08000,250152.65000,לא
אלון רבוע אגח ז,אלרכ.ק7,1183979,איגרות חוב,111.97,0.02,352.90,סוף יום,111.95,111.95,112.05,111.95,0.02,,סוף יום,0.3,3.7,69,315101,470072,4500,1790000,,,419819841,,,,מדד המחירים לצרכן,0.10000,01/07/2029,,,,,,,102.60,15/01/2022,,,,,,,,,,IL0011839797,2063,495117.51500,479978.99500,לא
אלון רבוע אגח ח,אלרכ.ק8,1197276,איגרות חוב,104.04,0.05,478.92,סוף יום,103.99,103.99,104.11,103.99,0.05,,סוף יום,0.2,4.0,106,460255,1561708,4800,1930000,,,1501064518,,,,לא צמוד,5.50000,30/06/2030,,,,,,,,,,,,,,,,,,IL0011972762,2063,1809660.58000,1368741.54000,לא
אלון רבוע אגח ט,אלרכ.ק9,1197284,איגרות חוב,110.62,0.10,4109.52,סוף יום,110.51,110.51,110.65,110.51,0.11,,סוף יום,0.4,4.2,156,3714990,1469729,4500,1810000,,,1328628889,,,,מדד המחירים לצרכן,3.00000,30/06/2030,,,,,,,104.20,15/06/2023,,,,,,,,,,IL0011972846,2063,1629486.26500,1373612.60000,לא
אלוני חץ,אלחץ,390013, מניות,3480.00,0.64,8938.57,סוף יום,3458.00,3475.00,3515.00,3443.00,22.00,,סוף יום,9.1,-9.2,1640,256638,7874063,16,31000,,,226266181,,,,,,,,,,,,,,,,,,,,,,,,IL0003900136,390
אלוני חץ  אגח ט,אלחץ.ק9,3900354,איגרות חוב,101.93,0.01,18.30,סוף יום,101.92,101.92,101.93,101.92,0.01,,סוף יום,0.2,3.3,12,17957,158872,4900,980000,,,155864273,,,,לא צמוד,3.85000,28/02/2027,,,,,,,,,,,,,,,,,,IL0039003541,390,243892.27500,233754.80500,לא
אלוני חץ  אגח י,אלחץ.ק10,3900362,איגרות חוב,100.62,0.02,522.05,סוף יום,100.60,100.60,100.62,100.61,0.02,,סוף יום,0.0,3.0,9,518852,201295,5000,990000,,,200054745,,,,לא צמוד,5.85000,28/02/2027,,,,,,,,,,,,,,,,,,IL0039003624,390,141067.98000,87293.46000,לא
אלוני חץ אגח טו,אלחץ.ק15,1189414,איגרות חוב,112.67,0.09,196.51,סוף יום,112.57,112.57,112.82,112.57,0.10,,סוף יום,0.4,4.3,66,174361,1183576,4500,1780000,,,1050480000,,,,מדד המחירים לצרכן,2.56000,01/03/2037,,,,,,,107.10,15/08/2022,,,,,,,,,,IL0011894149,390,983117.52000,916941.17500,לא
אלוני חץ אגח טז,אלחץ.ק16,1229384,איגרות חוב,108.59,0.00,0.00,סוף יום,108.59,108.59,0.00,0.00,0.00,,סוף יום,0.0,2.0,0,0,111144,4600,920000,,,102352000,,,,מדד המחירים לצרכן,3.68000,28/02/2040,,,,,,,104.20,15/09/2025,,,,,,,,,,IL0012293846,390,76496.60500,25193.95000,לא
אלוני חץ אגח יא,אלחץ.ק11,3900487,איגרות חוב,97.08,0.00,0.00,סוף יום,97.08,97.08,0.00,0.00,0.00,,סוף יום,0.1,3.7,0,0,156052,5200,1030000,,,160745600,,,,לא צמוד,2.66000,28/02/2031,,,,,,,,,,,,,,,,,,IL0039004879,390,93230.04500,78856.25500,לא
אלוני חץ אגח יב,אלחץ.ק12,3900495,איגרות חוב,96.87,-0.01,391.52,סוף יום,96.88,96.60,96.87,96.60,-0.01,,סוף יום,0.3,3.9,86,404338,1990623,5200,2070000,,,2054942764,,,,לא צמוד,2.41000,28/02/2031,,,,,,,,,,,,,,,,,,IL0039004952,390,2590237.02000,1721110.17500,לא
אלוני חץ אגח יג,אלחץ.ק13,1189406,איגרות חוב,105.27,0.10,2835.82,סוף יום,105.16,105.16,105.29,105.16,0.11,,סוף יום,0.4,4.4,135,2693776,1959105,4800,1910000,,,1861029248,,,,לא צמוד,4.94000,01/03/2037,,,,,,,,,,,,,,,,,,IL0011894065,390,2636219.84500,2340060.89500,לא
אלוני חץ אגח יז,אלחץ.ק17,1229392,איגרות חוב,110.10,0.05,856.22,סוף יום,110.05,110.05,110.10,109.89,0.05,,סוף יום,0.0,5.6,84,777898,584763,4500,1820000,,,531120000,,,,לא צמוד,5.70000,28/02/2040,,,,,,,,,,,,,,,,,,IL0012293929,390,1416435.27500,1179916.55500,לא
אלטיטיוד  אגח ב,אלטד.ק2,1207604,איגרות חוב,102.24,0.67,56.83,סוף יום,101.56,101.56,102.40,101.56,0.68,,סוף יום,0.7,4.0,16,55589,364689,4900,990000,,,356698918,,,,לא צמוד,7.88000,31/12/2028,,,,,,,,,,,,,,,,,,IL0012076043,1729,267084.41000,181410.73500,לא
אלטשולר שחם פנ,אלטפ,1184936, מניות,716.80,1.53,1180.48,סוף יום,706.00,706.00,719.90,701.70,10.80,,סוף יום,6.2,0.3,291,165591,1423744,74,150000,,,198624957,,,,,,,,,,,,,,,,,,,,,,,,IL0011849366,2367
אלמדה יהש,אמדה,1168962,יחידת השתתפות,264.10,-2.80,6.24,סוף יום,271.70,271.70,265.50,252.80,-7.60,,סוף יום,-3.8,79.4,3,2361,51224,180,360000,,,19395714,,,,,,,,,,,,,,,,,,,,,,,,IL0011689622,1814
אלמוג     אגח א,אלמכ.ק1,1223320,איגרות חוב,101.34,0.07,109.45,סוף יום,101.27,101.27,101.35,101.34,0.07,,סוף יום,0.1,3.7,5,108000,91206,4900,990000,,,90000000,,,,לא צמוד,6.07000,30/06/2028,,,,,,,,,,,,,,,,,,IL0012233206,2481,0.00000,0.00000,לא
אלמוגים,אלמה,1136829, מניות,1037.00,0.29,157.35,סוף יום,1034.00,1049.00,1060.00,1024.00,3.00,,סוף יום,7.6,5.1,54,15163,497711,52,100000,,,47995322,,,,,,,,,,,,,,,,,,,,,,,,IL0011368292,1553
אלמוגים   אגח ט,אלמג.ק9,1189224,איגרות חוב,105.13,0.00,0.00,סוף יום,105.13,105.13,0.00,0.00,0.00,,סוף יום,1.8,7.5,0,0,55148,4800,970000,,,52456621,,,,לא צמוד,6.70000,31/03/2027,,,,,,,,,,,,,,,,,,IL0011892242,1553,4572.00000,4996.05500,לא
אלמוגים  אגח יא,אלמג.ק11,1211358,איגרות חוב,102.99,0.87,6.90,סוף יום,102.10,102.10,102.99,102.99,0.89,,סוף יום,1.0,6.3,1,6700,49300,4900,980000,,,47869060,,,,לא צמוד,6.65000,30/06/2027,,,,,,,,,,,,,,,,,,IL0012113580,1553,0.00000,0.00000,לא
אלמוגים  אגח יב,אלמג.ק12,1217892,איגרות חוב,98.75,0.00,135.68,סוף יום,98.75,98.75,98.76,98.74,0.00,,סוף יום,-0.3,3.8,18,137399,296250,5100,1010000,,,300000000,,,,לא צמוד,6.59000,30/06/2031,,,,,,,,,,,,,,,,,,IL0012178922,1553,123442.83000,228477.22500,לא
אלמוגים  אגח יג,אלמג.ק13,1245026,איגרות חוב,101.40,0.00,0.00,סוף יום,101.40,101.40,0.00,0.00,0.00,,סוף יום,0.1,1.4,0,0,122571,4900,990000,,,120879000,,,,לא צמוד,7.03000,31/03/2032,,,,,,,,,,,,,,,,,,IL0012450263,1553,14105.00000,5060.00000,לא
אלמור חשמל,אלמר,1142454, מניות,2268.00,1.34,4832.57,סוף יום,2238.00,2238.00,2278.00,2172.00,30.00,,סוף יום,-9.0,12.0,490,220679,831270,20,40000,,,36652112,,,,,,,,,,,,,,,,,,,,,,,,IL0011424541,1704
אלספק,אלספק,1090364, מניות,350.80,0.52,0.63,סוף יום,349.00,349.00,357.00,344.20,1.80,,סוף יום,6.4,-18.6,3,177,68137,150,300000,,,19423336,,,,,,,,,,,,,,,,,,,,,,,,IL0010903644,1194
אלעד יואס אגח א,אליס.ק1,1237171,איגרות חוב,100.33,0.82,25.67,סוף יום,99.51,99.51,100.33,99.51,0.82,,סוף יום,1.3,0.3,3,25584,248211,5000,1010000,,,247395000,,,,לא צמוד,7.75000,31/03/2031,,,,,,,,,,,,,,,,,,IL0012371717,2533,113304.01000,271274.03500,לא
אלעד תוכנה,אלעד,1217702, מניות,1182.00,-0.42,11.90,סוף יום,1187.00,1187.00,1187.00,1182.00,-5.00,,סוף יום,3.2,-11.7,17,1007,610182,44,87000,,,51622857,,,,,,,,,,,,,,,,,,,,,,,,IL0012177023,2463
אלפא תאו,דרטס,1183938, מניות,4542.00,-0.96,75.61,סוף יום,4586.00,4586.00,4580.00,4496.00,-44.00,,סוף יום,0.5,6.4,21,1661,4200358,11,22000,,,92478154,NASDAQ-CM,,,,,,,,,,,,,,,,,,,,,,,IL0011839383,2359
אלקו,אלקו,694034, מניות,13750.00,3.07,1844.28,סוף יום,13340.00,13340.00,13750.00,13290.00,410.00,,סוף יום,7.6,-23.9,476,13586,3594166,4,7800,,,26139390,,,,,,,,,,,,,,,,,,,,,,,,IL0006940345,694
אלקו     אגח יג,אלקו.ק13,6940233,איגרות חוב,98.24,0.04,15.69,סוף יום,98.20,98.20,98.26,98.20,0.04,,סוף יום,0.2,3.5,58,15966,294794,5100,2040000,,,300075320,,,,לא צמוד,2.04000,16/09/2029,,,,,,,,,,,,,,,,,,IL0069402332,694,283665.41500,303465.48000,לא
אלקו     אגח יד,אלקו.ק4,1207752,איגרות חוב,107.12,0.09,200.92,סוף יום,107.02,107.02,107.17,106.95,0.10,,סוף יום,0.5,3.5,68,187654,444548,4700,1880000,,,415000000,,,,לא צמוד,5.98000,30/05/2032,,,,,,,,,,,,,,,,,,IL0012077520,694,453138.00500,484807.56500,לא
אלקטרה,אלקטה,739037, מניות,12460.00,1.05,5028.24,סוף יום,12330.00,12330.00,12490.00,12280.00,130.00,,סוף יום,5.9,14.7,1506,40659,9528183,4,8500,,,76470169,,,,,,,,,,,,,,,,,,,,,,,,IL0007390375,739
אלקטרה    אגח ה,אלקטה.ק5,7390222,איגרות חוב,100.61,-0.01,33.47,סוף יום,100.62,100.62,100.62,100.61,-0.01,,סוף יום,0.2,4.1,62,33270,486867,5000,1990000,,,483914670,,,,לא צמוד,4.00000,10/01/2031,,,,,,,,,,,,,,,,,,IL0073902228,739,507552.11500,369562.87000,לא
אלקטרה    אגח ו,אלקטה.ק6,7390263,איגרות חוב,91.78,0.05,791.78,סוף יום,91.73,91.73,91.83,91.73,0.05,,סוף יום,0.2,4.6,101,862620,972494,5500,2180000,,,1059592904,,,,לא צמוד,2.07000,10/12/2035,,,,,,,,,,,,,,,,,,IL0073902632,739,1550742.52000,1225352.80000,לא
אלקטרה נדלן,אלקנד,1094044, מניות,2439.00,3.96,4119.71,סוף יום,2346.00,2346.00,2464.00,2346.00,93.00,,סוף יום,7.1,-48.4,1150,169327,1676616,22,44000,,,68741936,,,,,,,,,,,,,,,,,,,,,,,,IL0010940448,1264
אלקטרה צר אגח א,אמצ.ק1,5010335,איגרות חוב,96.76,0.00,2503.70,סוף יום,96.76,96.76,96.78,96.76,0.00,,סוף יום,0.2,3.7,64,2587530,396744,5200,2070000,,,410028839,,,,לא צמוד,2.10000,31/12/2029,,,,,,,,,,,,,,,,,,IL0050103352,501,444480.03000,357889.48500,לא
אלקטרה צריכה,אמצ,5010129, מניות,7007.00,-0.69,2063.01,סוף יום,7056.00,7056.00,7138.00,6920.00,-49.00,,סוף יום,6.2,-33.7,617,29365,1604173,8,15000,,,22893858,,,,,,,,,,,,,,,,,,,,,,,,IL0050101299,501
אלקטרהנדלן אגחו,אלקנד.ק6,1174564,איגרות חוב,96.09,0.00,1111.68,סוף יום,96.09,96.09,96.15,96.00,0.00,,סוף יום,-0.2,2.5,113,1156752,302786,5200,2080000,,,315106599,,,,לא צמוד,2.85000,30/05/2030,,,,,,,,,,,,,,,,,,IL0011745648,1264,387886.49000,290391.31000,לא
אלקטרהנדלן אגחז,אלקנד.ק7,1203553,איגרות חוב,103.00,0.01,1410.89,סוף יום,102.99,102.99,103.05,102.48,0.01,,סוף יום,-0.5,0.9,171,1371579,378050,4800,1930000,,,367039200,,,,לא צמוד,6.07000,30/11/2034,,,,,,,,,,,,,,,,,,IL0012035536,1264,729288.93000,1170852.71000,לא
אלקטריאון,אלוס,368019, מניות,4434.00,1.95,148.85,סוף יום,4349.00,4349.00,4450.00,4380.00,85.00,,סוף יום,4.7,-5.7,40,3369,663580,12,24000,,,14965714,,,,,,,,,,,,,,,,,,,,,,,,IL0003680191,368
אלרוב נדלן,אלרנד,387019, מניות,24880.00,0.28,61.67,סוף יום,24810.00,24810.00,24930.00,24810.00,70.00,,סוף יום,1.4,1.4,6,248,5126153,2,4100,,,20603508,,,,,,,,,,,,,,,,,,,,,,,,IL0003870198,387
אלרוב נדלן אגחה,אלרנ.ק5,3870169,איגרות חוב,117.91,0.00,459.34,סוף יום,117.91,117.91,117.91,117.90,0.00,,סוף יום,0.2,3.8,49,389571,221995,4200,1700000,,,188274763,,,,מדד המחירים לצרכן,1.50000,31/12/2027,,,,,,,101.20,15/11/2019,,,,,,,,,,IL0038701699,387,172732.50000,184465.18000,לא
אלרוב נדלן אגחו,אלרנ.ק6,3870185,איגרות חוב,114.85,0.01,57.80,סוף יום,114.84,114.84,114.95,114.78,0.01,,סוף יום,0.3,3.9,61,50321,770991,4400,1750000,,,671302940,,,,מדד המחירים לצרכן,0.50000,01/10/2027,,,,,,,102.40,15/11/2021,,,,,,,,,,IL0038701855,387,666542.82000,971003.01500,לא
אלרוב נדלן אגחז,אלרנ.ק7,1207471,איגרות חוב,110.00,0.00,6.48,סוף יום,110.00,110.00,110.00,110.00,0.00,,סוף יום,0.4,4.1,55,5886,366622,4600,1830000,,,333292500,,,,מדד המחירים לצרכן,3.47000,30/06/2032,,,,,,,106.90,15/05/2024,,,,,,,,,,IL0012074717,387,323368.95500,281222.50500,לא
אלרון,אלרון,749077, מניות,379.90,-0.89,10.26,סוף יום,383.30,383.30,383.30,376.00,-3.40,,סוף יום,-0.3,-34.1,16,2700,202954,130,260000,,,53422984,OTC,,,,,,,,,,,,,,,,,,,,,,,IL0007490779,749
אמ אר אר  אגח ג,אמרר.ק3,1242437,איגרות חוב,100.00,0.00,0.00,סוף יום,100.00,100.00,0.00,0.00,0.00,,סוף יום,-0.5,0.0,0,0,380000,5000,1000000,,,380000000,,,,לא צמוד,6.20000,15/07/2029,,,,,,,,,,,,,,,,,,IL0012424375,1756,0.00000,0.00000,לא
אמ.די.ג'י אגח ד,אמדג.ק4,1184308,איגרות חוב,99.60,0.05,8.00,סוף יום,99.55,99.55,99.60,99.60,0.05,,סוף יום,-0.1,3.4,1,8035,86919,5000,1000000,,,87268048,,,,לא צמוד,8.00000,15/02/2027,,,,,,,,,,,,,,,,,,IL0011843088,1632,26488.72000,532.24500,לא
אמ.די.ג'י אגח ז,אמדג.ק7,1209170,איגרות חוב,103.67,0.22,45.95,סוף יום,103.44,103.44,103.67,103.44,0.23,,סוף יום,-0.1,3.4,51,44323,178997,4800,1930000,,,172660000,,,,לא צמוד,7.95000,31/12/2027,,,,,,,,,,,,,,,,,,IL0012091703,1632,103611.21500,57898.83500,לא
אמ.די.ג'י אגח ח,אמדג.ק8,1211655,איגרות חוב,104.64,0.00,1.17,סוף יום,104.64,104.64,104.64,104.64,0.00,,סוף יום,0.1,2.4,8,1113,141264,4800,960000,,,135000000,,,,לא צמוד,9.30000,30/09/2027,,,,,,,,,,,,,,,,,,IL0012116559,1632,52939.60000,78103.86000,לא
אמ.די.ג'י אגח ט,אמדג.ק9,1215243,איגרות חוב,94.39,0.54,125.09,סוף יום,93.88,93.88,94.72,93.88,0.51,,סוף יום,1.3,-2.0,33,132597,313591,5400,2150000,,,332229000,,,,לא צמוד,8.60000,01/12/2032,,,,,,,,,,,,,,,,,,IL0012152430,1632,330009.87000,212476.23000,לא
אמ.די.ג'י אגח י,אמדג.ק10,1218023,איגרות חוב,98.18,-0.19,109.17,סוף יום,98.37,98.37,98.81,97.95,-0.19,,סוף יום,-0.3,1.2,56,111207,269013,5100,2030000,,,274000000,,,,לא צמוד,6.00000,28/02/2028,,,,,,,,,,,,,,,,,,IL0012180233,1632,203245.56000,143387.74500,לא
אמ.די.ג'י אגחיא,אמדג.ק11,1234327,איגרות חוב,100.11,0.00,62.93,סוף יום,100.11,100.11,100.11,100.11,0.00,,סוף יום,-0.5,3.7,63,62858,330363,5000,1990000,,,330000000,,,,לא צמוד,7.40000,01/07/2029,,,,,,,,,,,,,,,,,,IL0012343278,1632,362826.78500,159155.35000,לא
אמות,אמות,1097278, מניות,2080.00,-0.48,10365.15,סוף יום,2090.00,2099.00,2111.00,2070.00,-10.00,,סוף יום,6.6,-12.6,2251,496448,10273463,26,51000,,,493916494,,,,,,,,,,,,,,,,,,,,,,,,IL0010972789,1328
אמות      אגח ד,אמות.ק4,1133149,איגרות חוב,121.93,0.07,6.13,סוף יום,121.84,121.84,121.93,121.84,0.09,,סוף יום,0.3,4.0,55,5030,336609,4100,1640000,,,276067100,,,,מדד המחירים לצרכן,3.20000,02/07/2028,,,,,,,102.30,15/07/2014,,,,,,,,,,IL0011331498,1328,318353.42500,173079.54000,לא
אמות      אגח ו,אמות.ק6,1158609,איגרות חוב,117.19,-0.07,1017.90,סוף יום,117.27,117.27,117.35,117.17,-0.08,,סוף יום,0.2,3.7,110,868104,2492262,4300,1710000,,,2126684700,,,,מדד המחירים לצרכן,1.14000,03/10/2029,,,,,,,101.70,15/06/2019,,,,,,,,,,IL0011586091,1328,1672854.79000,1655600.68000,לא
אמות      אגח ז,אמות.ק7,1162866,איגרות חוב,95.86,0.06,604.96,סוף יום,95.80,95.80,95.94,95.80,0.06,,סוף יום,0.2,3.9,106,630987,1165023,5200,2090000,,,1215338000,,,,לא צמוד,2.44000,05/01/2032,,,,,,,,,,,,,,,,,,IL0011628661,1328,1658957.69500,1537485.23500,לא
אמות      אגח ח,אמות.ק8,1172782,איגרות חוב,114.48,0.00,1189.96,סוף יום,114.48,114.48,114.54,114.38,0.00,,סוף יום,0.4,3.7,108,1039357,2961269,4400,1750000,,,2586713000,,,,מדד המחירים לצרכן,0.92000,05/01/2032,,,,,,,99.70,15/02/2021,,,,,,,,,,IL0011727828,1328,2006594.59000,2203161.01000,לא
אמות      אגח ט,אמות.ק9,1204999,איגרות חוב,113.27,0.12,96.75,סוף יום,113.13,113.13,113.34,113.13,0.14,,סוף יום,0.3,3.4,80,85407,1461808,4400,1770000,,,1290552000,,,,מדד המחירים לצרכן,3.20000,05/01/2037,,,,,,,105.40,15/03/2024,,,,,,,,,,IL0012049990,1328,1227699.28500,2045669.63000,לא
אמות      אגח י,אמות.ק10,1205004,איגרות חוב,112.92,0.00,272.86,סוף יום,112.92,112.92,112.93,112.89,0.00,,סוף יום,0.0,4.3,96,241649,1287061,4400,1770000,,,1139799362,,,,לא צמוד,5.79000,05/01/2037,,,,,,,,,,,,,,,,,,IL0012050048,1328,2389230.34500,1851467.91000,לא
אמות      אפ 12,אמות.א12,1225036, כתבי אופציה ,39.40,12.25,1.96,סוף יום,35.10,35.10,65.00,28.10,4.30,,סוף יום,28.3,-83.5,21,4664,4076,26,520000,,,10345700,,,,,,,,,,,,,,,2606.4280000 ,2606.4280000,לא צמוד,31/12/2026,1.0000000,אמות,2080.00,,,IL0012250366,1328
אמטראסט   אגח א,אמטר.ק1,1229129,איגרות חוב,98.25,0.53,285.18,סוף יום,97.73,97.73,98.40,97.73,0.52,,סוף יום,0.3,-0.4,72,290332,982500,5100,2040000,,,1000000000,,,,לא צמוד,6.60000,30/09/2033,,,,,,,,,,,,,,,,,,IL0012291295,2507,1442392.71500,911798.39000,לא
אמטראסט   אגח ב,אמטר.ק2,1231943,איגרות חוב,101.58,0.02,511.01,סוף יום,101.56,101.56,101.68,101.56,0.02,,סוף יום,0.3,3.6,52,503136,660270,4900,1970000,,,650000000,,,,לא צמוד,5.63000,31/05/2030,,,,,,,,,,,,,,,,,,IL0012319435,2507,732546.91500,329478.10500,לא
אמיליה פיתוח,אמפת,589010, מניות,2039.00,0.00,0.14,סוף יום,2039.00,2039.00,2039.00,2039.00,0.00,,סוף יום,0.0,-27.0,2,7,571462,25,49000,,,28026594,,,,,,,,,,,,,,,,,,,,,,,,IL0005890103,589
אמנת,אמנת,654012, מניות,1342.00,0.07,66.98,סוף יום,1341.00,1341.00,1360.00,1340.00,1.00,,סוף יום,2.6,-47.2,11,4993,87610,38,76000,,,6528341,,,,,,,,,,,,,,,,,,,,,,,,IL0006540129,654
אמפא,אמפא,1225200, מניות,1440.00,1.34,849.28,סוף יום,1421.00,1428.00,1444.00,1414.00,19.00,,סוף יום,20.1,-9.4,436,59371,3631578,42,83000,,,252192948,,,,,,,,,,,,,,,,,,,,,,,,IL0012252008,2471
אמפא      אגח א,אמפא.ק1,1229285,איגרות חוב,105.33,0.06,906.99,סוף יום,105.27,105.27,105.41,105.27,0.06,,סוף יום,0.4,3.7,123,860814,1839780,4800,1910000,,,1746682000,,,,מדד המחירים לצרכן,3.32000,01/01/2034,,,,,,,104.20,15/09/2025,,,,,,,,,,IL0012292855,2471,1648552.69500,1243443.81000,לא
אמפא    מסחרי 3,אמפא.נ3,1245323,איגרות חוב,1002.13,0.00,0.00,סוף יום,1002.13,1002.13,0.00,0.00,0.00,,סוף יום,0.1,0.2,0,0,250533,500,100000,,,25000000,,,,לא צמוד,,29/07/2027,,,,,,,,,,,,,,,,,,IL0012453234,2471,0.00000,0.00000,לא
אמריקן אק אגח א,אאפל.ק1,1225887,איגרות חוב,101.04,-0.19,290.72,סוף יום,101.23,101.23,102.62,100.91,-0.19,,סוף יום,-0.5,2.5,71,287452,530460,4900,1970000,,,525000000,,,,לא צמוד,6.60000,01/07/2029,,,,,,,,,,,,,,,,,,IL0012258872,2468,410745.24000,193032.24000,לא
אמריקן אק אגח ב,אאפל.ק2,1234814,איגרות חוב,98.32,0.10,51.52,סוף יום,98.22,98.22,98.39,98.21,0.10,,סוף יום,-0.3,1.1,59,52397,442440,5100,2030000,,,450000000,,,,לא צמוד,6.30000,31/12/2030,,,,,,,,,,,,,,,,,,IL0012348145,2468,487304.20000,163361.08000,לא
אנגל שלמה,אנגלש,180018, מניות,2094.00,-0.90,56.27,סוף יום,2113.00,2113.00,2100.00,2083.00,-19.00,,סוף יום,-2.3,-18.3,5,2687,112238,23,47000,,,5360000,,,,,,,,,,,,,,,,,,,,,,,,IL0001800189,180
אנלייט אנ  אג ח,אנלט.ה8,1218130, איגרות חוב להמרה ,306.20,3.13,27.12,סוף יום,296.90,296.90,306.40,300.90,9.30,,סוף יום,3.1,66.1,5,8856,1212635,170,170000,,,396027187,,,,לא צמוד,4.00000,01/09/2033,אנלייט אנרגיה,00720011,IL0007200111,80.0000000,23790.00,22/08/2033,,,,,,,,,,,,IL0012181306,720
אנלייט אנ אגח ד,אנלט.ק4,7200256,איגרות חוב,95.21,-0.03,391.45,סוף יום,95.24,95.24,95.31,95.20,-0.03,,סוף יום,0.1,3.9,117,410966,1120608,5300,2100000,,,1176986000,,,,לא צמוד,1.50000,02/09/2029,,,,,,,,,,,,,,,,,,IL0072002566,720,1435474.83000,1324196.16500,לא
אנלייט אנר אג ג,אנלט.ה3,7200249, איגרות חוב להמרה ,116.90,0.00,0.00,סוף יום,116.90,116.90,0.00,0.00,0.00,,סוף יום,-1.5,29.1,0,0,603885,420,420000,,,516582394,,,,לא צמוד,0.75000,01/09/2028,אנלייט אנרגיה,00720011,IL0007200111,240.0000000,23790.00,22/08/2028,,,,,,,,,,,,IL0072002491,720
אנלייט אנר אגחז,אנלט.ק7,1218122,איגרות חוב,103.39,0.07,1966.21,סוף יום,103.32,103.42,103.48,103.32,0.07,,סוף יום,0.1,4.8,137,1900983,1493944,4800,1940000,,,1444960000,,,,לא צמוד,5.00000,01/09/2033,,,,,,,,,,,,,,,,,,IL0012181223,720,3945454.32500,4054978.63000,לא
אנלייט אנרגיה,אנלט,720011, מניות,23790.00,2.63,52573.92,סוף יום,23180.00,23800.00,24100.00,23260.00,610.00,,סוף יום,1.9,64.3,9657,220605,33270937,2,8600,,,139852614,NASDAQ-GM,,,,,,,,,,,,,,,,,,,,,,,IL0007200111,720
אנליסט,אנלסט,1080613, מניות,14060.00,-1.26,2916.85,סוף יום,14240.00,14140.00,14180.00,13910.00,-180.00,,סוף יום,3.0,-20.3,615,20730,1769309,4,7300,,,12583989,,,,,,,,,,,,,,,,,,,,,,,,IL0010806136,1008
אנקור הזד אגח ב,אנהז.ק2,1206622,איגרות חוב,100.00,-0.22,1475.29,סוף יום,100.22,100.22,102.79,99.72,-0.22,,סוף יום,-1.5,-1.3,41,1475626,274500,4900,1970000,,,274500000,,,,לא צמוד,9.40000,01/01/2029,,,,,,,,,,,,,,,,,,IL0012066226,2352,340817.24000,259819.50500,לא
אנקור הזד אגח ג,אנהז.ק3,1220482,איגרות חוב,94.80,0.49,58.99,סוף יום,94.34,94.34,95.00,94.34,0.46,,סוף יום,1.5,-2.2,31,62218,487930,5400,2140000,,,514694450,,,,לא צמוד,7.70000,15/01/2031,,,,,,,,,,,,,,,,,,IL0012204827,2352,266383.04500,271166.17000,לא
אנקור פרופ אגחג,אקרפ.ק3,1188739,איגרות חוב,100.79,0.00,0.00,סוף יום,100.79,100.79,0.00,0.00,0.00,,סוף יום,0.0,2.3,0,0,65248,5000,990000,,,64736765,,,,לא צמוד,8.50000,15/07/2027,,,,,,,,,,,,,,,,,,IL0011887390,1683,0.00000,12498.70000,לא
אנקור פרופ אגחה,אקרפ.ק5,1226844,איגרות חוב,87.70,0.96,31.07,סוף יום,86.87,86.87,88.00,86.87,0.83,,סוף יום,2.0,-7.2,27,35429,337078,5800,2330000,,,384353006,,,,לא צמוד,8.30000,15/07/2030,,,,,,,,,,,,,,,,,,IL0012268442,1683,222746.65500,144623.51000,לא
אנקור פרופ אגחו,אקרפ.ק6,1240589,איגרות חוב,100.80,-0.01,148.03,סוף יום,100.81,100.81,100.81,100.80,-0.01,,סוף יום,-0.7,0.8,7,146849,131040,4900,990000,,,130000000,,,,לא צמוד,6.80000,15/01/2030,,,,,,,,,,,,,,,,,,IL0012405895,1683,16268.80000,10904.96500,לא
אנרג'יאן,אנאג,1155290, מניות,3169.00,0.70,4375.55,סוף יום,3147.00,3147.00,3185.00,3105.00,22.00,,סוף יום,6.4,-17.2,1440,138869,5839864,17,34000,,,184280959,LONDON,,,,,,,,,,,,,,,,,,,,,,,GB00BG12Y042,1762
אנרג'ין,אנגנ,1172071, מניות,113.30,1.71,0.45,סוף יום,111.40,111.40,118.80,118.80,1.90,,סוף יום,-14.4,-44.3,1,380,15100,380,670000,,,13327785,,,,,,,,,,,,,,,,,,,,,,,,IL0011720716,1839
אנרג'יקס,אנרג,1123355, מניות,2150.00,2.87,9497.52,סוף יום,2090.00,2067.00,2156.00,2067.00,60.00,,סוף יום,5.2,35.6,1379,444916,12457362,24,49000,,,579412207,,,,,,,,,,,,,,,,,,,,,,,,IL0011233553,1581
אנרג'יקס   אג ב,אנרג.ה2,1168483, איגרות חוב להמרה ,96.60,0.00,290.77,סוף יום,96.60,96.60,96.70,96.60,0.00,,סוף יום,0.4,3.9,38,300817,547338,520,520000,,,566602000,,,,לא צמוד,0.25000,01/08/2027,אנרג'יקס,01123355,IL0011233553,83.8811600,2150.00,22/07/2027,,,,,,,,,,,,IL0011684839,1581
אנרג'יקס   אפ 4,אנרג.א4,1233717, כתבי אופציה ,182.00,21.33,489.99,סוף יום,150.00,190.00,190.00,140.00,32.00,,סוף יום,21.3,139.2,197,305402,46129,24,330000,,,25345572,,,,,,,,,,,,,,,1972.5630000 ,1972.5630000,לא צמוד,30/09/2026,1.0000000,אנרג'יקס,2150.00,,,IL0012337171,1581
אנרג'יקס  אגח א,אנרג.ק1,1161751,איגרות חוב,95.88,-0.01,322.74,סוף יום,95.89,95.89,95.90,95.87,-0.01,,סוף יום,0.2,3.9,76,336610,668562,5200,2090000,,,697290881,,,,לא צמוד,2.05000,01/08/2030,,,,,,,,,,,,,,,,,,IL0011617516,1581,1129051.87500,805047.16000,לא
אנשי העיר,אנשי,1198266, מניות,314.90,0.03,93.27,סוף יום,314.80,302.10,315.00,302.10,0.10,,סוף יום,2.7,18.6,34,29613,158118,160,330000,,,50211977,,,,,,,,,,,,,,,,,,,,,,,,IL0011982662,2417
אנשי העיר אגח א,אנשי.ק1,1198175,איגרות חוב,102.14,0.00,0.00,סוף יום,102.14,102.14,0.00,0.00,0.00,,סוף יום,0.2,3.8,0,0,17466,4900,860000,,,17100000,,,,לא צמוד,8.90000,31/12/2026,,,,,,,,,,,,,,,,,,IL0011981755,2417,0.00000,2610.51500,לא
אנשי העיר אגח ב,אנשי.ק2,1231232,איגרות חוב,92.61,0.00,38.15,סוף יום,92.61,92.61,92.62,92.61,0.00,,סוף יום,0.3,2.0,2,41191,84395,5400,1080000,,,91129000,,,,לא צמוד,5.50000,30/09/2030,,,,,,,,,,,,,,,,,,IL0012312323,2417,72698.24500,52337.59000,לא
אסאר אקורד,אסאק,422014, מניות,5575.00,-0.38,15.55,סוף יום,5596.00,5596.00,5718.00,5473.00,-21.00,,סוף יום,-1.9,1.2,15,279,730193,9,18000,,,13097635,,,,,,,,,,,,,,,,,,,,,,,,IL0004220146,422
אסאר אקורד אגחב,אסאק.ק2,4220372,איגרות חוב,111.89,0.48,16.78,סוף יום,111.36,111.36,111.90,111.89,0.53,,סוף יום,0.0,4.4,3,15000,68999,4500,890000,,,61666667,,,,מדד המחירים לצרכן,1.25000,30/06/2027,,,,,,,105.50,15/06/2022,,,,,,,,,,IL0042203724,422,46578.52500,5296.52000,לא
אסאר אקורד אגחג,אסאק.ק3,1214790,איגרות חוב,105.23,0.00,0.00,סוף יום,105.23,105.23,0.00,0.00,0.00,,סוף יום,-0.1,3.8,0,0,107335,4700,950000,,,102000000,,,,לא צמוד,7.05000,31/03/2030,,,,,,,,,,,,,,,,,,IL0012147901,422,14407.22500,37292.22500,לא
אסטיגי,סטג,550012, מניות,3450.00,-3.04,99.47,סוף יום,3558.00,3558.00,3508.00,3403.00,-108.00,,סוף יום,3.3,-42.2,20,2880,165234,15,30000,,,4789394,,,,,,,,,,,,,,,,,,,,,,,,IL0005500124,550
אספן גרופ,אסגר,313015, מניות,622.40,-2.09,39.57,סוף יום,635.70,635.70,636.30,600.00,-13.30,,סוף יום,-0.2,-15.7,33,6358,400235,80,160000,,,64305164,,,,,,,,,,,,,,,,,,,,,,,,IL0003130155,313
אספן גרופ אגח ח,אסגר.ק8,3130390,איגרות חוב,117.11,0.02,677.93,סוף יום,117.09,117.09,117.23,116.99,0.02,,סוף יום,0.0,3.5,81,578958,445734,4300,1710000,,,380611440,,,,מדד המחירים לצרכן,2.25000,31/12/2029,,,,,,,100.10,15/01/2021,,,,,,,,,,IL0031303907,313,503660.85000,321164.48000,לא
אספן גרופ אגח ט,אסגר.ק9,3130424,איגרות חוב,110.72,-0.01,386.40,סוף יום,110.73,110.73,110.75,110.70,-0.01,,סוף יום,-0.1,3.7,80,348952,393448,4500,1800000,,,355353684,,,,מדד המחירים לצרכן,1.49000,31/12/2030,,,,,,,102.10,15/09/2021,,,,,,,,,,IL0031304244,313,458614.34500,407506.06500,לא
אספן גרופ אגח י,אסגר.ק10,1229160,איגרות חוב,104.92,0.05,46.11,סוף יום,104.87,104.87,105.02,104.80,0.05,,סוף יום,0.3,3.3,56,43951,157380,4800,1910000,,,150000000,,,,מדד המחירים לצרכן,4.29000,30/06/2033,,,,,,,104.20,15/09/2025,,,,,,,,,,IL0012291600,313,316982.04500,284249.09500,לא
אספן גרופ אגחיא,אסגר.ק11,1235852,איגרות חוב,102.75,0.14,36.23,סוף יום,102.61,102.61,102.95,102.48,0.14,,סוף יום,0.1,4.0,62,35260,205500,4900,1950000,,,200000000,,,,מדד המחירים לצרכן,2.98000,30/06/2031,,,,,,,103.60,15/01/2026,,,,,,,,,,IL0012358524,313,408292.74500,109010.56500,לא
אפולו פאוור,אפלפ,1082114, מניות,129.30,-4.15,492.79,סוף יום,134.90,129.00,133.90,125.00,-5.60,,סוף יום,13.4,-68.1,156,384696,120871,440,880000,,,93480898,,,,,,,,,,,,,,,,,,,,,,,,IL0010821143,1074
אפולו פאוור אפ9,אפלפ.א9,1233006, כתבי אופציה ,15.10,0.00,0.00,סוף יום,15.10,15.10,0.00,0.00,0.00,,סוף יום,-70.5,-86.4,0,0,495,440,160000,,,3277000,,,,,,,,,,,,,,,475.0000000 ,475.0000000,לא צמוד,02/12/2027,1.0000000,אפולו פאוור,129.30,,,IL0012330069,1074
אפולו פאור אפ10,אפלפ.א10,1244789, כתבי אופציה ,25.00,0.00,0.00,סוף יום,25.00,25.00,0.00,0.00,0.00,,סוף יום,-49.6,-63.0,0,0,1672,440,330000,,,6687500,,,,,,,,,,,,,,,475.0000000 ,475.0000000,לא צמוד,08/01/2029,1.0000000,אפולו פאוור,129.30,,,IL0012447897,1074
אפי נכס מסחרי 6,אפנכ.נ6,1241926,איגרות חוב,1007.61,0.00,0.00,סוף יום,1007.61,1007.61,0.00,0.00,0.00,,סוף יום,0.0,0.8,0,0,453425,500,99000,,,45000000,,,,לא צמוד,,27/05/2027,,,,,,,,,,,,,,,,,,IL0012419268,1172,0.00000,0.00000,לא
אפי נכסים,אפנכ,1091354, מניות,18760.00,0.54,1158.93,סוף יום,18660.00,18660.00,19040.00,18600.00,100.00,,סוף יום,6.0,-19.8,473,6161,7771791,3,5700,,,41427455,,,,,,,,,,,,,,,,,,,,,,,,IL0010913544,1172
אפי נכסים אגח ח,אפנכ.ק8,1142231,איגרות חוב,122.41,0.02,73.58,סוף יום,122.38,122.38,122.42,122.32,0.03,,סוף יום,0.1,3.9,8,60115,1015755,4100,820000,,,829797229,,,,מדד המחירים לצרכן,2.57000,15/10/2026,,,,,,,100.30,15/10/2017,,,,,,,,,,IL0011422313,1172,338875.40500,520260.39000,לא
אפי נכסים אגח י,אפנכ.ק10,1160878,איגרות חוב,100.04,0.06,98.83,סוף יום,99.98,99.98,100.05,99.98,0.06,,סוף יום,0.2,3.8,64,98794,240376,5000,2000000,,,240279900,,,,לא צמוד,3.25000,30/03/2029,,,,,,,,,,,,,,,,,,IL0011608788,1172,306648.57500,171325.40500,לא
אפי נכסים אגחטו,אפנכ.ק15,1199603,איגרות חוב,112.81,0.04,82.67,סוף יום,112.76,112.76,112.82,112.76,0.05,,סוף יום,0.3,4.1,64,73283,357054,4400,1780000,,,316509000,,,,מדד המחירים לצרכן,4.00000,15/10/2029,,,,,,,104.50,15/08/2023,,,,,,,,,,IL0011996035,1172,201033.50000,159892.58000,לא
אפי נכסים אגחטז,אפנכ.ק16,1210947,איגרות חוב,116.23,0.06,662.99,סוף יום,116.16,116.16,116.29,116.07,0.07,,סוף יום,0.6,5.0,68,570442,937604,4300,1730000,,,806680000,,,,מדד המחירים לצרכן,4.02000,01/10/2034,,,,,,,107.80,15/08/2024,,,,,,,,,,IL0012109471,1172,537369.54000,481541.56000,לא
אפי נכסים אגחיב,אפנכ.ק12,1173764,איגרות חוב,99.48,0.05,532.43,סוף יום,99.43,99.43,99.49,99.43,0.05,,סוף יום,0.1,3.5,74,535216,675373,5000,2010000,,,678903072,,,,לא צמוד,2.30000,15/09/2027,,,,,,,,,,,,,,,,,,IL0011737645,1172,475761.18000,1109437.86000,לא
אפי נכסים אגחיג,אפנכ.ק13,1178292,איגרות חוב,115.10,0.00,76.71,סוף יום,115.10,115.10,115.10,115.10,0.00,,סוף יום,0.4,4.3,68,66648,819202,4400,1740000,,,711731000,,,,מדד המחירים לצרכן,1.09000,01/07/2029,,,,,,,101.30,15/06/2021,,,,,,,,,,IL0011782922,1172,498161.38500,451694.35000,לא
אפי נכסים אגחיד,אפנכ.ק14,1184530,איגרות חוב,113.82,0.04,49.78,סוף יום,113.77,113.77,113.82,113.77,0.05,,סוף יום,0.4,4.4,52,43739,678869,4400,1760000,,,596441000,,,,מדד המחירים לצרכן,1.54000,30/03/2031,,,,,,,102.80,15/02/2022,,,,,,,,,,IL0011845307,1172,365147.33500,308623.08000,לא
אפי נכסים אגחיז,אפנכ.ק17,1220383,איגרות חוב,106.97,0.03,559.77,סוף יום,106.94,106.94,107.00,106.91,0.03,,סוף יום,0.3,4.5,115,523328,1069700,4700,1870000,,,1000000000,,,,לא צמוד,5.50000,30/03/2033,,,,,,,,,,,,,,,,,,IL0012203837,1172,1661355.15000,1196292.59500,לא
אפי נכסים אגחיח,אפנכ.ק18,1241967,איגרות חוב,101.05,0.06,390.21,סוף יום,100.99,100.99,101.08,100.99,0.06,,סוף יום,0.3,1.1,71,386206,808400,5000,1980000,,,800000000,,,,לא צמוד,4.48000,30/11/2034,,,,,,,,,,,,,,,,,,IL0012419672,1172,1663716.57000,1625349.45500,כן
אפי קפיטל,אפקפ,1181437, מניות,1203.00,3.35,51.69,סוף יום,1164.00,1150.00,1221.00,1150.00,39.00,,סוף יום,10.2,-24.6,52,4297,582250,46,92000,,,48399835,,,,,,,,,,,,,,,,,,,,,,,,IL0011814378,1979
אפי קפיטל אגח ג,אפקפ.ק3,1199744,איגרות חוב,103.51,0.01,10.03,סוף יום,103.50,103.50,103.51,103.51,0.01,,סוף יום,0.5,4.1,1,9692,94201,4900,970000,,,91007000,,,,לא צמוד,8.50000,30/06/2027,,,,,,,,,,,,,,,,,,IL0011997447,1979,12570.23000,18999.37500,לא
אפי קפיטל אגח ד,אפקפ.ק4,1212489,איגרות חוב,103.58,0.10,0.18,סוף יום,103.48,103.48,104.74,103.48,0.10,,סוף יום,0.1,3.6,4,170,194213,4800,970000,,,187500000,,,,לא צמוד,7.17000,31/12/2028,,,,,,,,,,,,,,,,,,IL0012124892,1979,6201.22500,11202.68500,לא
אפי קפיטל אגח ה,אפקפ.ק5,1217421,איגרות חוב,102.08,0.48,26.47,סוף יום,101.59,101.59,102.10,101.59,0.49,,סוף יום,0.8,5.6,6,25932,306240,4900,990000,,,300000000,,,,לא צמוד,6.69000,31/12/2029,,,,,,,,,,,,,,,,,,IL0012174210,1979,35581.13000,51939.60500,לא
אפיטומי מדיקל,אפיט,1182591, מניות,221.80,-0.27,56.13,סוף יום,222.40,222.10,224.90,214.00,-0.60,,סוף יום,-0.1,-63.7,12,25273,66945,230,450000,,,30182427,,,,,,,,,,,,,,,,,,,,,,,,IL0011825911,1998
אפסלון ברנדס,אפסל,456012, מניות,101.60,-0.20,3.72,סוף יום,101.80,101.80,103.70,100.00,-0.20,,סוף יום,6.8,66.0,6,3663,21768,530,1050000,,,21424964,,,,,,,,,,,,,,,,,,,,,,,,IL0004560129,456
אפקון החז  אפ 1,אפהח.א1,1225846, כתבי אופציה ,28150.00,-1.78,5.07,סוף יום,28660.00,28660.00,28660.00,28110.00,-510.00,,סוף יום,-10.1,98.8,3,18,3963,1,710,,,14077,,,,,,,,,,,,,,,24465.4310000 ,24465.4310000,לא צמוד,31/08/2028,1.0000000,אפקון החזקות,52290.00,,,IL0012258468,578
אפקון החז אגח ד,אפהח.ק4,5780168,איגרות חוב,122.11,0.21,22.59,סוף יום,121.85,121.85,122.11,121.85,0.26,,סוף יום,0.4,3.8,62,18499,221765,4100,1640000,,,181611110,,,,מדד המחירים לצרכן,2.88000,01/04/2029,,,,,,,100.20,15/08/2020,,,,,,,,,,IL0057801685,578,169350.77000,302101.20500,לא
אפקון החז אגח ה,אפהח.ק5,1225838,איגרות חוב,101.21,-0.04,29.56,סוף יום,101.25,101.25,101.25,101.06,-0.04,,סוף יום,0.2,4.1,53,29206,161936,5000,1980000,,,160000000,,,,לא צמוד,4.50000,31/12/2032,,,,,,,,,,,,,,,,,,IL0012258385,578,162207.38000,53070.89500,לא
אפקון החזקות,אפהח,578013, מניות,52290.00,0.00,1759.62,סוף יום,52290.00,52290.00,52300.00,51140.00,0.00,,סוף יום,4.8,48.9,359,3387,3171680,1,2000,,,6065558,,,,,,,,,,,,,,,,,,,,,,,,IL0005780130,578
אפריקה מג אגח ה,אפמג.ק5,1162825,איגרות חוב,100.10,0.00,5.01,סוף יום,100.10,100.10,100.10,100.10,0.00,,סוף יום,0.1,3.2,11,5002,107246,5000,1000000,,,107138680,,,,לא צמוד,2.40000,31/03/2027,,,,,,,,,,,,,,,,,,IL0011628257,1338,76136.55000,63493.84500,לא
אפריקה מג אגח ו,אפמג.ק6,1235878,איגרות חוב,102.77,-0.04,8.58,סוף יום,102.81,102.81,102.81,102.77,-0.04,,סוף יום,0.1,2.8,54,8349,256925,4900,1950000,,,250000000,,,,לא צמוד,4.40000,30/09/2031,,,,,,,,,,,,,,,,,,IL0012358789,1338,251432.80500,187321.31000,לא
אפריקה מגורים,אפמג,1097948, מניות,25110.00,0.97,3083.39,סוף יום,24870.00,24870.00,25520.00,24840.00,240.00,,סוף יום,7.1,-7.6,1165,12226,3181249,2,4300,,,12669251,,,,,,,,,,,,,,,,,,,,,,,,IL0010979487,1338
אקויטל,אקטל,755017, מניות,11750.00,1.56,1992.34,סוף יום,11570.00,11490.00,11780.00,11490.00,180.00,,סוף יום,9.0,-27.6,825,16988,4268897,5,9300,,,36331037,,,,,,,,,,,,,,,,,,,,,,,,IL0007550176,755
אקויטל    אגח 3,אקטל.ק3,7550148,איגרות חוב,90.04,0.11,20.28,סוף יום,89.94,89.94,90.04,89.94,0.10,,סוף יום,0.3,3.2,48,22524,108409,5600,2230000,,,120401154,,,,לא צמוד,1.64000,25/07/2034,,,,,,,,,,,,,,,,,,IL0075501481,755,268069.56000,122874.33000,לא
אקויטל    אגח 4,אקטל.ק4,1197607,איגרות חוב,106.00,0.09,22.87,סוף יום,105.90,105.90,106.00,105.90,0.10,,סוף יום,0.3,3.6,55,21571,337303,4700,1890000,,,318210000,,,,לא צמוד,5.31000,25/07/2036,,,,,,,,,,,,,,,,,,IL0011976078,755,291549.51500,216656.23000,לא
אקונרג'י,אקנר,1178334, מניות,6388.00,2.03,2759.96,סוף יום,6261.00,6261.00,6438.00,6256.00,127.00,,סוף יום,4.5,38.4,771,43389,4928447,8,16000,,,77151648,,,,,,,,,,,,,,,,,,,,,,,,IL0011783342,1891
אקונרג'י  אגח ב,אקנר.ק2,1214428,איגרות חוב,108.62,0.18,289.75,סוף יום,108.42,108.42,108.64,108.42,0.20,,סוף יום,0.2,7.3,75,266751,618540,4600,1850000,,,569452811,,,,לא צמוד,6.95000,31/12/2030,,,,,,,,,,,,,,,,,,IL0012144288,1891,699119.45500,357151.91500,לא
אקונרג'י  אגח ג,אקנר.ק3,1235233,איגרות חוב,102.49,-0.06,812.68,סוף יום,102.55,102.55,102.60,102.46,-0.06,,סוף יום,0.1,4.7,93,792396,512450,4900,1950000,,,500000000,,,,לא צמוד,5.25000,31/12/2032,,,,,,,,,,,,,,,,,,IL0012352337,1891,958871.61500,690082.41000,לא
אקונרג'י  אגח ד,אקנר.ק4,1244862,איגרות חוב,99.92,-0.01,274.55,סוף יום,99.93,99.93,99.98,99.89,-0.01,,סוף יום,0.0,-0.1,23,274772,499600,5000,1000000,,,500000000,,,,לא צמוד,5.01000,31/12/2037,,,,,,,,,,,,,,,,,,IL0012448622,1891,1719825.40500,1643845.17500,כן
אקס טי אל,אקסבי,1085497, מניות,1.80,-5.26,11.42,סוף יום,1.90,1.90,1.90,1.80,-0.10,,סוף יום,-5.3,-25.0,5,631533,30553,26000,52630000,,,1697390556,NASDAQ-CM,,,,,,,,,,,,,,,,,,,,,,,IL0010854979,2190
אקסון ויז'ן,אקסנ,1227552, מניות,434.20,-2.05,79.66,סוף יום,443.30,456.90,456.90,433.00,-9.10,,סוף יום,-7.0,-41.0,43,18002,80226,110,210000,,,18476690,,,,,,,,,,,,,,,,,,,,,,,,IL0012275520,2501
אקסון ויזן אפ1,אקסנ.א1,1227560, כתבי אופציה ,169.60,0.00,0.13,סוף יום,169.60,169.60,169.60,169.60,0.00,,סוף יום,1.7,-17.7,1,78,7771,110,230000,,,4581752,,,,,,,,,,,,,,,1047.0000000 ,1047.0000000,לא צמוד,28/02/2028,1.0000000,אקסון ויז'ן,434.20,,,IL0012275603,2501
אקסטל     אגח ד,אקסטד.ק4,1183169,איגרות חוב,100.49,0.08,168.18,סוף יום,100.41,100.41,100.75,100.33,0.08,,סוף יום,0.3,7.7,69,167384,600279,5000,2000000,,,597351897,,,,לא צמוד,6.50000,31/12/2027,,,,,,,,,,,,,,,,,,IL0011831695,1622,748540.26000,402571.80500,לא
אקסטל     אגח ה,אקסטד.ק5,1218635,איגרות חוב,102.63,0.09,2062.32,סוף יום,102.54,102.54,102.66,102.54,0.09,,סוף יום,0.3,5.1,165,2010429,803534,4900,1960000,,,782942537,,,,לא צמוד,6.02000,31/03/2028,,,,,,,,,,,,,,,,,,IL0012186354,1622,1499791.29500,586807.66500,לא
אקסיליון,אילנ,383018, מניות,30.20,0.00,0.00,סוף יום,30.20,,0.00,0.00,0.00,,סוף יום,0.0,27.4,0,0,17524,1700,2900000,,,58024900,,,25/05/2026,,,,,,,,,,,,,,,,,,,,,IL0003830184,383
אקסיליון אפ 5,אילנ.א5,1204064, כתבי אופציה ,9.30,0.00,0.00,סוף יום,9.30,,0.00,0.00,0.00,,סוף יום,0.0,3.3,0,0,485,1600,260000,,,5213075,,,25/05/2026,,,,,,,,,,,,70.0000000 ,70.0000000,לא צמוד,05/10/2026,1.0547900,אקסיליון,30.20,,,IL0012040643,383
אקסיליון אפ 7,אילנ.א7,1217280, כתבי אופציה ,7.40,0.00,0.00,סוף יום,7.40,,0.00,0.00,0.00,,סוף יום,0.0,5.7,0,0,382,1700,260000,,,5159033,,,25/05/2026,,,,,,,,,,,,50.0000000 ,50.0000000,לא צמוד,05/10/2026,1.0000000,אקסיליון,30.20,,,IL0012172800,383
אקסל,אקסל,770016, מניות,199.00,3.59,582.28,סוף יום,192.10,193.10,201.30,193.00,6.90,,סוף יום,4.3,7.0,159,293293,384867,260,520000,,,193400684,,,,,,,,,,,,,,,,,,,,,,,,IL0007700169,770
אקסל      אגח א,אקסל.ק1,1234673,איגרות חוב,98.48,0.00,126.66,סוף יום,98.48,98.48,98.50,98.48,0.00,,סוף יום,0.3,2.4,5,128608,54164,5100,1020000,,,55000000,,,,לא צמוד,5.00000,31/03/2032,,,,,,,,,,,,,,,,,,IL0012346735,770,15011.38000,29207.24500,לא
אקסל      אפ 11,אקסל.א11,1234699, כתבי אופציה ,79.50,0.00,0.00,סוף יום,79.50,79.50,0.00,0.00,0.00,,סוף יום,7.9,110.9,0,0,7871,260,500000,,,9900000,,,,,,,,,,,,,,,245.0000000 ,245.0000000,לא צמוד,12/01/2029,1.0000000,אקסל,199.00,,,IL0012346990,770
אקרו,אקרו,1184902, מניות,4265.00,1.43,1017.97,סוף יום,4205.00,3968.00,4265.00,3968.00,60.00,,סוף יום,7.2,-7.5,591,24049,2689762,13,25000,,,63065930,,,,,,,,,,,,,,,,,,,,,,,,IL0011849028,2360
אקרו      אגח א,אקרו.ק1,1188572,איגרות חוב,101.02,0.00,46.99,סוף יום,101.02,101.02,101.02,101.02,0.00,,סוף יום,0.1,3.8,67,46516,565712,5000,1980000,,,560000000,,,,לא צמוד,4.53000,31/12/2027,,,,,,,,,,,,,,,,,,IL0011885725,2360,493869.37500,430622.46500,לא
אקרו      אגח ב,אקרו.ק2,1226059,איגרות חוב,100.79,-0.01,61.73,סוף יום,100.80,100.80,100.81,100.68,-0.01,,סוף יום,0.2,2.0,60,61242,251975,5000,1990000,,,250000000,,,,לא צמוד,5.38000,31/12/2032,,,,,,,,,,,,,,,,,,IL0012260597,2360,338209.30500,136601.93000,לא
אר פי אופטיקל,ארפי,1222462, מניות,3352.00,-5.18,5825.86,סוף יום,3535.00,3535.00,3560.00,3331.00,-183.00,,סוף יום,-6.1,13.9,1473,170586,2506116,14,28000,,,74764802,,,,,,,,,,,,,,,,,,,,,,,,IL0012224627,2479
אראסאל,רסל,299016, מניות,1025.00,-1.16,33.26,סוף יום,1037.00,1037.00,1044.00,1006.00,-12.00,,סוף יום,0.2,-28.7,39,3244,103757,49,98000,,,10122675,,,,,,,,,,,,,,,,,,,,,,,,IL0002990161,299
ארבה אג א,ארב.ה1,1207489, איגרות חוב להמרה ,84.00,0.00,0.00,סוף יום,84.00,84.00,0.00,0.00,0.00,,סוף יום,8.1,-3.0,0,0,74173,640,640000,,,88300973,,,,דולר,4.53300,30/05/2028,ארבה רובוטיקס,01179662,IL0011796625,9.5300000,191.00,22/05/2028,,28/05/2024,,,,,,,,,,IL0012074899,1975
ארבה רובוטיקס,ארבה,1179662, מניות,191.00,-0.57,13.98,סוף יום,192.10,192.10,192.60,190.00,-1.10,,סוף יום,-1.1,-46.5,16,7320,243154,260,520000,,,127305848,NASDAQ-GM,,,,,,,,,,,,,,,,,,,,,,,IL0011796625,1975
ארגו פרופ  אג 1,ארגו.ה1,1230705, איגרות חוב להמרה ,112.80,0.00,0.00,סוף יום,112.80,112.80,0.00,0.00,0.00,,סוף יום,-1.0,13.5,0,0,451200,440,440000,,,400000000,,,,לא צמוד,2.00000,31/12/2030,ארגו פרופרטיז,01175371,NL0015000D84,160.0000000,14020.00,23/12/2030,,,,,,,,,,,,IL0012307059,1884
ארגו פרופרטיז,ארגו,1175371, מניות,14020.00,1.15,1947.72,סוף יום,13860.00,13690.00,14050.00,13690.00,160.00,,סוף יום,6.9,7.9,536,13922,3202166,4,7600,,,22839989,,,,,,,,,,,,,,,,,,,,,,,,NL0015000D84,1884
ארד,ארד,1091651, מניות,5015.00,-0.73,219.22,סוף יום,5052.00,5052.00,5079.00,5002.00,-37.00,,סוף יום,-0.7,0.4,106,4353,1240246,10,20000,,,24730728,,,,,,,,,,,,,,,,,,,,,,,,IL0010916513,1219
ארזים     אגח 2,ארזם.ק2,1380047,איגרות חוב,186.00,0.00,0.00,סוף יום,186.00,186.00,0.00,0.00,0.00,,סוף יום,0.0,-6.3,0,0,29281,2700,540000,,,15742659,,,,מדד המחירים לצרכן,6.50000,30/04/2027,,,,,,,100.70,15/05/2005,,,,,,,,,,IL0013800474,138,0.00000,0.00000,לא
ארזים     אגח 4,ארזם.ק4,1380104,איגרות חוב,117.00,0.15,11.85,סוף יום,116.82,116.82,117.00,117.00,0.18,,סוף יום,0.4,0.0,2,10128,114217,4300,860000,,,97620975,,,,מדד המחירים לצרכן,6.20000,30/04/2027,,,,,,,99.40,15/06/2007,,,,,,,,,,IL0013801043,138,5055.07000,11487.50000,לא
ארי נדלן,ארינ,366013, מניות,530.00,0.19,1599.08,סוף יום,529.00,534.00,534.00,521.30,1.00,,סוף יום,6.5,34.1,376,302555,2468312,100,200000,,,465719318,,,,,,,,,,,,,,,,,,,,,,,,IL0003660136,366
ארי נדלן   אפ 1,ארינ.א1,1212349, כתבי אופציה ,258.60,1.41,15.22,סוף יום,255.00,258.00,265.00,256.10,3.60,,סוף יום,20.3,81.1,13,5887,50424,100,230000,,,19498995,,,,,,,,,,,,,,,283.2630000 ,283.2630000,לא צמוד,27/09/2027,1.0000000,ארי נדלן,530.00,,,IL0012123498,366
ארי נדלן   אפ 2,ארינ.א2,1245190, כתבי אופציה ,88.00,7.58,8.55,סוף יום,81.80,81.80,93.00,82.00,6.20,,סוף יום,28.3,19.1,7,9920,12936,100,730000,,,14700000,,,,,,,,,,,,,,,570.0000000 ,570.0000000,לא צמוד,21/01/2028,1.0000000,ארי נדלן,530.00,,,IL0012451907,366
ארי נדלן  אגח א,ארינ.ק1,3660156,איגרות חוב,114.60,0.08,0.36,סוף יום,114.51,114.51,115.01,114.51,0.09,,סוף יום,-0.3,3.3,4,317,757258,4300,870000,,,660783532,,,,מדד המחירים לצרכן,1.90000,01/04/2027,,,,,,,104.10,15/04/2022,,,,,,,,,,IL0036601560,366,41375.61500,31985.64500,לא
ארי נדלן  אגח ב,ארינ.ק2,1212331,איגרות חוב,106.32,0.00,0.00,סוף יום,106.32,106.32,0.00,0.00,0.00,,סוף יום,1.2,6.3,0,0,154956,4800,950000,,,145745000,,,,מדד המחירים לצרכן,3.50000,31/07/2029,,,,,,,108.80,15/09/2024,,,,,,,,,,IL0012123316,366,0.00000,0.00000,לא
אריקה כרמל,ארקה,1178912, מניות,40.30,0.00,0.00,סוף יום,40.30,40.30,0.00,0.00,0.00,,סוף יום,-19.1,-15.2,0,0,18572,1000,2010000,,,46083577,,,,,,,,,,,,,,,,,,,,,,,,IL0011789125,1920
ארית תעשיות,ארית,587014, מניות,1684.00,1.14,3931.88,סוף יום,1665.00,1665.00,1710.00,1662.00,19.00,,סוף יום,7.1,-55.4,1037,233261,1716139,32,64000,,,101908505,OTC,,,,,,,,,,,,,,,,,,,,,,,IL0005870147,587
ארן,ארן,1085265, מניות,4618.00,-0.99,104.48,סוף יום,4664.00,4664.00,4664.00,4500.00,-46.00,,סוף יום,12.2,27.4,28,2268,208838,12,24000,,,4522252,,,,,,,,,,,,,,,,,,,,,,,,IL0010852650,1122
ארפורט    אגח ה,ארפט.ק5,1133487,איגרות חוב,121.05,-0.01,2723.39,סוף יום,121.06,121.06,121.07,120.99,-0.01,,סוף יום,0.3,3.8,91,2249619,1392883,4100,1660000,,,1150667525,,,,מדד המחירים לצרכן,2.34000,28/02/2029,,,,,,,102.30,15/09/2014,,,,,,,,,,IL0011334872,1300,898247.61500,799602.41000,לא
ארפורט    אגח ט,ארפט.ק9,1160944,איגרות חוב,109.57,0.03,1439.06,סוף יום,109.54,109.54,109.64,109.53,0.03,,סוף יום,0.4,3.4,126,1313336,1992733,4600,1830000,,,1818684977,,,,מדד המחירים לצרכן,0.65000,30/08/2035,,,,,,,100.80,15/10/2019,,,,,,,,,,IL0011609448,1300,1957500.26000,1490688.43000,לא
ארפורט    אגח י,ארפט.ק10,1195981,איגרות חוב,103.53,0.04,19.61,סוף יום,103.49,103.49,103.53,103.49,0.04,,סוף יום,0.2,3.4,58,18937,437599,4800,1940000,,,422678571,,,,לא צמוד,5.00000,30/04/2029,,,,,,,,,,,,,,,,,,IL0011959819,1300,366099.57500,246599.94000,לא
ארפורט   אגח יא,ארפט.ק11,1195999,איגרות חוב,111.89,0.12,50.24,סוף יום,111.76,111.76,111.89,111.76,0.13,,סוף יום,0.4,2.7,52,44898,318887,4500,1790000,,,285000000,,,,מדד המחירים לצרכן,2.64000,01/05/2039,,,,,,,103.20,15/04/2023,,,,,,,,,,IL0011959991,1300,174273.67500,182860.59500,לא
ארפורט   אגח יב,ארפט.ק12,1211564,איגרות חוב,112.37,-0.01,56.95,סוף יום,112.38,112.38,112.38,112.35,-0.01,,סוף יום,0.3,3.7,61,50682,983349,4500,1790000,,,875099000,,,,מדד המחירים לצרכן,3.60000,30/04/2037,,,,,,,108.80,15/09/2024,,,,,,,,,,IL0012115643,1300,599474.08500,615017.52000,לא
ארפורט   אגח יג,ארפט.ק13,1232834,איגרות חוב,102.56,0.11,141.82,סוף יום,102.45,102.45,102.56,102.45,0.11,,סוף יום,0.3,3.4,63,138279,474427,4900,1960000,,,462585000,,,,לא צמוד,4.44000,01/05/2033,,,,,,,,,,,,,,,,,,IL0012328345,1300,642022.36000,450197.32000,לא
ארפורט   אגח יד,ארפט.ק14,1232842,איגרות חוב,101.73,0.10,3188.04,סוף יום,101.63,101.63,101.80,101.63,0.10,,סוף יום,0.2,3.5,62,3133494,604480,4900,1970000,,,594200000,,,,מדד המחירים לצרכן,2.80000,30/04/2040,,,,,,,104.10,15/11/2025,,,,,,,,,,IL0012328428,1300,424835.20000,421670.07000,לא
ארפורט סיטי,ארפט,1095835, מניות,5726.00,0.56,5378.71,סוף יום,5694.00,5700.00,5750.00,5612.00,32.00,,סוף יום,6.3,-8.1,1715,94139,6054819,9,19000,,,105742554,,,,,,,,,,,,,,,,,,,,,,,,IL0010958358,1300
אשטרום נכ אגח 9,אשנכ.ק9,2510170,איגרות חוב,103.93,0.05,65.20,סוף יום,103.88,103.88,103.95,103.88,0.05,,סוף יום,0.1,3.8,74,62738,314461,4800,1930000,,,302570319,,,,לא צמוד,5.01000,01/10/2029,,,,,,,,,,,,,,,,,,IL0025101705,251,466177.40500,289885.38500,לא
אשטרום נכ אגח10,אשנכ.ק10,2510204,איגרות חוב,122.02,0.19,141.58,סוף יום,121.79,121.79,122.07,121.79,0.23,,סוף יום,0.1,3.6,88,116049,175436,4100,1640000,,,143776499,,,,מדד המחירים לצרכן,3.34000,02/01/2028,,,,,,,99.20,15/09/2016,,,,,,,,,,IL0025102042,251,134357.73500,72855.08000,לא
אשטרום נכ אגח11,אשנכ.ק11,2510238,איגרות חוב,119.24,-0.03,2616.32,סוף יום,119.27,119.27,119.27,119.21,-0.03,,סוף יום,0.3,3.7,65,2194419,279022,4200,1680000,,,234000000,,,,מדד המחירים לצרכן,1.83000,30/10/2028,,,,,,,101.30,15/08/2018,,,,,,,,,,IL0025102380,251,292438.06000,264620.82500,לא
אשטרום נכ אגח12,אשנכ.ק12,2510279,איגרות חוב,117.81,0.08,56.12,סוף יום,117.71,117.71,117.86,117.71,0.10,,סוף יום,0.4,3.6,64,47631,570195,4300,1700000,,,483995400,,,,מדד המחירים לצרכן,1.53000,01/07/2029,,,,,,,100.10,15/06/2020,,,,,,,,,,IL0025102794,251,579737.40500,276593.79000,לא
אשטרום נכ אגח13,אשנכ.ק13,2510303,איגרות חוב,113.09,0.12,95.56,סוף יום,112.95,112.74,113.13,112.74,0.14,,סוף יום,0.5,5.0,69,84515,422391,4400,1780000,,,373500000,,,,מדד המחירים לצרכן,1.30000,31/12/2030,,,,,,,102.40,15/11/2021,,,,,,,,,,IL0025103032,251,371497.22500,307385.99000,לא
אשטרום נכ אגח14,אשנכ.ק14,1201896,איגרות חוב,113.28,0.04,898.54,סוף יום,113.23,113.23,113.30,113.20,0.05,,סוף יום,0.4,4.1,140,793365,747296,4400,1770000,,,659689000,,,,מדד המחירים לצרכן,3.68000,01/01/2034,,,,,,,105.10,15/12/2023,,,,,,,,,,IL0012018961,251,758808.85000,526019.53500,לא
אשטרום קב אגח ג,אשקב.ק3,1140102,איגרות חוב,100.87,0.01,4525.02,סוף יום,100.86,100.65,100.90,100.65,0.01,,סוף יום,0.1,3.6,100,4486370,508997,5000,1990000,,,504606947,,,,לא צמוד,4.30000,15/01/2029,,,,,,,,,,,,,,,,,,IL0011401028,1618,648633.22000,485126.14500,לא
אשטרום קב אגח ד,אשקב.ק4,1182989,איגרות חוב,113.63,-0.04,470.36,סוף יום,113.67,113.67,113.67,113.55,-0.04,,סוף יום,0.4,4.0,104,413910,1486411,4400,1770000,,,1308115150,,,,מדד המחירים לצרכן,0.75000,31/12/2029,,,,,,,102.30,15/12/2021,,,,,,,,,,IL0011829897,1618,1528138.40000,1431560.63500,לא
אשטרום קב אגח ה,אשקב.ק5,1199579,איגרות חוב,115.63,0.09,315.23,סוף יום,115.53,115.53,115.70,115.53,0.10,,סוף יום,0.5,4.5,87,272676,954025,4300,1740000,,,825067400,,,,מדד המחירים לצרכן,4.08000,31/12/2032,,,,,,,104.50,15/08/2023,,,,,,,,,,IL0011995797,1618,1535105.50500,1505497.79000,לא
אשטרום קבוצה,אשקב,1132315, מניות,6172.00,-0.63,2820.66,סוף יום,6211.00,6211.00,6282.00,6151.00,-39.00,,סוף יום,10.0,-10.9,874,45592,6883557,9,18000,,,111528785,,,,,,,,,,,,,,,,,,,,,,,,IL0011323156,1618
אשל הירדן אגח ב,אשלי.ק2,1215219,איגרות חוב,101.00,0.00,0.00,סוף יום,101.00,101.00,0.00,0.00,0.00,,סוף יום,1.4,5.0,0,0,50375,5000,1000000,,,49875924,,,,לא צמוד,7.03000,31/12/2028,,,,,,,,,,,,,,,,,,IL0012152190,2396,0.00000,0.00000,לא
אשל הירדן אגח ג,אשלי.ק3,1225317,איגרות חוב,96.70,-0.32,30.10,סוף יום,97.01,97.01,96.72,96.67,-0.31,,סוף יום,1.8,7.5,2,31123,50438,5300,1050000,,,52158998,,,,לא צמוד,8.50000,31/12/2029,,,,,,,,,,,,,,,,,,IL0012253170,2396,27506.73000,69468.63000,לא
באבלס,בבלס,1105139, מניות,15.30,1.32,9.56,סוף יום,15.10,15.30,15.30,15.30,0.20,,סוף יום,4.1,-36.8,1,62500,12712,3400,4150000,,,83085324,,,,,,,,,,,,,,,,,,,,,,,,IL0011051393,1465
באטמ,באטמ,1158823, מניות,49.00,-1.21,70.22,סוף יום,49.60,49.60,49.00,48.80,-0.60,,סוף יום,0.8,-26.1,42,143327,213733,1000,2060000,,,436189124,LONDON,,,,,,,,,,,,,,,,,,,,,,,IL0010849045,2135
באפ טכנו',באפט,1179043, מניות,1011.00,4.23,363.33,סוף יום,970.00,970.00,1041.00,951.30,41.00,,סוף יום,15.5,-0.1,96,35683,51837,57,110000,,,5127254,,,,,,,,,,,,,,,,,,,,,,,,IL0011790438,1933
בגירה,בגרה,1242882, מניות,1010.00,1.04,423.41,סוף יום,999.60,999.60,1021.00,999.00,10.40,,סוף יום,3.4,-14.7,90,42007,2804776,51,100000,,,277700550,,,,,,,,,,,,,,,,,,,,,,,,IL0012428822,2547
בול מסחר אגח ב,בול.ק2,1187061,איגרות חוב,19.92,0.00,0.00,סוף יום,19.92,,0.00,0.00,0.00,,סוף יום,0.0,2.3,0,0,14307,25000,3590000,,,71823420,,,09/07/2026,לא צמוד,15.00000,30/06/2027,,,,,,,,,,,,,,,,,,IL0011870610,1925,0.00000,0.00000,לא
בול מסחר-ש,בול-ש,1176635, מניות,3.90,0.00,0.00,סוף יום,3.90,,0.00,0.00,0.00,,סוף יום,0.0,-33.9,0,0,540,13000,690000,,,13834000,,21/07/2024,21/07/2024,,,,,,,,,,,,,,,,,,,,,IL0011766354,1925
בוליגו,בלגו,1180595, מניות,747.20,-1.35,0.35,סוף יום,757.40,706.40,706.40,706.40,-10.20,,סוף יום,-5.1,-25.3,14,50,419800,64,130000,,,56183145,,,,,,,,,,,,,,,,,,,,,,,,IL0011805954,1980
בונוס ביוגרופ,בונס,485011, מניות,18.00,0.00,199.72,סוף יום,18.00,18.00,18.80,17.90,0.00,,סוף יום,-8.2,-28.3,68,1090575,210264,2600,5100000,,,1168135311,,,,,,,,,,,,,,,,,,,,,,,,IL0004850116,485
בוני תיכון,בנתכ,531012, מניות,4645.00,1.51,50.92,סוף יום,4576.00,4576.00,4718.00,4571.00,69.00,,סוף יום,2.7,37.4,35,1096,758605,11,22000,,,16331642,,,,,,,,,,,,,,,,,,,,,,,,IL0005310128,531
בוני תכון אגחכא,בנתכ.ק21,1198829,איגרות חוב,102.24,0.00,0.00,סוף יום,102.24,102.24,0.00,0.00,0.00,,סוף יום,0.0,3.0,0,0,113486,4900,980000,,,111000000,,,,לא צמוד,7.75000,30/06/2028,,,,,,,,,,,,,,,,,,IL0011988297,531,0.00000,0.00000,לא
בוני תכון אגחכב,בנתכ.ק22,1218007,איגרות חוב,102.00,0.18,26.32,סוף יום,101.82,101.82,102.00,102.00,0.18,,סוף יום,1.3,6.2,2,25799,204000,5000,990000,,,200000000,,,,לא צמוד,6.75000,01/07/2029,,,,,,,,,,,,,,,,,,IL0012180076,531,23354.74000,14439.37500,לא
בוני תכון אגחכג,בנתכ.ק23,1233691,איגרות חוב,100.50,0.66,25.17,סוף יום,99.84,99.84,100.50,100.50,0.66,,סוף יום,0.0,3.9,2,25040,85425,5000,1000000,,,85000000,,,,לא צמוד,6.40000,01/07/2029,,,,,,,,,,,,,,,,,,IL0012336918,531,15407.75000,4549.15000,לא
בזא,בזא,1198910, מניות,14390.00,6.75,22082.37,סוף יום,13480.00,13830.00,14490.00,13830.00,910.00,,סוף יום,18.0,143.9,2429,154727,1797860,4,8200,,,12493813,,,,,,,,,,,,,,,,,,,,,,,,IL0011989105,1361
בזן,בזן,2590248, מניות,234.00,1.08,13758.80,סוף יום,231.50,232.40,238.10,230.00,2.50,,סוף יום,10.5,156.5,1721,5872829,7318805,240,470000,,,3127694634,,,,,,,,,,,,,,,,,,,,,,,,IL0025902482,259
בזן       אגח י,בזן.ק10,2590511,איגרות חוב,98.23,0.01,12.98,סוף יום,98.22,98.22,98.23,98.22,0.01,,סוף יום,0.3,4.1,57,13209,345635,5100,2040000,,,351862613,,,,לא צמוד,2.70000,25/09/2031,,,,,,,,,,,,,,,,,,IL0025905113,259,496460.29000,801345.45000,לא
בזן      אגח טו,בזן.ק15,1211986,איגרות חוב,104.91,-0.07,488.97,סוף יום,104.98,104.98,105.01,104.84,-0.07,,סוף יום,0.2,5.0,85,466022,689502,4800,1910000,,,657232000,,,,לא צמוד,5.25000,25/12/2034,,,,,,,,,,,,,,,,,,IL0012119868,259,1453862.51500,1160379.62500,לא
בזן      אגח יב,בזן.ק12,2590578,איגרות חוב,103.51,0.00,494.80,סוף יום,103.51,103.51,103.59,103.44,0.00,,סוף יום,0.1,4.0,115,477869,958486,4800,1930000,,,925984442,,,,לא צמוד,5.00000,25/09/2029,,,,,,,,,,,,,,,,,,IL0025905782,259,1345717.21000,1153855.63000,לא
בזן      אגח יג,בזן.ק13,1195346,איגרות חוב,107.54,0.01,261.48,סוף יום,107.53,107.53,107.64,107.37,0.01,,סוף יום,0.3,4.0,74,243163,547647,4700,1860000,,,509250000,,,,לא צמוד,5.75000,26/09/2032,,,,,,,,,,,,,,,,,,IL0011953465,259,578745.98500,516296.55000,לא
בזן      אגח יז,בזן.ק17,1242585,איגרות חוב,99.80,0.08,308.13,סוף יום,99.72,99.72,100.05,99.72,0.08,,סוף יום,0.3,1.1,67,308540,399200,5000,2010000,,,400000000,,,,לא צמוד,4.05000,25/09/2036,,,,,,,,,,,,,,,,,,IL0012425851,259,1326037.65000,1901079.30500,כן
בזק,בזק,230011, מניות,801.00,1.53,37222.21,סוף יום,788.90,795.00,806.90,788.90,12.10,,סוף יום,1.9,15.6,3740,4649284,22021066,64,250000,,,2749196695,,,,,,,,,,,,,,,,,,,,,,,,IL0002300114,230
בזק      אגח 11,בזק.ק11,2300234,איגרות חוב,99.72,-0.01,114.87,סוף יום,99.73,99.73,99.72,99.71,-0.01,,סוף יום,0.2,3.6,64,115193,1118972,5000,2010000,,,1122114400,,,,לא צמוד,3.20000,02/06/2030,,,,,,,,,,,,,,,,,,IL0023002343,230,1430540.17000,796825.20500,לא
בזק      אגח 12,בזק.ק12,2300242,איגרות חוב,117.80,-0.02,186.60,סוף יום,117.82,117.70,117.84,117.70,-0.02,,סוף יום,0.2,3.7,68,158417,1196132,4300,1700000,,,1015392000,,,,מדד המחירים לצרכן,1.70000,02/06/2030,,,,,,,101.70,15/06/2019,,,,,,,,,,IL0023002426,230,1440522.63000,1013408.25500,לא
בזק      אגח 13,בזק.ק13,2300309,איגרות חוב,92.10,-0.05,1448.12,סוף יום,92.15,92.15,92.27,92.10,-0.05,,סוף יום,0.0,4.1,134,1571158,2125903,5400,2170000,,,2308255000,,,,לא צמוד,2.79000,02/12/2035,,,,,,,,,,,,,,,,,,IL0023003093,230,3515449.26000,3111560.36500,לא
בזק      אגח 14,בזק.ק14,2300317,איגרות חוב,104.76,0.00,853.44,סוף יום,104.76,104.76,104.85,104.73,0.00,,סוף יום,0.2,3.9,70,814351,840777,4800,1910000,,,802574000,,,,מדד המחירים לצרכן,0.58000,01/06/2035,,,,,,,102.30,15/12/2021,,,,,,,,,,IL0023003176,230,827641.12500,1163166.14500,לא
ביג,ביג,1097260, מניות,71730.00,0.01,8185.26,סוף יום,71720.00,72260.00,72260.00,71580.00,10.00,,סוף יום,5.9,-5.1,913,11382,18575326,1,3000,,,25896175,,,,,,,,,,,,,,,,,,,,,,,,IL0010972607,1327
ביג       אגח ט,ביג.ק9,1141050,איגרות חוב,120.88,0.02,167.81,סוף יום,120.85,120.85,120.94,120.85,0.03,,סוף יום,0.1,3.5,17,138844,203533,4100,830000,,,168375835,,,,מדד המחירים לצרכן,1.95000,20/12/2026,,,,,,,100.30,15/05/2017,,,,,,,,,,IL0011410508,1327,93267.41500,107731.75500,לא
ביג       אגח כ,ביג.ק20,1186188,איגרות חוב,112.82,0.13,109.17,סוף יום,112.67,112.67,112.84,112.67,0.15,,סוף יום,0.5,3.9,58,96760,1010329,4500,1780000,,,895522950,,,,מדד המחירים לצרכן,1.87000,01/05/2033,,,,,,,104.10,15/04/2022,,,,,,,,,,IL0011861882,1327,628603.23000,518532.12500,לא
ביג      אגח טו,ביג.ק15,1162221,איגרות חוב,115.71,0.10,17.79,סוף יום,115.60,115.60,115.74,115.60,0.11,,סוף יום,0.4,3.8,58,15374,796746,4300,1740000,,,688571520,,,,מדד המחירים לצרכן,1.17000,31/01/2030,,,,,,,100.80,15/12/2019,,,,,,,,,,IL0011622219,1327,543890.67000,309017.11500,לא
ביג      אגח טז,ביג.ק16,1168442,איגרות חוב,116.37,0.03,36.43,סוף יום,116.33,116.33,116.38,116.33,0.04,,סוף יום,-0.4,3.1,27,31301,173345,4300,860000,,,148960000,,,,מדד המחירים לצרכן,0.69000,28/08/2028,,,,,,,100.20,15/08/2020,,,,,,,,,,IL0011684425,1327,71014.88500,168192.78500,לא
ביג      אגח יא,ביג.ק11,1151117,איגרות חוב,120.06,0.00,30.37,סוף יום,120.06,120.06,120.06,120.06,0.00,,סוף יום,0.0,3.6,56,25295,600855,4200,1670000,,,500461875,,,,מדד המחירים לצרכן,1.82000,20/10/2027,,,,,,,101.30,15/07/2018,,,,,,,,,,IL0011511172,1327,318872.00000,262182.84500,לא
ביג      אגח יב,ביג.ק12,1156231,איגרות חוב,120.85,0.04,612.51,סוף יום,120.80,120.80,120.89,120.80,0.05,,סוף יום,0.3,3.8,66,506830,690326,4100,1660000,,,571225407,,,,מדד המחירים לצרכן,3.35000,25/02/2028,,,,,,,101.50,15/12/2018,,,,,,,,,,IL0011562316,1327,597014.05500,533241.81000,לא
ביג      אגח יג,ביג.ק13,1159516,איגרות חוב,115.87,0.02,35.28,סוף יום,115.85,115.85,115.88,115.85,0.02,,סוף יום,0.4,3.9,65,30443,606437,4300,1730000,,,523376732,,,,מדד המחירים לצרכן,0.78000,25/03/2029,,,,,,,101.10,15/07/2019,,,,,,,,,,IL0011595167,1327,403370.80000,366454.91500,לא
ביג      אגח יז,ביג.ק17,1168459,איגרות חוב,116.45,0.06,3.82,סוף יום,116.38,116.38,116.45,116.45,0.07,,סוף יום,0.3,2.9,45,3277,194704,4300,1720000,,,167200000,,,,מדד המחירים לצרכן,0.69000,28/08/2028,,,,,,,100.20,15/08/2020,,,,,,,,,,IL0011684599,1327,82417.08500,93051.01000,לא
ביג      אגח יח,ביג.ק18,1174226,איגרות חוב,116.52,0.03,165.72,סוף יום,116.48,116.48,116.59,116.48,0.04,,סוף יום,0.4,3.9,70,142236,1128788,4300,1720000,,,968750001,,,,מדד המחירים לצרכן,1.33000,30/03/2031,,,,,,,100.00,15/03/2021,,,,,,,,,,IL0011742264,1327,703598.59500,574720.96500,לא
ביג      אגח יט,ביג.ק19,1181007,איגרות חוב,96.06,0.03,17.19,סוף יום,96.03,96.03,96.10,96.00,0.03,,סוף יום,0.2,3.6,61,17894,305855,5200,2090000,,,318400000,,,,לא צמוד,2.09000,30/10/2029,,,,,,,,,,,,,,,,,,IL0011810079,1327,278063.90500,245131.58000,לא
ביג      אגח כא,ביג.ק21,1202217,איגרות חוב,109.09,0.00,67.92,סוף יום,109.09,109.09,109.16,109.07,0.00,,סוף יום,0.3,3.7,57,62256,584722,4600,1840000,,,536000000,,,,מדד המחירים לצרכן,2.60000,03/07/2030,,,,,,,105.10,15/12/2023,,,,,,,,,,IL0012022179,1327,736071.91500,317838.06500,לא
ביג      אגח כב,ביג.ק22,1224948,איגרות חוב,104.85,0.01,7498.13,סוף יום,104.84,104.84,104.89,104.84,0.01,,סוף יום,0.4,3.1,52,7151295,246398,4800,1920000,,,235000000,,,,מדד המחירים לצרכן,2.74000,10/12/2029,,,,,,,102.80,15/06/2025,,,,,,,,,,IL0012249483,1327,164606.89000,90704.81000,לא
ביג      אגח כג,ביג.ק23,1224955,איגרות חוב,104.31,0.14,82.13,סוף יום,104.16,104.16,104.32,104.16,0.15,,סוף יום,0.5,3.5,58,78744,357783,4800,1930000,,,343000000,,,,מדד המחירים לצרכן,2.78000,10/01/2031,,,,,,,102.80,15/06/2025,,,,,,,,,,IL0012249558,1327,317748.46500,398385.54500,לא
ביג      אגח כד,ביג.ק24,1227032,איגרות חוב,105.64,0.07,11207.56,סוף יום,105.57,105.57,105.73,105.57,0.07,,סוף יום,0.4,4.4,77,10609189,1142363,4800,1900000,,,1081374000,,,,מדד המחירים לצרכן,3.06000,10/08/2034,,,,,,,103.10,15/07/2025,,,,,,,,,,IL0012270323,1327,1111346.24500,1736494.78000,לא
ביג      אגח כה,ביג.ק25,1236181,איגרות חוב,102.28,0.01,169.08,סוף יום,102.27,102.27,102.35,102.27,0.01,,סוף יום,0.4,2.9,66,165274,1022800,4900,1960000,,,1000000000,,,,מדד המחירים לצרכן,2.37000,21/11/2032,,,,,,,103.60,15/01/2026,,,,,,,,,,IL0012361817,1327,816608.71000,384840.95500,לא
ביג-טק 50 יהש,ביגט,1172295,יחידת השתתפות,103.70,0.00,0.00,סוף יום,103.70,103.70,0.00,0.00,0.00,,סוף יום,1.7,-23.8,0,0,11004,490,530000,,,10611598,,,,,,,,,,,,,,,,,,,,,,,,IL0011722951,1832
ביו דבש,בדבש,1082346, מניות,200.60,-6.39,41.87,סוף יום,214.30,214.30,209.20,195.00,-13.70,,סוף יום,-9.1,87.7,23,20813,31164,230,450000,,,15535145,,,,,,,,,,,,,,,,,,,,,,,,IL0010823461,2093
ביו ויו,בויו,1096049, מניות,81.40,0.00,0.06,סוף יום,81.40,83.10,83.10,83.10,0.00,,סוף יום,1.6,-51.3,1,68,11313,620,690000,,,13898633,,,,,,,,,,,,,,,,,,,,,,,,IL0010960495,1305
ביו מיט    אפ 1,בימט.א1,1187590, כתבי אופציה ,5.40,0.00,0.00,סוף יום,5.40,5.40,0.00,0.00,0.00,,סוף יום,0.0,-19.4,0,0,273,3200,250000,,,5054247,,,,,,,,,,,,,,,205.0000000 ,205.0000000,לא צמוד,01/11/2027,0.5000000,ביומיט פוד  יהש,32.10,,,IL0011875908,1855
ביו מיט    אפ 2,בימט.א2,1201375, כתבי אופציה ,22.80,0.44,0.06,סוף יום,22.70,22.70,28.30,28.30,0.10,,סוף יום,1.3,406.7,1,200,471,3200,100000,,,2063700,,,,,,,,,,,,,,,60.0000000 ,60.0000000,לא צמוד,15/11/2029,0.5000000,ביומיט פוד  יהש,32.10,,,IL0012013756,1855
ביולייט,בולט,1095223, מניות,300.20,-0.63,5.04,סוף יום,302.10,300.40,300.40,298.60,-1.90,,סוף יום,-8.9,-14.7,3,1678,27256,150,300000,,,9079270,,,,,,,,,,,,,,,,,,,,,,,,IL0010952237,1293
ביולייט   אפ 10,בולט.א10,1229327, כתבי אופציה ,5.70,0.00,0.00,סוף יום,5.70,5.70,0.00,0.00,0.00,,סוף יום,1.8,-71.1,0,0,248,150,220000,,,4358100,,,,,,,,,,,,,,,750.0000000 ,750.0000000,לא צמוד,22/03/2027,1.0000000,ביולייט,300.20,,,IL0012293275,1293
ביוליין,ביול,1101518, מניות,1.40,0.00,5.58,סוף יום,1.40,1.40,1.50,1.40,0.00,,סוף יום,0.0,-12.5,6,395656,40732,36000,71430000,,,2909394790,NASDAQ-CM,,,,,,,,,,,,,,,,,,,,,,,IL0011015182,1394
ביומיט פוד  יהש,בימט,1173905,יחידת השתתפות,32.10,0.00,0.14,סוף יום,32.10,32.70,32.70,32.60,0.00,,סוף יום,4.9,1.9,3,440,43019,1600,3270000,,,134014667,,,,,,,,,,,,,,,,,,,,,,,,IL0011739054,1855
ביונ תלת מימד-ש,ביונ-ש,1175561, מניות,162.50,0.00,0.00,סוף יום,162.50,162.50,0.00,0.00,0.00,,סוף יום,0.0,17.8,0,0,7906,310,240000,,,4865099,,21/01/2026,,,,,,,,,,,,,,,,,,,,,,IL0011755613,1859
ביטקור קפיטל,ביטק,1173376, מניות,35.70,-1.92,5.00,סוף יום,36.40,36.40,36.20,35.60,-0.70,,סוף יום,-14.0,-20.3,2,14000,66785,1200,2410000,,,187072758,,,,,,,,,,,,,,,,,,,,,,,,IL0011733768,1862
בינל הנפ התח כו,בנהנ.ק26,1185537,איגרות חוב,113.84,0.00,97.91,סוף יום,113.84,113.84,113.93,113.79,0.00,,סוף יום,0.1,3.5,55,86017,1033610,8800,1760000,,,907950000,,,,מדד המחירים לצרכן,1.09000,31/03/2033,,,,,,,103.50,15/03/2022,,,,,,,,,,IL0011855371,1153,310149.10500,392862.23500,לא
בינל הנפ התח כז,בנהנ.ק27,1189497,איגרות חוב,115.45,0.12,27.41,סוף יום,115.31,115.31,115.45,115.31,0.14,,סוף יום,0.3,4.1,53,23746,923600,8700,1740000,,,800000000,,,,מדד המחירים לצרכן,2.99000,13/03/2034,,,,,,,107.10,15/08/2022,,,,,,,,,,IL0011894974,1153,195315.03000,198611.34500,לא
בינל הנפ מסחרי2,בנהנ.נ2,1232099,איגרות חוב,1030.12,0.00,0.00,סוף יום,1030.12,1030.12,0.00,0.00,0.00,,סוף יום,0.1,2.6,0,0,1152359,490,97000,,,111866500,,,,לא צמוד,,26/11/2026,,,,,,,,,,,,,,,,,,IL0012320995,1153,0.00000,0.00000,כן
בינל הנפ מסחרי3,בנהנ.נ3,1238245,איגרות חוב,1016.95,0.00,0.00,סוף יום,1016.95,1016.95,0.00,0.00,0.00,,סוף יום,0.0,1.7,0,0,1024978,490,98000,,,100789400,,,,לא צמוד,,24/03/2027,,,,,,,,,,,,,,,,,,IL0012382458,1153,5073.10000,5071.70000,כן
בינל הנפ מסחרי4,בנהנ.נ4,1241660,איגרות חוב,1009.01,0.00,0.00,סוף יום,1009.01,1009.01,0.00,0.00,0.00,,סוף יום,0.0,0.9,0,0,1022020,500,99000,,,101289400,,,,לא צמוד,,26/05/2027,,,,,,,,,,,,,,,,,,IL0012416603,1153,0.00000,0.00000,לא
בינל הנפ מסחרי5,בנהנ.נ5,1243898,איגרות חוב,1005.36,0.00,0.00,סוף יום,1005.36,1005.36,0.00,0.00,0.00,,סוף יום,0.0,0.5,0,0,1138239,500,100000,,,113217100,,,,לא צמוד,,30/06/2027,,,,,,,,,,,,,,,,,,IL0012438987,1153,0.00000,0.00000,לא
בינל הנפק אגחיב,בנהנ.ק12,1182385,איגרות חוב,115.47,-0.03,20.93,סוף יום,115.50,115.50,115.50,115.46,-0.03,,סוף יום,-0.1,3.5,59,18124,359385,4300,1730000,,,311236890,,,,מדד המחירים לצרכן,0.10000,07/12/2027,,,,,,,102.40,15/11/2021,,,,,,,,,,IL0011823858,1153,359385.08000,234030.38000,לא
בינל הנפק אגחיג,בנהנ.ק13,1228469,איגרות חוב,102.73,-0.01,448.17,סוף יום,102.74,102.74,102.78,102.72,-0.01,,סוף יום,0.3,3.4,107,436207,1746410,4900,1950000,,,1700000000,,,,מדד המחירים לצרכן,2.52000,04/09/2028,,,,,,,103.50,15/08/2025,,,,,,,,,,IL0012284696,1153,1606288.24500,1872331.74000,לא
בינל הנפק אגחיד,בנהנ.ק14,1238237,איגרות חוב,102.90,0.00,971.35,סוף יום,102.90,102.90,102.97,102.90,0.00,,סוף יום,0.3,2.9,112,943865,1878349,4900,1950000,,,1825412000,,,,מדד המחירים לצרכן,2.14000,23/09/2029,,,,,,,103.50,15/03/2026,,,,,,,,,,IL0012382375,1153,1614119.25000,2235215.83000,כן
בינלאומי,בנלמ,593038, מניות,24260.00,-0.53,25410.99,סוף יום,24390.00,24390.00,24550.00,24200.00,-130.00,,סוף יום,3.1,2.2,3114,104514,24332107,2,8500,,,100297225,,,,,,,,,,,,,,,,,,,,,,,,IL0005930388,593
בירמן,ברמן,530014, מניות,933.10,-0.04,0.02,סוף יום,933.50,933.50,888.80,888.80,-0.40,,סוף יום,0.0,-12.4,2,2,102639,54,110000,,,10999781,,,,,,,,,,,,,,,,,,,,,,,,IL0005300145,530
בית בכפר,בכפר,1183656, מניות,1361.00,-1.80,9.81,סוף יום,1386.00,1386.00,1387.00,1352.00,-25.00,,סוף יום,-2.1,-2.6,23,721,951796,36,72000,,,69933581,,,,,,,,,,,,,,,,,,,,,,,,IL0011836561,1802
בית בכפר   אפ 1,בכפר.א1,1221282, כתבי אופציה ,94.10,0.00,0.00,סוף יום,94.10,94.10,0.00,0.00,0.00,,סוף יום,5.5,4.6,0,0,3091,36,160000,,,3284325,,,,,,,,,,,,,,,1891.8520000 ,1891.8520000,לא צמוד,03/11/2027,1.0000000,בית בכפר,1361.00,,,IL0012212820,1802
בית בכפר  אגח א,בכפר.ק1,1221274,איגרות חוב,102.31,0.00,0.00,סוף יום,102.31,102.31,0.00,0.00,0.00,,סוף יום,-0.1,4.6,0,0,101824,4900,980000,,,99525000,,,,לא צמוד,4.50000,31/03/2032,,,,,,,,,,,,,,,,,,IL0012212747,1802,0.00000,0.00000,לא
בית הזהב,בזהב,235010, מניות,1108.00,0.00,3.37,סוף יום,1108.00,1108.00,1109.00,1108.00,0.00,,סוף יום,2.0,10.8,16,304,171924,46,92000,,,15516585,,,,,,,,,,,,,,,,,,,,,,,,IL0002350101,235
בית הזהב  אגח ד,בזהב.ק4,2350130,איגרות חוב,100.42,0.00,0.00,סוף יום,100.42,100.42,0.00,0.00,0.00,,סוף יום,0.0,3.4,0,0,64424,5000,1000000,,,64155000,,,,לא צמוד,3.16889,31/10/2027,,,,,,,,,,,,,,,,,,IL0023501302,235,0.00000,0.00000,לא
בית וגג,ביגג,1185362, מניות,560.40,1.26,6.81,סוף יום,553.40,553.40,563.00,556.00,7.00,,סוף יום,4.2,-9.8,24,1215,309320,93,190000,,,55196281,,,,,,,,,,,,,,,,,,,,,,,,IL0011853624,2371
בית וגג   אגח א,ביגג.ק1,1224989,איגרות חוב,99.69,0.00,0.00,סוף יום,99.69,99.69,0.00,0.00,0.00,,סוף יום,-0.5,0.5,0,0,173012,5000,1000000,,,173550210,,,,לא צמוד,5.68000,31/03/2030,,,,,,,,,,,,,,,,,,IL0012249897,2371,0.00000,0.00000,לא
בית זיקוק אגח 2,בזא.ק2,1199488,איגרות חוב,108.50,0.12,802.78,סוף יום,108.37,108.37,108.65,108.37,0.13,,סוף יום,0.3,5.9,44,740236,607600,4600,1850000,,,560000000,,,,לא צמוד,7.25000,30/04/2029,,,,,,,,,,,,,,,,,,IL0011994881,1361,454992.23500,321024.46000,לא
בית זיקוק אגח 3,בזא.ק3,1215136,איגרות חוב,105.62,0.00,386.89,סוף יום,105.62,105.62,105.70,105.50,0.00,,סוף יום,0.0,6.6,33,366321,178383,4700,1890000,,,168891000,,,,לא צמוד,5.81000,30/06/2034,,,,,,,,,,,,,,,,,,IL0012151366,1361,176243.45500,87199.80500,לא
בית שמש,מנבש,1081561, מניות,76940.00,-1.42,9181.13,סוף יום,78050.00,78050.00,78210.00,75450.00,-1110.00,,סוף יום,0.8,2.6,3064,12001,7346472,1,1300,,,9548313,,,,,,,,,,,,,,,,,,,,,,,,IL0010815616,1054
בכורי שדה,בכרי,1172618, מניות,412.20,-0.29,15.34,סוף יום,413.40,413.40,413.00,410.10,-1.20,,סוף יום,-3.9,-10.6,14,3722,617242,120,230000,,,149743230,,,,,,,,,,,,,,,,,,,,,,,,IL0011726184,1790
בלאקאדג',בלקג,1172337, מניות,34990.00,2.91,3.50,סוף יום,34000.00,34000.00,34990.00,34990.00,990.00,,סוף יום,2.9,1.0,4,10,582058,1,2900,,,1663498,,,,,,,,,,,,,,,,,,,,,,,,IL0011723371,1853
בלאקאדג'  אגח ג,בלקג.ק3,1206663,איגרות חוב,98.99,0.00,0.00,סוף יום,98.99,98.99,0.00,0.00,0.00,,סוף יום,-0.3,1.0,0,0,97013,5000,1010000,,,98002958,,,,לא צמוד,7.00000,01/07/2029,,,,,,,,,,,,,,,,,,IL0012066630,1853,57792.53000,50108.85500,לא
בלאקאדג'  אגח ד,בלקג.ק4,1215110,איגרות חוב,100.57,0.05,11.70,סוף יום,100.52,100.52,100.60,100.52,0.05,,סוף יום,0.4,0.9,60,11631,184991,5000,2000000,,,183942249,,,,לא צמוד,7.15000,01/04/2029,,,,,,,,,,,,,,,,,,IL0012151101,1853,185689.62000,128918.79500,לא
בלאקאדג'  אגח ה,בלקג.ק5,1228782,איגרות חוב,98.59,-0.41,39.68,סוף יום,99.00,99.00,98.70,98.40,-0.41,,סוף יום,-1.0,1.5,4,40252,83188,5000,1000000,,,84377355,,,,לא צמוד,7.40000,30/09/2030,,,,,,,,,,,,,,,,,,IL0012287822,1853,39411.91000,35857.20000,לא
בלדי,בלדי,1212539, מניות,6699.00,5.71,1627.33,סוף יום,6337.00,6485.00,6734.00,6316.00,362.00,,סוף יום,11.6,66.8,597,24766,2603718,8,16000,בלי דיבידנד,0.99186,38867265,,,,,,,,,,,,,,,,,,,,,,,,IL0012125394,2450
בלדי       אפ 1,בלדי.א1,1216662, כתבי אופציה ,3954.00,5.05,149.10,סוף יום,3764.00,3880.00,4000.00,3765.00,190.00,,סוף יום,19.3,155.3,49,3800,123868,8,15000,,,3132735,,,,,,,,,,,,,,,2672.0620000 ,2672.0620000,לא צמוד,31/01/2028,1.0000000,בלדי,6699.00,,,IL0012166620,2450
בלדי      אגח 1,בלדי.ק1,1212455,איגרות חוב,110.03,0.12,70.64,סוף יום,109.90,109.90,110.14,109.86,0.13,,סוף יום,0.4,5.2,69,64198,330090,4600,1830000,,,300000000,,,,מדד המחירים לצרכן,4.25000,01/01/2030,,,,,,,108.80,15/09/2024,,,,,,,,,,IL0012124553,2450,537964.19000,285646.62000,לא
בלו וייב-ש,בלוב-ש,1096890, מניות,250.00,-3.85,2.00,סוף יום,260.00,250.00,250.00,250.00,-10.00,,סוף יום,-7.4,25.1,1,799,13234,190,260000,,,5293576,,16/07/2023,,,,,,,,,,,,,,,,,,,,,,IL0010968902,1318
בלייד ריינ אפ 1,בלרן.א1,1208594, כתבי אופציה ,17.10,0.00,0.00,סוף יום,17.10,17.10,0.00,0.00,0.00,,סוף יום,0.0,17.1,0,0,2155,1300,630000,,,12601132,,,,,,,,,,,,,,,110.0000000 ,110.0000000,לא צמוד,10/07/2028,1.0000000,בלייד ריינג'ר,40.00,,,IL0012085945,1827
בלייד ריינג'ר,בלרן,1170513, מניות,40.00,3.09,166.84,סוף יום,38.80,38.80,40.10,39.00,1.20,,סוף יום,2.6,-29.2,16,421379,18658,1300,2330000,,,46645662,,,,,,,,,,,,,,,,,,,,,,,,IL0011705139,1827
בליץ,בליץ,424010, מניות,294.50,0.00,0.00,סוף יום,294.50,294.50,0.00,0.00,0.00,,סוף יום,0.0,-43.1,0,0,15906,170,270000,,,5400983,,,,,,,,,,,,,,,,,,,,,,,,IL0004240102,424
בלנדר,בלנד,1172097, מניות,483.40,2.48,85.91,סוף יום,471.70,471.70,509.50,465.00,11.70,,סוף יום,-2.8,-6.8,18,17997,71856,100,200000,,,14864760,,,,,,,,,,,,,,,,,,,,,,,,IL0011720971,1846
בסט קבוצה,בסטק,1242650, מניות,1556.00,0.00,1.81,סוף יום,1556.00,1556.00,1556.00,1556.00,0.00,,סוף יום,5.1,2.1,6,116,2969951,34,68000,,,190870870,,,,,,,,,,,,,,,,,,,,,,,,IL0012426503,2559
בסר הנדסה אגח א,בסרה.ק1,1229418,איגרות חוב,105.44,0.00,0.00,סוף יום,105.44,105.44,0.00,0.00,0.00,,סוף יום,0.0,6.3,0,0,190816,4700,950000,,,180971000,,,,לא צמוד,6.25000,30/06/2032,,,,,,,,,,,,,,,,,,IL0012294182,1490,0.00000,0.00000,לא
בריינסוויי,ברינ,1100718, מניות,4234.00,-1.99,669.96,סוף יום,4320.00,4400.00,4400.00,4214.00,-86.00,,סוף יום,-5.6,35.5,216,15610,1702406,11,22000,,,40207981,NASDAQ-GM,,,,,,,,,,,,,,,,,,,,,,,IL0011007189,1386
בריל,בריל,399014, מניות,1270.00,-2.08,19.48,סוף יום,1297.00,1297.00,1271.00,1270.00,-27.00,,סוף יום,13.0,5.1,3,1534,76613,44,89000,,,6032544,,,,,,,,,,,,,,,,,,,,,,,,IL0003990145,399
ברימאג,ברמג,1094283, מניות,2023.00,1.97,3.62,סוף יום,1984.00,1984.00,2038.00,1985.00,39.00,,סוף יום,4.9,-5.5,8,179,197972,26,52000,,,9786038,,,,,,,,,,,,,,,,,,,,,,,,IL0010942832,1269
ברם תעשיות,ברם,1094515, מניות,189.10,0.00,0.00,סוף יום,189.10,189.10,0.00,0.00,0.00,,סוף יום,5.1,67.6,0,0,38541,280,560000,,,20381023,,,,,,,,,,,,,,,,,,,,,,,,IL0010945157,1274
ברן,ברן,286013, מניות,2020.00,0.45,2010.97,סוף יום,2011.00,2011.00,2049.00,1939.00,9.00,,סוף יום,1.9,-19.8,170,102076,550863,25,50000,,,27270425,,,,,,,,,,,,,,,,,,,,,,,,IL0002860133,286
ברן       אגח ד,ברן.ק4,1244474,איגרות חוב,102.84,0.03,5.74,סוף יום,102.81,102.81,102.84,102.84,0.03,,סוף יום,-0.1,2.8,1,5581,205680,4900,970000,,,200000000,,,,לא צמוד,5.97000,30/06/2034,,,,,,,,,,,,,,,,,,IL0012444746,286,137862.15000,66356.58500,לא
ברנד,ברנד,536011, מניות,261.00,0.00,37.56,סוף יום,261.00,261.00,263.80,257.00,0.00,,סוף יום,1.0,3.7,18,14392,158406,190,390000,,,60692046,,,,,,,,,,,,,,,,,,,,,,,,IL0005360115,536
ברנד אגח ב,ברנד.ק2,1211937,איגרות חוב,105.24,0.00,0.00,סוף יום,105.24,105.24,0.00,0.00,0.00,,סוף יום,0.1,6.9,0,0,59671,4800,950000,,,56700000,,,,לא צמוד,6.90000,30/06/2031,,,,,,,,,,,,,,,,,,IL0012119371,536,7958.25000,31812.08000,לא
ברנד אגח ג,ברנד.ק3,1241066,איגרות חוב,99.51,-0.37,539.86,סוף יום,99.88,99.88,99.99,99.40,-0.37,,סוף יום,-0.4,-0.5,13,542365,59706,5000,1000000,,,60000000,,,,לא צמוד,6.26000,30/06/2033,,,,,,,,,,,,,,,,,,IL0012410663,536,10011.00000,0.00000,לא
ברק בית השקעות,ברקב,1104363, מניות,4047.00,-0.59,12.99,סוף יום,4071.00,4071.00,4120.00,4000.00,-24.00,,סוף יום,-3.6,-9.5,5,321,21470,12,24000,,,530509,,,,,,,,,,,,,,,,,,,,,,,,IL0011043630,1344
ברקת,ברקת,1178276, מניות,324.00,-0.31,12.29,סוף יום,325.00,325.00,324.00,323.90,-1.00,,סוף יום,0.7,12.9,13,3794,175019,160,310000,,,54018100,,,,,,,,,,,,,,,,,,,,,,,,IL0011782765,1940
ברקת קפ   אגח א,ברקת.ק1,1216746,איגרות חוב,98.37,-1.27,16.77,סוף יום,99.64,99.64,99.78,97.71,-1.27,,סוף יום,-1.8,1.1,3,17043,97810,5000,1000000,,,99430690,,,,לא צמוד,7.00000,31/01/2030,,,,,,,,,,,,,,,,,,IL0012167461,1940,47998.41000,60162.73500,לא
גאון אחז  אגח ה,גאון.ק5,1206564,איגרות חוב,107.62,0.00,0.00,סוף יום,107.62,107.62,0.00,0.00,0.00,,סוף יום,1.2,5.3,0,0,55962,4700,940000,,,52000000,,,,לא צמוד,7.58000,30/06/2030,,,,,,,,,,,,,,,,,,IL0012065640,1452,0.00000,25731.75000,לא
גאון אחזקות,גאון,1104744, מניות,12760.00,0.47,163.76,סוף יום,12700.00,12700.00,12780.00,12700.00,60.00,,סוף יום,3.2,183.8,4,1287,395583,4,8100,,,3100184,,,,,,,,,,,,,,,,,,,,,,,,IL0011047441,1452
גאון קבוצה,גנקב,454017, מניות,2122.00,2.12,406.01,סוף יום,2078.00,2078.00,2129.00,2077.00,44.00,,סוף יום,4.4,177.5,85,19199,966330,25,49000,,,45538621,,,,,,,,,,,,,,,,,,,,,,,,IL0004540170,454
גב ים,גבים,759019, מניות,3948.00,0.00,2898.60,סוף יום,3948.00,3948.00,3984.00,3919.00,0.00,,סוף יום,4.7,4.6,1162,73419,8709208,13,27000,,,220597973,,,,,,,,,,,,,,,,,,,,,,,,IL0007590198,759
גב ים     אגח ח,גבים.ק8,7590151,איגרות חוב,94.07,-0.01,1955.76,סוף יום,94.08,94.08,94.18,94.01,-0.01,,סוף יום,0.1,3.9,158,2079072,3534672,5300,2130000,,,3757490795,,,,לא צמוד,2.55000,30/06/2034,,,,,,,,,,,,,,,,,,IL0075901517,759,4921109.26000,3397175.01000,לא
גב ים     אגח ט,גבים.ק9,7590219,איגרות חוב,111.48,-0.02,936.09,סוף יום,111.50,111.50,111.56,111.45,-0.02,,סוף יום,0.4,3.4,85,839400,1184835,4500,1800000,,,1062822906,,,,מדד המחירים לצרכן,0.50000,30/06/2033,,,,,,,100.40,15/02/2020,,,,,,,,,,IL0075902192,759,1041572.33500,479271.19500,לא
גב ים     אגח י,גבים.ק10,7590284,איגרות חוב,108.01,0.06,137.70,סוף יום,107.94,107.94,108.03,107.94,0.07,,סוף יום,0.4,3.4,66,127493,1285797,4600,1860000,,,1190442850,,,,מדד המחירים לצרכן,0.59000,01/07/2035,,,,,,,102.80,15/02/2022,,,,,,,,,,IL0075902846,759,926963.59500,642042.03500,לא
גב ים    אגח יא,גבים.ק11,1208339,איגרות חוב,109.26,0.04,149.29,סוף יום,109.22,109.22,109.32,109.22,0.04,,סוף יום,0.3,3.8,77,136624,1175641,4600,1840000,,,1076003000,,,,מדד המחירים לצרכן,3.34000,31/03/2030,,,,,,,107.10,15/06/2024,,,,,,,,,,IL0012083395,759,637920.96000,546225.72500,לא
גב ים    אגח יב,גבים.ק12,1222587,איגרות חוב,108.02,0.08,224.03,סוף יום,107.93,107.93,108.06,107.93,0.09,,סוף יום,0.5,4.4,68,207371,1428377,4700,1860000,,,1322326000,,,,מדד המחירים לצרכן,3.28000,31/03/2036,,,,,,,103.10,15/05/2025,,,,,,,,,,IL0012225871,759,1238691.27500,1037937.40500,לא
גב ים   מסחרי 4,גבים.נ4,1241132,איגרות חוב,1009.36,0.00,0.00,סוף יום,1009.36,1009.36,0.00,0.00,0.00,,סוף יום,0.0,0.9,0,0,857956,500,99000,,,85000000,,,,לא צמוד,,13/05/2027,,,,,,,,,,,,,,,,,,IL0012411323,759,0.00000,0.00000,לא
גבאי מניבאגח טו,גבמנ.ק15,1211796,איגרות חוב,102.07,0.01,5.10,סוף יום,102.06,102.06,102.07,102.07,0.01,,סוף יום,0.2,2.3,1,5000,130139,4900,980000,,,127500000,,,,לא צמוד,8.14000,31/12/2029,,,,,,,,,,,,,,,,,,IL0012117961,771,0.00000,0.00000,לא
גבאי מניבאגח יב,גבמנ.ק12,7710262,איגרות חוב,98.89,0.00,0.00,סוף יום,98.89,98.89,0.00,0.00,0.00,,סוף יום,-1.1,6.0,0,0,26371,5000,1000000,,,26666666,,,,לא צמוד,4.19000,30/06/2027,,,,,,,,,,,,,,,,,,IL0077102627,771,0.00000,3454.34500,לא
גבאי מניבאגח יג,גבמנ.ק13,7710296,איגרות חוב,101.39,0.00,0.00,סוף יום,101.39,101.39,0.00,0.00,0.00,,סוף יום,0.4,8.6,0,0,25132,4900,990000,,,24787000,,,,לא צמוד,6.25000,30/06/2027,,,,,,,,,,,,,,,,,,IL0077102965,771,0.00000,3715.17500,לא
גבאי מניבאגח יד,גבמנ.ק14,1193176,איגרות חוב,101.88,0.00,0.00,סוף יום,101.88,101.88,0.00,0.00,0.00,,סוף יום,0.0,3.1,0,0,181335,4900,980000,,,177988462,,,,לא צמוד,6.30000,31/12/2027,,,,,,,,,,,,,,,,,,IL0011931768,771,0.00000,0.00000,לא
גבאי קב   אגח א,קגבא.ק1,1224013,איגרות חוב,103.14,0.04,48.83,סוף יום,103.10,103.10,103.20,103.10,0.04,,סוף יום,0.1,6.1,3,47338,206280,4900,970000,,,200000000,,,,לא צמוד,7.35000,31/03/2030,,,,,,,,,,,,,,,,,,IL0012240136,2483,19751.51500,0.00000,לא
גבאי קב   אגח ב,קגבא.ק2,1233634,איגרות חוב,101.44,0.00,0.00,סוף יום,101.44,101.44,0.00,0.00,0.00,,סוף יום,0.0,3.9,0,0,401195,4900,990000,,,395500000,,,,לא צמוד,5.43000,31/12/2029,,,,,,,,,,,,,,,,,,IL0012336348,2483,34987.52000,10360.34000,לא
גבאי קבוצה,קגבא,1224641, מניות,4297.00,-2.34,4.17,סוף יום,4400.00,4400.00,4450.00,4228.00,-103.00,,סוף יום,3.1,-36.2,4,97,558282,12,24000,,,12992366,,,,,,,,,,,,,,,,,,,,,,,,IL0012246414,2483
גבעות     אפ 34,גבעת.א34,1244979, כתבי אופציה ,14.90,-8.59,15.21,סוף יום,16.30,16.30,17.80,13.00,-1.40,,סוף יום,-4.5,24.8,33,103721,540,810,200000,,,3622537,,,,,,,,,,,,,,,51.0000000 ,51.0000000,לא צמוד,14/09/2026,1.0000000,גבעות     יהש,68.10,,,IL0012449794,506
גבעות     יהש,גבעות,506022,יחידת השתתפות,68.10,5.09,915.69,סוף יום,64.80,64.80,68.90,63.60,3.30,,סוף יום,10.2,215.7,193,1365449,254769,810,1620000,,,374109419,,,,,,,,,,,,,,,,,,,,,,,,IL0005060228,506
גוטו,גוטו,1176726, מניות,471.40,-1.36,26.45,סוף יום,477.90,477.90,475.00,467.00,-6.50,,סוף יום,0.7,19.1,5,5611,52304,110,210000,,,11095468,,,,,,,,,,,,,,,,,,,,,,,,IL0011767261,1939
גולד,גולד,149013, מניות,19730.00,0.51,5.33,סוף יום,19630.00,19630.00,20000.00,19700.00,100.00,,סוף יום,2.3,-11.7,9,27,794602,3,5200,,,4027378,,,,,,,,,,,,,,,,,,,,,,,,IL0001490130,149
גולדן אנרג'י,גלדא,1083443, מניות,199.80,2.62,24.42,סוף יום,194.70,194.70,216.90,193.70,5.10,,סוף יום,5.5,-2.8,14,12219,49615,260,530000,,,24832468,OTC,,,,,,,,,,,,,,,,,,,,,,,IL0010834435,2156
גולן תעשיות,גלתע,1091933, מניות,659.30,-1.89,1.03,סוף יום,672.00,672.00,648.00,648.00,-12.70,,סוף יום,-1.2,-32.0,4,159,225691,75,150000,,,34231838,,,,,,,,,,,,,,,,,,,,,,,,IL0010919335,1226
גולף,גולף,1096148, מניות,919.50,-3.48,96.47,סוף יום,952.70,952.70,953.00,902.30,-33.20,,סוף יום,-1.0,41.7,32,10366,407334,54,110000,,,44299481,,,,,,,,,,,,,,,,,,,,,,,,IL0010961485,1310
ג'י וואן,גואנ,1156280, מניות,1071.00,0.00,5.75,סוף יום,1071.00,1071.00,1071.00,1071.00,0.00,,סוף יום,-2.2,17.9,9,537,874703,46,91000,,,81671591,,,,,,,,,,,,,,,,,,,,,,,,IL0011562803,1765
ג'י סיטי,גיסי,126011, מניות,1190.00,-0.08,1694.13,סוף יום,1191.00,1191.00,1195.00,1179.00,-1.00,,סוף יום,5.2,53.5,353,142871,2033392,44,88000,,,170873249,OTC,,,,,,,,,,,,,,,,,,,,,,,IL0001260111,126
ג'י סיטי  אג יז,גיסי.ה17,1198142, איגרות חוב להמרה ,105.40,-0.09,4.75,סוף יום,105.50,105.50,105.50,105.40,-0.10,,סוף יום,0.5,18.1,2,4500,544148,480,480000,,,516269340,,,,לא צמוד,5.50000,01/07/2029,ג'י סיטי,00126011,IL0001260111,15.6589800,1190.00,20/06/2029,,,,,,,,,,,,IL0011981425,126
ג'י סיטי אגח  כ,גיסי.ק20,1208867,איגרות חוב,111.51,0.17,178.02,סוף יום,111.32,111.32,111.51,111.00,0.19,,סוף יום,0.6,4.9,71,159649,704855,4500,1800000,,,632100000,,,,מדד המחירים לצרכן,4.24000,30/09/2030,,,,,,,107.10,15/06/2024,,,,,,,,,,IL0012088675,126,471781.95500,327466.64500,לא
ג'י סיטי אגח טו,גיסי.ק15,1260769,איגרות חוב,119.66,0.00,33.49,סוף יום,119.66,119.66,119.66,119.66,0.00,,סוף יום,0.6,4.9,62,27988,345853,4200,1680000,,,289030156,,,,מדד המחירים לצרכן,1.33000,31/03/2028,,,,,,,100.10,15/10/2020,,,,,,,,,,IL0012607698,126,180609.71500,62246.31000,לא
ג'י סיטי אגח טז,גיסי.ק16,1260785,איגרות חוב,113.77,0.00,609.46,סוף יום,113.77,113.77,113.80,113.77,0.00,,סוף יום,0.3,9.7,111,535680,1901657,4400,1760000,,,1671492130,,,,מדד המחירים לצרכן,1.75000,01/04/2029,,,,,,,101.80,15/08/2021,,,,,,,,,,IL0012607854,126,2035809.18000,1161172.59000,לא
ג'י סיטי אגח יב,גיסי.ק12,1260603,איגרות חוב,121.23,0.20,98.19,סוף יום,120.99,120.99,121.25,120.99,0.24,,סוף יום,0.2,7.6,21,80992,716736,4100,830000,,,591219741,,,,מדד המחירים לצרכן,4.00000,30/06/2027,,,,,,,102.30,15/10/2013,,,,,,,,,,IL0012606039,126,1862936.92000,867366.20000,לא
ג'י סיטי אגח יג,גיסי.ק13,1260652,איגרות חוב,120.07,0.00,159.04,סוף יום,120.07,120.07,120.07,120.07,0.00,,סוף יום,0.2,9.6,83,132455,1260781,4200,1670000,,,1050038172,,,,מדד המחירים לצרכן,3.28000,30/06/2028,,,,,,,99.90,15/02/2018,,,,,,,,,,IL0012606526,126,2480946.18500,1170507.00500,לא
ג'י סיטי אגח יד,גיסי.ק14,1260736,איגרות חוב,105.64,-0.05,522.97,סוף יום,105.69,105.69,105.75,105.40,-0.05,,סוף יום,0.3,13.2,116,495043,1774697,4700,1900000,,,1679948405,,,,מדד המחירים לצרכן,1.79000,30/09/2031,,,,,,,100.80,15/12/2019,,,,,,,,,,IL0012607367,126,2765685.66500,2240620.31500,לא
ג'י סיטי אגח יח,גיסי.ק18,1203850,איגרות חוב,114.33,0.12,45.63,סוף יום,114.19,114.19,114.35,114.19,0.14,,סוף יום,0.4,7.6,63,39910,447580,4400,1760000,,,391481098,,,,מדד המחירים לצרכן,4.83000,30/09/2031,,,,,,,105.00,15/01/2024,,,,,,,,,,IL0012038506,126,203183.41000,139188.29500,לא
ג'י סיטי אגח יט,גיסי.ק19,1205715,איגרות חוב,113.66,-0.01,293.36,סוף יום,113.67,113.67,113.66,113.66,-0.01,,סוף יום,0.3,8.5,68,258104,546032,4400,1760000,,,480408020,,,,מדד המחירים לצרכן,4.15000,30/09/2031,,,,,,,105.40,15/03/2024,,,,,,,,,,IL0012057159,126,297546.09000,140109.98000,לא
ג'י סיטי אגח כא,גיסי.ק21,1212752,איגרות חוב,106.23,-0.05,409.09,סוף יום,106.28,106.28,106.28,106.02,-0.05,,סוף יום,-0.1,11.8,79,385170,599946,4700,1880000,,,564761199,,,,מדד המחירים לצרכן,4.00000,31/03/2031,,,,,,,108.60,15/10/2024,,,,,,,,,,IL0012127523,126,848388.23500,302603.18000,לא
ג'י סיטי אופ 11,גיסי.א11,1214816, כתבי אופציה ,120.60,0.00,0.00,סוף יום,120.60,120.60,0.00,0.00,0.00,,סוף יום,5.5,29.5,0,0,7248,44,300000,,,6009927,,,,,,,,,,,,,,,1906.2420000 ,1906.2420000,לא צמוד,15/12/2027,1.0000000,ג'י סיטי,1190.00,,,IL0012148164,126
ג'י.אס.אי אגח א,גסאפ.ק1,1200922,איגרות חוב,114.42,0.02,0.64,סוף יום,114.40,114.40,114.45,114.45,0.02,,סוף יום,0.1,2.8,2,562,2317965,4400,870000,,,2025839000,,,,לא צמוד,,30/11/2033,,,,,,,,,,,,,,,,,,IL0012009226,2427,31794.23000,269324.65500,לא
ג'י.אס.אי אגח ב,גסאפ.ק2,1210483,איגרות חוב,110.00,0.05,22.67,סוף יום,109.95,109.95,110.07,110.00,0.05,,סוף יום,0.1,2.9,3,20610,2420000,4600,910000,,,2200000000,,,,לא צמוד,,31/08/2032,,,,,,,,,,,,,,,,,,IL0012104837,2427,48740.51500,11230.96500,לא
ג'י.אס.אי אגח ג,גסאפ.ק3,1226117,איגרות חוב,105.75,0.00,0.11,סוף יום,105.75,105.75,105.80,105.80,0.00,,סוף יום,0.0,3.9,2,101,387904,4700,950000,,,366812000,,,,לא צמוד,,30/07/2035,,,,,,,,,,,,,,,,,,IL0012261173,2427,48950.64000,3038.15000,לא
ג'י.אף.אי אגח ה,גיאפ.ק5,1202647,איגרות חוב,74.50,0.00,9.69,סוף יום,74.50,74.50,74.50,74.50,0.00,,סוף יום,-0.3,-28.6,1,13000,126650,6700,1340000,,,170000000,,,,לא צמוד,9.95582,01/12/2026,,,,,,,,,,,,,,,,,,IL0012026477,1639,192296.11500,281436.66000,לא
ג'י.אף.אי אגח ו,גיאפ.ק6,1218767,איגרות חוב,35.50,-1.53,141.02,סוף יום,36.05,36.05,36.00,35.00,-0.55,,סוף יום,-3.3,-57.6,25,396114,32601,14000,2720000,,,91834000,,,,לא צמוד,9.08699,28/02/2031,,,,,,,,,,,,,,,,,,IL0012187675,1639,23609.47500,209359.39000,לא
גיבוי אחזקות,גיבו,448019, מניות,76.30,0.00,0.00,סוף יום,76.30,,0.00,0.00,0.00,,סוף יום,0.0,0.0,0,0,8380,660,550000,,,10983172,,,03/10/2022,,,,,,,,,,,,,,,,,,,,,IL0004480195,448
ג'יטי נדלן אגחא,גיטי.ק1,1224849,איגרות חוב,103.55,0.00,0.00,סוף יום,103.55,103.55,0.00,0.00,0.00,,סוף יום,0.0,3.8,0,0,135319,4800,970000,,,130680000,,,,מדד המחירים לצרכן,3.66000,30/06/2030,,,,,,,102.80,15/06/2025,,,,,,,,,,IL0012248493,2480,0.00000,0.00000,לא
גילת,גילת,1082510, מניות,3096.00,0.03,3335.10,סוף יום,3095.00,3095.00,3141.00,3049.00,1.00,,סוף יום,6.6,-25.1,1028,107604,2341936,17,34000,,,75643929,NASDAQ GSM,,,,,,,,,,,,,,,,,,,,,,,IL0010825102,2030
גילת טלקום,גלטל,1080597, מניות,236.40,-0.25,824.88,סוף יום,237.00,239.00,239.00,235.00,-0.60,,סוף יום,9.2,94.1,163,348653,288828,230,460000,,,122177846,,,,,,,,,,,,,,,,,,,,,,,,IL0010805971,1006
גילת טלקום אג ד,גלטל.ה4,1218205, איגרות חוב להמרה ,237.70,0.00,0.00,סוף יום,237.70,237.70,0.00,0.00,0.00,,סוף יום,9.2,97.2,0,0,63828,230,230000,,,26852537,,,,לא צמוד,5.50000,01/04/2031,גילת טלקום,01080597,IL0010805971,1.0000000,236.40,21/03/2031,,,,,,,,,,,,IL0012182056,1006
ג'ין טכנולוגיות,גיין,1099787, מניות,478.40,1.66,1444.85,סוף יום,470.60,470.60,490.00,471.90,7.80,,סוף יום,17.2,-6.5,369,299644,268499,120,250000,,,56124442,,,,,,,,,,,,,,,,,,,,,,,,IL0010997877,1370
גיקס,גיקס,744011, מניות,1989.00,-3.96,264.24,סוף יום,2071.00,1918.00,2128.00,1892.00,-82.00,,סוף יום,-15.7,14.6,91,13209,49573,21,42000,,,2492351,NASDAQ-CM,,,,,,,,,,,,,,,,,,,,,,,IL0007440113,744
גירון     אגח ז,גירון.ק7,1142629,איגרות חוב,118.57,0.13,58.87,סוף יום,118.42,118.42,118.58,118.42,0.15,,סוף יום,0.5,4.1,54,49648,264717,4200,1700000,,,223257687,,,,מדד המחירים לצרכן,1.90000,01/01/2034,,,,,,,100.60,15/11/2017,,,,,,,,,,IL0011426298,1130,228032.77000,154655.86000,לא
גירון     אגח ח,גירון.ק8,1183151,איגרות חוב,103.43,0.28,47.66,סוף יום,103.14,103.14,103.48,103.14,0.29,,סוף יום,0.3,5.4,51,46079,196517,4800,1940000,,,190000000,,,,מדד המחירים לצרכן,0.39000,31/12/2038,,,,,,,102.30,15/12/2021,,,,,,,,,,IL0011831513,1130,79702.83000,70634.58000,לא
גלוב יהש-ש,גלאנ-ש,1119833,יחידת השתתפות,2.50,0.00,0.00,סוף יום,2.50,,0.00,0.00,0.00,,סוף יום,0.0,0.0,0,0,1068,20000,2140000,,,42730362,,16/07/2023,16/07/2023,,,,,,,,,,,,,,,,,,,,,IL0011198335,1548
גלובל כנפ אגח ג,גלכנ.ק3,1179290,איגרות חוב,101.79,0.36,10.18,סוף יום,101.42,101.42,101.79,101.79,0.37,,סוף יום,0.3,4.1,1,10000,28237,4900,990000,,,27740760,,,,לא צמוד,4.86040,10/04/2028,,,,,,,,,,,,,,,,,,IL0011792905,1559,3.49500,13246.55500,לא
גלובל כנפיים,גלכנ,1141316, מניות,96.30,-0.41,11.86,סוף יום,96.70,96.70,96.70,96.20,-0.40,,סוף יום,3.4,26.4,13,12309,260588,540,1070000,,,270599749,,,,,,,,,,,,,,,,,,,,,,,,IL0011413163,1559
גלובל פיי-ש,גפיי-ש,1081983, מניות,97.00,0.00,0.00,סוף יום,97.00,97.00,0.00,0.00,0.00,,סוף יום,0.0,-24.2,0,0,12138,520,630000,,,12513909,,23/01/2025,,,,,,,,,,,,,,,,,,,,,,IL0010819832,1070
גלוברנדס,גלרס,1147487, מניות,9874.00,-0.88,133.26,סוף יום,9962.00,9934.00,9934.00,9685.00,-88.00,,סוף יום,-5.0,-78.2,24,1351,122145,5,9600,,,1237041,,,,,,,,,,,,,,,,,,,,,,,,IL0011474876,1741
גלעד מאי  אגח ב,גמאי.ק2,1189877,איגרות חוב,103.01,0.00,0.00,סוף יום,103.01,103.01,0.00,0.00,0.00,,סוף יום,0.1,4.5,0,0,56656,4900,970000,,,55000000,,,,לא צמוד,7.34247,30/09/2026,,,,,,,,,,,,,,,,,,IL0011898777,1905,0.00000,0.00000,לא
גלעד מאי  אגח ג,גמאי.ק3,1226018,איגרות חוב,100.37,0.00,0.00,סוף יום,100.37,100.37,0.00,0.00,0.00,,סוף יום,0.0,5.5,0,0,85730,5000,1000000,,,85414000,,,,לא צמוד,6.38000,01/07/2029,,,,,,,,,,,,,,,,,,IL0012260183,1905,0.00000,0.00000,לא
גלעד פקדון אגחא,גלפק.ק1,1200880,איגרות חוב,113.36,0.03,0.88,סוף יום,113.33,113.33,113.40,113.40,0.03,,סוף יום,0.1,2.8,1,773,3282594,4400,880000,,,2895725000,,,,לא צמוד,,30/11/2031,,,,,,,,,,,,,,,,,,IL0012008806,1736,244603.12500,9258.70000,לא
גלעד פקדון אגחב,גלפק.ק2,1210541,איגרות חוב,110.01,0.01,0.36,סוף יום,110.00,110.00,110.07,110.07,0.01,,סוף יום,0.0,2.8,2,329,1304579,4500,910000,,,1185873000,,,,לא צמוד,,31/12/2034,,,,,,,,,,,,,,,,,,IL0012105412,1736,1543.74000,284.25000,לא
גלעד פקדון אגחג,גלפק.ק3,1214501,איגרות חוב,107.91,0.01,0.56,סוף יום,107.90,107.90,107.92,107.92,0.01,,סוף יום,0.0,2.7,2,520,2019293,4600,930000,,,1871275000,,,,לא צמוד,,01/07/2035,,,,,,,,,,,,,,,,,,IL0012145012,1736,5834.99500,5162.90000,לא
גלעד פקדון אגחד,גלפק.ק4,1215037,איגרות חוב,107.34,0.01,0.16,סוף יום,107.33,107.33,107.45,107.45,0.01,,סוף יום,0.0,2.5,2,146,566798,4700,930000,,,528040000,,,,לא צמוד,,01/07/2035,,,,,,,,,,,,,,,,,,IL0012150376,1736,241.81500,101.47500,לא
גלעד פקדון אגחה,גלפק.ק5,1219112,איגרות חוב,107.60,0.01,0.23,סוף יום,107.59,107.59,107.71,107.71,0.01,,סוף יום,0.0,2.9,2,211,823276,4600,930000,,,765126000,,,,לא צמוד,,31/10/2035,,,,,,,,,,,,,,,,,,IL0012191123,1736,878.21500,242.60000,לא
גלעד פקדון אגחו,גלפק.ק6,1216589,איגרות חוב,89.42,0.00,0.01,סוף יום,89.42,89.42,88.98,88.98,0.00,,סוף יום,1.0,-3.3,1,13,174861,5600,1130000,,,195550000,,,,דולר,,02/06/2031,,,,,,,,27/01/2025,,,,,,,,,,IL0012165895,1736,14873.67000,20436.18000,לא
גלעם,גלעם,1243112, מניות,700.90,0.00,0.00,סוף יום,700.90,700.90,0.00,0.00,0.00,,סוף יום,-3.5,-8.0,0,0,947015,69,140000,,,135114173,,,,,,,,,,,,,,,,,,,,,,,,IL0012431123,2568
גמא       אגח ד,גמא.ק4,1223841,איגרות חוב,100.96,0.35,12.74,סוף יום,100.61,100.61,100.96,100.96,0.35,,סוף יום,0.5,2.4,4,12617,386396,5000,1000000,,,382722000,,,,לא צמוד,4.89890,10/01/2030,,,,,,,,,,,,,,,,,,IL0012238411,1510,39056.76500,70274.76000,לא
גמא       אגח ה,גמא.ק5,1242825,איגרות חוב,101.38,0.02,872.10,סוף יום,101.36,101.36,101.39,101.36,0.02,,סוף יום,0.2,1.4,39,860188,520373,4900,990000,,,513290000,,,,לא צמוד,4.24000,20/12/2030,,,,,,,,,,,,,,,,,,IL0012428251,1510,1655870.72000,2253665.83500,כן
גן שמואל,גנשמ,532010, מניות,2090.00,0.58,1635.73,סוף יום,2078.00,2078.00,2113.00,2078.00,12.00,,סוף יום,0.5,-24.6,24,78288,331105,24,48000,,,15842352,,,,,,,,,,,,,,,,,,,,,,,,IL0005320101,532
ג'נגו,גנגו,1178862, מניות,195.30,0.00,0.00,סוף יום,195.30,195.30,0.00,0.00,0.00,,סוף יום,-3.1,14.4,0,0,20107,250,500000,,,10295546,,,,,,,,,,,,,,,,,,,,,,,,IL0011788622,1929
גניגר,גנגר,1095892, מניות,580.00,-1.63,34.92,סוף יום,589.60,589.60,580.00,577.10,-9.60,,סוף יום,-3.0,-29.8,4,6021,88043,84,170000,,,15179767,,,,,,,,,,,,,,,,,,,,,,,,IL0010958929,1301
ג'נסל,גנסל,1169689, מניות,76.30,0.00,0.01,סוף יום,76.30,79.00,79.00,79.00,0.00,,סוף יום,-7.1,-5.8,1,10,34732,610,1220000,,,45520577,,,,,,,,,,,,,,,,,,,,,,,,IL0011696890,1820
ג'נריישן קפ אפ2,גנרש.א2,1243211, כתבי אופציה ,36.10,11.08,96.67,סוף יום,32.50,36.00,37.00,34.00,3.60,,סוף יום,36.2,28.0,38,269081,50139,200,1890000,,,138889000,,,,,,,,,,,,,,,238.8580000 ,238.8580000,לא צמוד,08/12/2026,1.0000000,ג'נריישן קפיטל,271.90,,,IL0012432113,1769
ג'נריישן קפ אפ3,גנרש.א3,1243229, כתבי אופציה ,83.40,0.60,0.18,סוף יום,82.90,82.90,88.90,88.90,0.50,,סוף יום,-1.5,169.0,1,200,115833,200,590000,,,138889000,,,,,,,,,,,,,,,286.8580000 ,286.8580000,לא צמוד,08/12/2027,1.0000000,ג'נריישן קפיטל,271.90,,,IL0012432295,1769
ג'נריישן קפיטל,גנרש,1156926, מניות,271.90,4.26,14605.52,סוף יום,260.80,260.80,275.00,260.70,11.10,,סוף יום,9.2,100.6,2209,5412322,5951510,200,400000,,,2188860016,,,,,,,,,,,,,,,,,,,,,,,,IL0011569261,1769
ג'נרישן קפ אגחב,גנרש.ק2,1177526,איגרות חוב,113.33,0.13,27.26,סוף יום,113.18,113.18,113.33,113.18,0.15,,סוף יום,0.5,4.1,59,24055,393103,4400,1770000,,,346865640,,,,מדד המחירים לצרכן,0.75000,30/06/2031,,,,,,,101.30,15/06/2021,,,,,,,,,,IL0011775264,1769,228481.56000,186090.64500,לא
ג'נרישן קפ אגחג,גנרש.ק3,1184555,איגרות חוב,110.09,-0.01,362.51,סוף יום,110.10,110.10,110.24,110.07,-0.01,,סוף יום,0.5,4.3,74,329202,922782,4600,1830000,,,838207200,,,,מדד המחירים לצרכן,0.75000,30/09/2033,,,,,,,102.80,15/02/2022,,,,,,,,,,IL0011845554,1769,625358.38500,826826.38000,לא
ג'נרישן קפ אגחד,גנרש.ה4,1214964, איגרות חוב להמרה ,235.00,0.00,0.00,סוף יום,235.00,235.00,0.00,0.00,0.00,,סוף יום,0.0,44.8,0,0,49606,210,210000,,,21109035,,,,לא צמוד,4.00000,31/12/2029,ג'נריישן קפיטל,01156926,IL0011569261,1.1251800,271.90,21/12/2029,,,,,,,,,,,,IL0012149642,1769
גפן מגורים,גפנמ,1118116, מניות,79.50,-1.36,29.61,סוף יום,80.60,80.60,80.60,77.20,-1.10,,סוף יום,-0.9,-1.2,35,37267,327049,620,1250000,,,411382879,,,,,,,,,,,,,,,,,,,,,,,,IL0011181166,1532
גפן מגורים אג א,גפנמ.ה1,1199686, איגרות חוב להמרה ,165.70,0.00,0.00,סוף יום,165.70,165.70,0.00,0.00,0.00,,סוף יום,-1.5,12.4,0,0,82705,300,300000,,,49912407,,,,לא צמוד,7.00000,01/10/2028,גפן מגורים,01118116,IL0011181166,0.5450000,79.50,25/09/2028,,,,,,,,,,,,IL0011996860,1532
גרופ 107,ג107,1180181, מניות,58.60,-2.82,12.25,סוף יום,60.30,60.60,60.60,58.00,-1.70,,סוף יום,-5.2,-51.2,9,20918,17195,810,1470000,,,29342374,,,,,,,,,,,,,,,,,,,,,,,,IL0011801813,1960
גרייס ברידינג,גריס,1184365, מניות,1509.00,-1.11,8.93,סוף יום,1526.00,1526.00,1513.00,1434.00,-17.00,,סוף יום,-10.6,-15.8,5,592,64081,30,59000,,,4246582,,,,,,,,,,,,,,,,,,,,,,,,IL0011843658,1997
גרייסטון  אגח א,גרסט.ק1,1213834,איגרות חוב,101.40,0.15,99.99,סוף יום,101.25,101.25,101.41,101.25,0.15,,סוף יום,0.1,1.4,58,98618,1183603,4900,1970000,,,1167261000,,,,לא צמוד,6.35000,31/12/2029,,,,,,,,,,,,,,,,,,IL0012138348,2453,1481344.27500,575743.22000,לא
גשם למשתכן אגחא,גשממ.ק1,1208933,איגרות חוב,105.32,0.00,2.37,סוף יום,105.32,105.32,105.32,105.32,0.00,,סוף יום,0.1,3.9,1,2250,21064,4800,950000,,,20000000,,,,לא צמוד,9.14000,31/03/2027,,,,,,,,,,,,,,,,,,IL0012089335,2440,1745.14500,3265.62500,לא
גשם למשתכן אגחב,גשממ.ק2,1227305,איגרות חוב,101.83,0.18,76.30,סוף יום,101.65,101.65,102.00,101.31,0.18,,סוף יום,0.8,5.7,7,75046,101830,5000,990000,,,100000000,,,,לא צמוד,9.53000,01/07/2029,,,,,,,,,,,,,,,,,,IL0012273053,2440,30837.60500,88620.23500,לא
דה זראסאי אגח ג,דזרס.ק3,1137975,איגרות חוב,26.86,0.00,0.00,סוף יום,26.86,,0.00,0.00,0.00,,סוף יום,0.0,1.8,0,0,194365,19000,3720000,,,723623030,,,18/08/2026,לא צמוד,8.00000,15/05/2028,,,,,,,,,,,,,,,,,,IL0011379752,1604,112157.19000,57115.50000,לא
דה זראסאי אגח ה,דזרס.ק5,1169556,איגרות חוב,52.32,-0.34,36.10,סוף יום,52.50,52.50,52.50,52.00,-0.18,,סוף יום,-0.8,-29.5,7,69065,144822,9500,1900000,,,276800000,,,,לא צמוד,3.21707,31/12/2026,,,,,,,,,,,,,,,,,,IL0011695561,1604,51527.89000,24015.35000,לא
דה לסר    אגח ז,דלסר.ק7,1178920,איגרות חוב,51.46,0.00,160.72,סוף יום,51.46,52.98,52.98,51.45,0.00,,סוף יום,-3.1,-21.3,75,311519,137971,9400,3770000,,,268113733,,,,לא צמוד,8.17055,30/06/2028,,,,,,,,,,,,,,,,,,IL0011789208,1513,516681.37500,151798.08000,לא
דה לסר    אגח ח,דלסר.ק8,1193192,איגרות חוב,97.67,-0.28,309.51,סוף יום,97.94,97.94,98.02,97.60,-0.27,,סוף יום,2.9,3.6,24,316968,288460,5300,1050000,,,295341781,,,,לא צמוד,7.54575,31/12/2026,,,,,,,,,,,,,,,,,,IL0011931925,1513,183853.59000,149265.34500,לא
דה לסר    אגח ט,דלסר.ק9,1205681,איגרות חוב,43.59,-1.07,64.36,סוף יום,44.06,44.06,44.06,43.00,-0.47,,סוף יום,-3.7,-45.3,54,147665,261540,11000,4420000,,,600000000,,,,לא צמוד,9.33315,30/06/2031,,,,,,,,,,,,,,,,,,IL0012056813,1513,420916.98000,182208.44500,לא
דוניץ,דונץ,400010, מניות,25100.00,2.07,674.61,סוף יום,24590.00,23660.00,25540.00,23660.00,510.00,,סוף יום,7.4,-7.0,162,2698,2251715,2,4300,,,8970975,,,,,,,,,,,,,,,,,,,,,,,,IL0004000100,400
דוניץ     אגח ג,דונץ.ק3,1215896,איגרות חוב,102.63,0.06,30.98,סוף יום,102.57,102.57,102.65,102.57,0.06,,סוף יום,0.1,3.6,70,30184,359205,4900,1950000,,,350000000,,,,לא צמוד,5.54000,31/12/2029,,,,,,,,,,,,,,,,,,IL0012158965,400,402656.51000,252071.97000,לא
דור אלון,דראל,1093202, מניות,17950.00,1.64,103.40,סוף יום,17660.00,17660.00,18090.00,17190.00,290.00,,סוף יום,0.9,11.8,30,576,2840887,3,5600,,,15826668,,,,,,,,,,,,,,,,,,,,,,,,IL0010932023,1072
דור אלון  אגח ז,דראל.ק7,1157700,איגרות חוב,100.90,-0.14,170.60,סוף יום,101.04,101.04,101.04,100.87,-0.14,,סוף יום,0.1,3.2,63,169074,481252,5000,1980000,,,476959433,,,,לא צמוד,3.29000,30/09/2027,,,,,,,,,,,,,,,,,,IL0011577009,1072,429072.80000,352182.71500,לא
דור אלון  אגח ט,דראל.ק9,1236934,איגרות חוב,101.06,0.00,15.44,סוף יום,101.06,101.06,101.06,101.06,0.00,,סוף יום,0.1,2.6,58,15278,340365,5000,1980000,,,336795000,,,,לא צמוד,4.50000,31/12/2035,,,,,,,,,,,,,,,,,,IL0012369349,1072,755955.92500,574900.87000,כן
דור אלון אגח  ח,דראל.ק8,1175199,איגרות חוב,111.37,0.07,229.16,סוף יום,111.29,111.29,111.40,111.29,0.08,,סוף יום,0.5,4.2,77,205756,702762,4500,1810000,,,631015455,,,,מדד המחירים לצרכן,0.60000,31/12/2032,,,,,,,100.60,15/04/2021,,,,,,,,,,IL0011751992,1072,914175.14500,623299.31500,לא
דוראל     אגח א,דורל.ק1,1179134,איגרות חוב,115.89,0.70,172.28,סוף יום,115.08,115.08,115.90,115.04,0.81,,סוף יום,0.5,4.7,18,148855,299333,4300,870000,,,258290813,,,,מדד המחירים לצרכן,1.58000,30/06/2028,,,,,,,101.40,15/07/2021,,,,,,,,,,IL0011791345,1801,21829.92500,10911.99000,לא
דוראל     אגח ב,דורל.ק2,1205475,איגרות חוב,112.07,0.00,3.40,סוף יום,112.07,112.07,112.07,112.07,0.00,,סוף יום,0.5,4.0,4,3033,614817,4500,900000,,,548600858,,,,מדד המחירים לצרכן,4.70000,31/07/2031,,,,,,,105.40,15/03/2024,,,,,,,,,,IL0012054750,1801,113247.56500,155975.84000,לא
דוראל     אגח ג,דורל.ק3,1220193,איגרות חוב,108.47,0.01,16.27,סוף יום,108.46,108.46,108.47,108.46,0.01,,סוף יום,0.4,4.3,4,14995,828420,4600,930000,,,763732000,,,,מדד המחירים לצרכן,4.44000,30/06/2032,,,,,,,101.50,15/03/2025,,,,,,,,,,IL0012201930,1801,221459.96500,394065.84000,לא
דוראל אנרגיה,דורל,1166768, מניות,6254.00,1.72,21748.08,סוף יום,6148.00,6148.00,6268.00,6080.00,106.00,,סוף יום,-4.5,70.7,2654,351797,14107217,8,15000,,,225571109,,,,,,,,,,,,,,,,,,,,,,,,IL0011667685,1801
דורסל,דרסל,1190628, מניות,2041.00,-1.78,61.54,סוף יום,2078.00,1981.00,2077.00,1981.00,-37.00,,סוף יום,2.1,-5.3,39,3010,458649,25,50000,,,22471794,,,,,,,,,,,,,,,,,,,,,,,,IL0011906281,2397
דורסל אגח א,דרסל.ק1,1229525,איגרות חוב,98.46,0.00,0.00,סוף יום,98.46,98.46,0.00,0.00,0.00,,סוף יום,0.0,3.6,0,0,88614,5100,1020000,,,90000000,,,,לא צמוד,3.00000,31/12/2028,,,,,,,,,,,,,,,,,,IL0012295254,2397,12011.51000,9468.21000,לא
דורסל אגח ב,דרסל.ק2,1231422,איגרות חוב,103.77,0.12,531.76,סוף יום,103.65,103.65,103.81,103.65,0.12,,סוף יום,0.4,4.5,112,512513,363195,4800,1940000,,,350000000,,,,מדד המחירים לצרכן,3.05000,01/01/2034,,,,,,,103.60,15/10/2025,,,,,,,,,,IL0012314220,2397,859990.56500,483302.51000,לא
דיאסאייטי,דסיט,1238013, מניות,1456.00,2.39,480.43,סוף יום,1422.00,1422.00,1590.00,1422.00,34.00,,סוף יום,6.6,45.6,124,32143,362573,37,73000,,,24902012,,,,,,,,,,,,,,,,,,,,,,,,IL0012380130,2528
דיסק השק  אגח י,דסקש.ק10,6390348,איגרות חוב,100.85,0.00,0.00,סוף יום,100.85,100.85,0.00,0.00,0.00,,סוף יום,0.1,3.4,0,0,81475,5000,990000,,,80788550,,,,לא צמוד,4.92432,30/12/2026,,,,,,,,,,,,,,,,,,IL0063903483,639,69907.01000,44466.51500,לא
דיסק השק אגח יא,דסקש.ק11,6390405,איגרות חוב,100.17,0.04,106.10,סוף יום,100.13,100.13,100.17,100.08,0.04,,סוף יום,0.1,4.4,31,105962,351735,5000,2000000,,,351138280,,,,לא צמוד,3.57663,31/12/2027,,,,,,,,,,,,,,,,,,IL0063904051,639,279856.44500,581137.48000,לא
דיסק מנ  אגח טו,דסקמ.ק15,7480304,איגרות חוב,110.18,-0.01,612.83,סוף יום,110.19,110.19,110.24,110.17,-0.01,,סוף יום,0.4,3.5,108,556126,3004587,4600,1820000,,,2726980211,,,,מדד המחירים לצרכן,0.20000,15/08/2032,,,,,,,102.40,15/11/2021,,,,,,,,,,IL0074803045,748,1646950.55500,1401955.33500,לא
דיסק מנ  אגח טז,דסקמ.ק16,1203157,איגרות חוב,107.91,0.03,371.55,סוף יום,107.88,107.88,107.95,107.82,0.03,,סוף יום,0.4,3.2,94,344314,2529761,4700,1860000,,,2344325062,,,,מדד המחירים לצרכן,2.11000,20/03/2035,,,,,,,105.00,15/01/2024,,,,,,,,,,IL0012031576,748,1428711.88500,1008971.12500,לא
דיסק מנ  אגח יד,דסקמ.ק14,7480163,איגרות חוב,99.66,-0.02,1870.17,סוף יום,99.68,99.68,99.72,99.65,-0.02,,סוף יום,0.2,3.4,109,1876206,2333889,5000,2010000,,,2341851320,,,,לא צמוד,2.68000,05/12/2030,,,,,,,,,,,,,,,,,,IL0074801635,748,2438240.15500,2078713.97000,לא
דיסק מנ  אגח יז,דסקמ.ק17,1215953,איגרות חוב,105.69,-0.01,1064.69,סוף יום,105.70,105.70,105.82,105.68,-0.01,,סוף יום,0.3,3.2,112,1006712,3980737,4700,1900000,,,3766427100,,,,מדד המחירים לצרכן,2.40000,20/03/2035,,,,,,,108.70,15/12/2024,,,,,,,,,,IL0012159534,748,2239396.14500,1892227.98500,לא
דיסק מנ  אגח יח,דסקמ.ק18,1234434,איגרות חוב,102.69,-0.02,463.29,סוף יום,102.71,102.71,102.79,102.66,-0.02,,סוף יום,0.3,2.7,99,450968,2506582,4900,1950000,,,2440921000,,,,מדד המחירים לצרכן,2.22000,20/01/2036,,,,,,,103.60,15/12/2025,,,,,,,,,,IL0012344342,748,1925153.54500,1809183.59000,לא
דיסק מנ מסחרי 7,דסקמ.נ7,1231851,איגרות חוב,1030.16,0.00,0.00,סוף יום,1030.16,1030.16,0.00,0.00,0.00,,סוף יום,0.0,2.5,0,0,1402115,490,97000,,,136106500,,,,לא צמוד,,24/11/2026,,,,,,,,,,,,,,,,,,IL0012318510,748,21266.69000,2575.12500,כן
דיסק מנ מסחרי 8,דסקמ.נ8,1234418,איגרות חוב,1024.92,0.01,1.32,סוף יום,1024.85,1024.85,1024.96,1024.96,0.07,,סוף יום,0.0,2.5,1,129,1247966,490,98000,,,121762300,,,,לא צמוד,,08/01/2027,,,,,,,,,,,,,,,,,,IL0012344185,748,10220.80000,10223.05000,כן
דיסק מנ מסחרי 9,דסקמ.נ9,1239383,איגרות חוב,1013.63,0.03,50.68,סוף יום,1013.36,1013.36,1013.63,1013.63,0.27,,סוף יום,0.1,1.4,1,5000,1280652,490,99000,,,126343100,,,,לא צמוד,,16/04/2027,,,,,,,,,,,,,,,,,,IL0012393836,748,0.00000,0.00000,לא
דיסקונט       א,דסקנט,691212, מניות,3580.00,0.06,36000.11,סוף יום,3578.00,3590.00,3590.00,3541.00,2.00,,סוף יום,4.7,9.6,2275,1008397,43803367,15,58000,,,1223557746,,,,,,,,,,,,,,,,,,,,,,,,IL0006912120,691
דיסקונט השקעות,דסקש,639013, מניות,872.10,2.60,903.85,סוף יום,850.00,850.00,879.90,841.60,22.10,,סוף יום,8.9,-8.4,178,104679,1235127,62,120000,,,141626771,,,,,,,,,,,,,,,,,,,,,,,,IL0006390137,639
דיסקונט מנ נד ח,דסקמנ.ק8,7480312,איגרות חוב,114.15,0.00,12.35,סוף יום,114.15,114.15,114.15,114.15,0.00,,סוף יום,0.2,3.7,47,10822,654194,8800,1760000,,,573100000,,,,מדד המחירים לצרכן,0.20000,01/11/2032,,,,,,,102.40,15/11/2021,,,,,,,,,,IL0074803128,748,246753.09000,319046.95500,לא
דיסקונט מנ נד ט,דסקנ.ק9,1191246,איגרות חוב,116.23,0.01,21.26,סוף יום,116.22,116.22,116.23,116.22,0.01,,סוף יום,0.3,3.7,51,18289,981562,8600,1730000,,,844500000,,,,מדד המחירים לצרכן,3.17000,30/11/2033,,,,,,,107.60,15/11/2022,,,,,,,,,,IL0011912461,748,210206.46500,293335.08000,לא
דיסקונט מנ נד י,דסקמ.ק10,1211069,איגרות חוב,111.43,0.01,33.80,סוף יום,111.42,111.42,111.43,111.42,0.01,,סוף יום,0.4,4.2,49,30332,1396857,9000,1800000,,,1253573528,,,,מדד המחירים לצרכן,3.32000,30/11/2035,,,,,,,107.80,15/08/2024,,,,,,,,,,IL0012110693,748,375538.22000,497472.38500,לא
דיסקנט מנ נד יא,דסמנ.ק11,1227750,איגרות חוב,104.10,-0.09,340.85,סוף יום,104.19,104.19,104.22,104.08,-0.09,,סוף יום,0.2,3.8,56,327423,1259214,9600,1920000,,,1209619846,,,,מדד המחירים לצרכן,3.00000,07/09/2036,,,,,,,103.50,15/08/2025,,,,,,,,,,IL0012277500,748,242441.27500,345738.32000,לא
דיסקנט מנ נד יט,דסקמ.ק19,1234426,איגרות חוב,103.15,-0.10,238.55,סוף יום,103.25,103.25,103.25,103.10,-0.10,,סוף יום,0.3,3.2,52,231280,1042490,9700,1940000,,,1010654000,,,,מדד המחירים לצרכן,2.50000,04/02/2037,,,,,,,103.60,15/12/2025,,,,,,,,,,IL0012344268,748,1464079.53000,1314652.81000,לא
דיפלומט אחזקות,דיפל,1173491, מניות,4560.00,0.22,416.58,סוף יום,4550.00,4401.00,4590.00,4401.00,10.00,,סוף יום,7.9,-5.2,131,9120,1353900,12,24000,,,29690800,,,,,,,,,,,,,,,,,,,,,,,,IL0011734915,1867
דליה      אגח א,דלה.ק1,1184951,איגרות חוב,118.80,0.14,109.50,סוף יום,118.63,118.63,118.82,118.63,0.17,,סוף יום,0.4,4.3,74,92173,897727,4200,1690000,,,755662236,,,,מדד המחירים לצרכן,1.80000,30/09/2031,,,,,,,100.20,15/12/2020,,,,,,,,,,IL0011849515,1840,580678.45000,386939.72000,לא
דליה      אגח ב,דלה.ק2,1193598,איגרות חוב,116.50,0.15,407.57,סוף יום,116.32,116.32,116.52,116.26,0.18,,סוף יום,0.5,4.9,79,349845,1305099,4300,1730000,,,1120256412,,,,מדד המחירים לצרכן,3.30000,01/10/2034,,,,,,,108.00,15/01/2023,,,,,,,,,,IL0011935983,1840,881752.16000,951105.93500,לא
דליה      אגח ג,דלה.ק3,1233311,איגרות חוב,106.03,0.00,17.03,סוף יום,106.03,106.03,106.03,106.03,0.00,,סוף יום,0.1,5.4,50,16061,159045,4700,1890000,,,150000000,,,,מדד המחירים לצרכן,3.34000,30/09/2037,,,,,,,104.10,15/11/2025,,,,,,,,,,IL0012333113,1840,197377.59500,133968.59000,לא
דלק ייזום,דליז,1243757, מניות,6771.00,-2.31,2585.60,סוף יום,6931.00,6994.00,6994.00,6721.00,-160.00,,סוף יום,5.8,944.6,391,38172,1238290,8,16000,,,18288143,,,,,,,,,,,,,,,,,,,,,,,,IL0012437575,2576
דלק נכסים,דלנכ,1196211, מניות,7028.00,-1.77,30.36,סוף יום,7155.00,7155.00,7155.00,6950.00,-127.00,,סוף יום,-6.8,14.5,22,432,1049737,7,13000,,,14936493,,,,,,,,,,,,,,,,,,,,,,,,IL0011962110,2387
דלק נכסים אגח א,דלנכ.ק1,1196179,איגרות חוב,116.98,0.27,73.32,סוף יום,116.66,116.66,117.01,116.66,0.32,,סוף יום,0.6,3.9,73,62681,470882,4300,1720000,,,402531937,,,,מדד המחירים לצרכן,4.40000,30/09/2030,,,,,,,104.00,15/05/2023,,,,,,,,,,IL0011961799,2387,507078.49000,425615.51000,לא
דלק קב   אגח  מ,דלקב.ק40,1217389,איגרות חוב,106.37,0.02,732.69,סוף יום,106.35,106.35,106.51,106.35,0.02,,סוף יום,0.0,5.3,117,688499,1925145,4700,1880000,,,1809857000,,,,לא צמוד,5.69000,30/06/2033,,,,,,,,,,,,,,,,,,IL0012173899,1095,3191758.10500,2490881.11500,לא
דלק קב   אגח מא,דלקב.ק41,1228618,איגרות חוב,108.18,0.00,14179.13,סוף יום,108.18,108.18,108.18,108.07,0.00,,סוף יום,0.0,5.7,111,13107092,2072669,4600,1850000,,,1915945000,,,,לא צמוד,5.68000,01/04/2035,,,,,,,,,,,,,,,,,,IL0012286188,1095,3548459.45000,2352059.82000,לא
דלק קב   אגח מב,דלקב.ק42,1238633,איגרות חוב,104.26,0.12,2760.55,סוף יום,104.13,103.61,104.28,103.61,0.13,,סוף יום,0.0,4.3,133,2648478,1064546,4800,1920000,,,1021049000,,,,לא צמוד,5.08000,30/09/2036,,,,,,,,,,,,,,,,,,IL0012386335,1095,4551134.58000,2304053.88000,כן
דלק קבוצה,דלקקב,1084128, מניות,8928.00,0.74,13315.55,סוף יום,8862.00,8886.00,8970.00,8828.00,66.00,,סוף יום,5.8,10.7,2781,149318,16327654,6,24000,,,182881430,OTC,,,,,,,,,,,,,,,,,,,,,,,IL0010841281,1095
דלק רכב,דלקרכ,829010, מניות,2077.00,3.59,2983.56,סוף יום,2005.00,2005.00,2152.00,1987.00,72.00,,סוף יום,6.5,-14.5,552,144747,2014191,26,51000,,,96975959,,,,,,,,,,,,,,,,,,,,,,,,IL0008290103,829
דלתא גליל,דלתג,627034, מניות,19110.00,0.00,2206.50,סוף יום,19110.00,18990.00,19220.00,18990.00,0.00,,סוף יום,5.3,11.9,1107,11548,5014442,3,5500,,,26239887,,,,,,,,,,,,,,,,,,,,,,,,IL0006270347,627
דלתא גליל אגח א,דלתג.ק1,6270144,איגרות חוב,101.73,0.00,7.88,סוף יום,101.73,101.73,101.73,101.73,0.00,,סוף יום,0.2,3.6,54,7742,113518,4900,1970000,,,111587941,,,,לא צמוד,5.00000,31/08/2028,,,,,,,,,,,,,,,,,,IL0062701441,627,286246.13000,144908.24000,לא
דלתא גליל אגח ו,דלתג.ק6,6270193,איגרות חוב,83.07,-0.35,8.47,סוף יום,83.36,83.36,83.07,83.07,-0.29,,סוף יום,0.2,-2.7,1,10197,45635,6000,1210000,,,54935823,,,,דולר,3.85000,31/12/2026,,,,,,,,27/03/2017,,,,,,,,,,IL0062701938,627,67991.10000,70975.18500,לא
דלתא מותגים,דלתי,1173699, מניות,11140.00,0.72,1039.50,סוף יום,11060.00,10970.00,11250.00,10970.00,80.00,,סוף יום,-1.2,-4.1,904,9322,2788079,4,8900,,,25027639,,,,,,,,,,,,,,,,,,,,,,,,IL0011736993,1858
דמרי,דמרי,1090315, מניות,39630.00,1.43,3214.68,סוף יום,39070.00,39000.00,39990.00,39000.00,560.00,,סוף יום,7.3,7.1,635,8110,9130005,1,5400,,,23038116,,,,,,,,,,,,,,,,,,,,,,,,IL0010903156,1193
דמרי      אגח ט,דמרי.ק9,1168368,איגרות חוב,99.44,0.00,12.27,סוף יום,99.44,99.44,99.44,99.44,0.00,,סוף יום,0.2,3.5,51,12335,189661,5000,2010000,,,190728588,,,,לא צמוד,2.58000,31/12/2027,,,,,,,,,,,,,,,,,,IL0011683682,1193,134806.44500,164382.72500,לא
דמרי      אגח י,דמרי.ק10,1186162,איגרות חוב,100.37,0.03,23.18,סוף יום,100.34,100.34,100.39,100.34,0.03,,סוף יום,0.2,3.6,59,23094,351476,5000,2000000,,,350180000,,,,לא צמוד,4.00000,30/06/2030,,,,,,,,,,,,,,,,,,IL0011861627,1193,278244.87000,233280.63000,לא
דמרי אגח יא,דמרי.ק11,1211606,איגרות חוב,107.43,0.00,31.84,סוף יום,107.43,107.43,107.48,107.40,0.00,,סוף יום,0.2,3.8,62,29637,305266,4700,1860000,,,284153000,,,,לא צמוד,6.12000,30/06/2032,,,,,,,,,,,,,,,,,,IL0012116062,1193,258889.17000,197345.66500,לא
דן מלונות,דן,822015, מניות,2749.00,2.96,4.01,סוף יום,2670.00,2750.00,2750.00,2749.00,79.00,,סוף יום,7.3,-20.6,2,146,3177820,20,39000,,,115599112,,,,,,,,,,,,,,,,,,,,,,,,IL0008220159,822
דנאל,דנאל,314013, מניות,43990.00,0.21,1395.39,סוף יום,43900.00,43900.00,44250.00,43740.00,90.00,,סוף יום,3.6,-3.4,618,3171,2623717,1,2400,,,5964349,,,,,,,,,,,,,,,,,,,,,,,,IL0003140139,314
דניאל פק  אגח א,דנפק.ק1,1224633,איגרות חוב,106.29,0.00,0.17,סוף יום,106.29,106.29,106.34,106.34,0.00,,סוף יום,0.0,3.3,2,161,619268,4700,940000,,,582621000,,,,לא צמוד,,02/07/2035,,,,,,,,,,,,,,,,,,IL0012246331,2496,65403.01500,520.00500,כן
דניאל פק  אגח ב,דנפק.ק2,1227206,איגרות חוב,105.73,0.00,0.00,סוף יום,105.73,105.73,0.00,0.00,0.00,,סוף יום,0.1,3.7,0,0,1057300,4700,950000,,,1000000000,,,,לא צמוד,,14/08/2035,,,,,,,,,,,,,,,,,,IL0012272063,2496,275321.03000,53367.57500,כן
דניאל פק  אגח ג,דנפק.ק3,1230432,איגרות חוב,103.70,0.00,17329.50,סוף יום,103.70,103.70,103.70,103.70,0.00,,סוף יום,0.0,2.7,10,16711182,1037000,4800,960000,,,1000000000,,,,לא צמוד,,23/10/2035,,,,,,,,,,,,,,,,,,IL0012304320,2496,207530.81000,52135.99500,כן
דניאל פק  אגח ד,דנפק.ק4,1236959,איגרות חוב,102.26,0.00,0.21,סוף יום,102.26,102.26,102.26,102.26,0.00,,סוף יום,0.0,2.3,2,201,742276,4900,980000,,,725871000,,,,לא צמוד,,24/02/2036,,,,,,,,,,,,,,,,,,IL0012369596,2496,189785.76000,51121.46000,כן
דניאל פק  אגח ה,דנפק.ק5,1244821,איגרות חוב,100.73,-0.04,25.18,סוף יום,100.77,100.77,100.77,100.59,-0.04,,סוף יום,0.1,0.7,2,25000,1007300,5000,990000,,,1000000000,,,,לא צמוד,,14/07/2036,,,,,,,,,,,,,,,,,,IL0012448218,2496,162135.95000,462512.93500,לא
דניאל פק  אגח ו,דנפק.ק6,1239920,איגרות חוב,101.63,-0.14,22.37,סוף יום,101.77,101.77,101.64,101.62,-0.14,,סוף יום,0.0,1.6,5,22014,922800,4900,980000,,,908000000,,,,לא צמוד,,30/04/2036,,,,,,,,,,,,,,,,,,IL0012399205,2496,100072.74000,30355.14000,לא
דניה סיבוס,דניה,1173137, מניות,11420.00,0.00,1460.70,סוף יום,11420.00,11120.00,11650.00,11120.00,0.00,,סוף יום,7.2,-18.3,563,12761,3757204,5,9400,,,32900212,,,,,,,,,,,,,,,,,,,,,,,,IL0011731374,1096
דניה סיבוס נעמ1,דניה.נ1,1243831,איגרות חוב,1000.11,0.00,0.00,סוף יום,1000.11,1000.11,0.00,0.00,0.00,,סוף יום,0.0,0.0,0,0,220024,500,100000,,,22000000,,,,לא צמוד,,25/06/2027,,,,,,,,,,,,,,,,,,IL0012438318,1096,0.00000,0.00000,לא
דסטיני    אגח א,דסטנ.ק1,1222157,איגרות חוב,103.02,0.03,8.05,סוף יום,102.99,102.99,103.02,102.99,0.03,,סוף יום,0.3,3.5,56,7811,189921,4900,1950000,,,184353740,,,,לא צמוד,5.19000,31/12/2028,,,,,,,,,,,,,,,,,,IL0012221573,2477,183098.83500,130913.13500,לא
הבורסה לניע בתא,ברסה,1159029, מניות,13790.00,1.03,42770.33,סוף יום,13650.00,13570.00,13890.00,13520.00,140.00,,סוף יום,8.4,46.9,3003,310933,12795163,4,16000,,,92785805,,,,,,,,,,,,,,,,,,,,,,,,IL0011590291,1778
הדסית ביו-ש,הדסת-ש,1095405, מניות,64.70,0.00,0.00,סוף יום,64.70,64.70,0.00,0.00,0.00,,סוף יום,-0.2,108.7,0,0,7174,770,550000,,,11088522,,16/07/2023,,,,,,,,,,,,,,,,,,,,,,IL0010954050,1294
הולמס פלייס,הלמס,1142587, מניות,586.10,-1.20,142.60,סוף יום,593.20,593.20,593.20,565.00,-7.10,,סוף יום,-2.6,-8.3,42,24329,597893,83,170000,,,102012060,,,,,,,,,,,,,,,,,,,,,,,,IL0011425878,1706
הום ביוגז,המגז,1172204, מניות,84.90,1.92,50.49,סוף יום,83.30,83.30,84.90,83.10,1.60,,סוף יום,1.4,-37.3,11,59770,37433,600,1190000,,,44090127,,,,,,,,,,,,,,,,,,,,,,,,IL0011722043,1845
הום ביוגז  אפ 1,המגז.א1,1238187, כתבי אופציה ,40.60,0.50,0.25,סוף יום,40.40,40.40,42.00,42.00,0.20,,סוף יום,9.4,625.0,1,600,6349,600,780000,,,15638700,,,,,,,,,,,,,,,65.6000000 ,65.6000000,לא צמוד,18/03/2027,1.0000000,הום ביוגז,84.90,,,IL0012381872,1845
הזדמנות יהש,הזיש,1119924,יחידת השתתפות,140.40,0.72,32.08,סוף יום,139.40,141.00,141.00,135.10,1.00,,סוף יום,5.8,-5.6,25,22850,76161,380,750000,,,54246000,,,,,,,,,,,,,,,,,,,,,,,,IL0011199242,1551
הייב 2040 יהש,הייב,1177765,יחידת השתתפות,125.10,0.00,0.00,סוף יום,125.10,,0.00,0.00,0.00,,סוף יום,0.0,0.0,0,0,4016,400,160000,,,3209900,,,02/10/2023,,,,,,,,,,,,,,,,,,,,,IL0011777658,1885
הייפר גלובל,היפר,1184985, מניות,3269.00,-0.18,1963.03,סוף יום,3275.00,3323.00,3345.00,3250.00,-6.00,,סוף יום,4.8,46.9,466,59980,1677681,16,32000,,,51320915,,,,,,,,,,,,,,,,,,,,,,,,IL0011849853,2369
הילה      אגח ב,הילה.ק2,1206770,איגרות חוב,103.70,0.17,134.88,סוף יום,103.52,103.52,103.70,103.26,0.18,,סוף יום,0.6,3.2,14,130489,202215,4900,970000,,,195000000,,,,מדד המחירים לצרכן,4.50000,31/12/2027,,,,,,,106.90,15/05/2024,,,,,,,,,,IL0012067703,1830,159719.43500,150685.56500,לא
הילה      אגח ג,הילה.ק3,1209063,איגרות חוב,103.54,0.00,0.00,סוף יום,103.54,103.54,0.00,0.00,0.00,,סוף יום,0.0,-2.1,0,0,88261,4800,970000,,,85243000,,,,מדד המחירים לצרכן,5.75000,31/12/2028,,,,,,,107.20,15/07/2024,,,,,,,,,,IL0012090630,1830,0.00000,0.00000,לא
הילה      אגח ד,הילה.ק4,1230416,איגרות חוב,100.74,0.24,23.67,סוף יום,100.50,100.50,100.90,100.66,0.24,,סוף יום,0.2,5.3,3,23501,102251,5000,1000000,,,101500000,,,,מדד המחירים לצרכן,5.20000,31/12/2029,,,,,,,103.60,15/10/2025,,,,,,,,,,IL0012304163,1830,63324.34500,53356.34500,לא
הכש חב בטוחאגח4,הכבט.ק4,1156025,איגרות חוב,105.61,0.00,7.39,סוף יום,105.61,105.61,105.61,105.61,0.00,,סוף יום,0.0,5.5,1,7000,3380,4700,160000,,,3199997,,,,לא צמוד,5.45000,02/01/2028,,,,,,,,,,,,,,,,,,IL0011560252,1187,196.18500,98.76500,לא
הכשרה התחדשות,הכשע,1121474, מניות,731.90,0.58,17.90,סוף יום,727.70,711.10,771.10,711.10,4.20,,סוף יום,0.5,-33.7,35,2446,660232,69,140000,,,90208016,,,,,,,,,,,,,,,,,,,,,,,,IL0011214744,1561
הכשרת הישוב,הכשרה,612010, מניות,4235.00,0.59,567.14,סוף יום,4210.00,4116.00,4282.00,4116.00,25.00,,סוף יום,5.9,6.0,180,13434,1713766,13,25000,,,40466726,,,,,,,,,,,,,,,,,,,,,,,,IL0006120104,612
הכשרת ישוב אג21,הכשר.ק21,6120224,איגרות חוב,120.47,0.16,400.63,סוף יום,120.28,120.28,120.54,120.28,0.19,,סוף יום,0.3,3.8,84,332560,831403,4200,1660000,,,690132499,,,,מדד המחירים לצרכן,1.80000,31/12/2027,,,,,,,100.30,15/10/2017,,,,,,,,,,IL0061202243,612,623662.01000,459533.98000,לא
הכשרת ישוב אג22,הכשר.ק22,6120240,איגרות חוב,120.64,0.32,1932.62,סוף יום,120.26,120.20,120.67,120.20,0.38,,סוף יום,0.4,3.8,30,1602045,150582,4200,830000,,,124818932,,,,מדד המחירים לצרכן,2.25000,30/06/2027,,,,,,,100.60,15/11/2017,,,,,,,,,,IL0061202409,612,267813.41500,183805.09000,לא
הכשרת ישוב אג23,הכשר.ק23,6120323,איגרות חוב,121.42,0.06,63.76,סוף יום,121.35,121.35,121.42,121.35,0.07,,סוף יום,0.3,3.6,68,52514,415272,4100,1650000,,,342012789,,,,מדד המחירים לצרכן,3.30000,31/12/2028,,,,,,,100.40,15/11/2020,,,,,,,,,,IL0061203233,612,349346.04500,564317.08000,לא
הכשרת ישוב אג25,הכשר.ק25,1191527,איגרות חוב,112.50,0.06,158.88,סוף יום,112.43,112.43,112.51,112.43,0.07,,סוף יום,0.3,3.9,81,141223,474544,4500,1780000,,,421817244,,,,מדד המחירים לצרכן,2.70000,31/12/2029,,,,,,,107.60,15/11/2022,,,,,,,,,,IL0011915274,612,369888.88000,244689.64500,לא
הכשרת ישוב אג26,הכשר.ק26,1205640,איגרות חוב,113.99,0.18,336.14,סוף יום,113.79,113.79,114.00,113.79,0.20,,סוף יום,0.5,4.1,72,294904,614406,4400,1760000,,,539000000,,,,מדד המחירים לצרכן,4.45000,30/06/2031,,,,,,,105.40,15/03/2024,,,,,,,,,,IL0012056409,612,656928.89500,758411.50500,לא
הכשרת ישוב אג27,הכשר.ק27,1232941,איגרות חוב,103.83,0.08,683.30,סוף יום,103.75,103.75,103.95,103.75,0.08,,סוף יום,0.3,4.4,94,658137,742050,4800,1930000,,,714678000,,,,מדד המחירים לצרכן,3.45000,01/01/2034,,,,,,,104.10,15/11/2025,,,,,,,,,,IL0012329418,612,979808.07500,795474.69000,לא
המשביר 365,משבי,1104959, מניות,48.30,1.05,3.49,סוף יום,47.80,47.80,48.30,48.30,0.50,,סוף יום,0.2,-56.3,8,7234,84453,1000,2070000,,,174850033,,,,,,,,,,,,,,,,,,,,,,,,IL0011049595,1459
הפניקס,פנקס,767012, מניות,19050.00,-0.26,36179.43,סוף יום,19100.00,19200.00,19200.00,18800.00,-50.00,,סוף יום,2.3,47.9,3836,190574,48029992,3,10000,בלי דיבידנד,0.99169,252125942,,,,,,,,,,,,,,,,,,,,,,,,IL0007670123,767
הפניקס    אגח 4,פנקס.ק4,7670250,איגרות חוב,101.40,0.14,1.10,סוף יום,101.26,101.26,101.52,101.26,0.14,,סוף יום,-0.1,2.5,12,1085,201884,4900,1970000,,,199096998,,,,לא צמוד,5.04000,31/07/2028,,,,,,,,,,,,,,,,,,IL0076702500,767,75733.19000,62943.08500,לא
הפניקס    אגח 5,פנקס.ק5,7670284,איגרות חוב,114.51,0.03,429.19,סוף יום,114.47,114.47,114.55,114.40,0.04,,סוף יום,0.3,3.7,104,374862,1534387,4400,1750000,,,1339959168,,,,מדד המחירים לצרכן,0.44000,01/05/2030,,,,,,,100.40,15/02/2020,,,,,,,,,,IL0076702849,767,2061248.54500,2109043.05500,לא
הפניקס    אגח 6,פנקס.ק6,7670334,איגרות חוב,93.97,-0.02,532.37,סוף יום,93.99,93.99,93.99,93.94,-0.02,,סוף יום,0.2,3.7,95,566492,1598704,5300,2130000,,,1701291753,,,,לא צמוד,1.94000,31/12/2032,,,,,,,,,,,,,,,,,,IL0076703342,767,2355475.58500,1725659.18500,לא
הפניקס    אגח 7,פנקס.ה7,1234632, איגרות חוב להמרה ,113.20,0.18,60.13,סוף יום,113.00,113.00,114.00,112.90,0.20,,סוף יום,-0.4,8.6,7,53120,447375,440,440000,,,395208000,,,,לא צמוד,2.50000,30/06/2028,הפניקס,00767012,IL0007670123,186.0597800,19050.00,20/06/2028,,,,,,,,,,,,IL0012346321,767
הראל הנפ אגח טו,הרהנ.ק15,1143130,איגרות חוב,95.84,0.00,881.22,סוף יום,95.84,95.84,95.90,95.82,0.00,,סוף יום,0.2,3.9,92,919161,654265,5200,2090000,,,682663500,,,,לא צמוד,3.05000,31/12/2034,,,,,,,,,,,,,,,,,,IL0011431306,1367,993085.67500,1201078.58500,לא
הראל הנפ אגח יא,הרהנ.ק11,1136316,איגרות חוב,101.93,-0.06,43.53,סוף יום,101.99,101.99,102.04,101.89,-0.06,,סוף יום,0.1,3.3,60,42706,305790,4900,1970000,,,300000000,,,,לא צמוד,4.36000,31/12/2030,,,,,,,,,,,,,,,,,,IL0011363160,1367,533631.06000,483696.29500,לא
הראל הנפ אגח יב,הרהנ.ק12,1138163,איגרות חוב,101.33,0.09,160.23,סוף יום,101.24,101.24,101.34,101.24,0.09,,סוף יום,0.3,3.3,69,158136,243202,5000,1980000,,,240009973,,,,לא צמוד,3.95000,31/12/2031,,,,,,,,,,,,,,,,,,IL0011381634,1367,289568.53500,201637.02500,לא
הראל הנפ אגח יג,הרהנ.ק13,1138171,איגרות חוב,101.43,0.01,22.17,סוף יום,101.42,101.42,101.43,101.42,0.01,,סוף יום,0.1,3.7,61,21857,243442,4900,1970000,,,240009973,,,,לא צמוד,3.95000,31/12/2032,,,,,,,,,,,,,,,,,,IL0011381717,1367,302227.86500,301907.75000,לא
הראל הנפ אגח יד,הרהנ.ק14,1143122,איגרות חוב,97.10,0.04,314.83,סוף יום,97.06,97.00,97.22,97.00,0.04,,סוף יום,0.2,4.0,77,324359,707734,5200,2060000,,,728871500,,,,לא צמוד,3.05000,01/01/2034,,,,,,,,,,,,,,,,,,IL0011431223,1367,1010596.74500,755110.94000,לא
הראל הנפ אגח יז,הרהנ.ק17,1161454,איגרות חוב,97.86,-0.04,123.06,סוף יום,97.90,97.90,97.90,97.84,-0.04,,סוף יום,0.2,3.2,68,125750,342510,5100,2050000,,,350000000,,,,לא צמוד,1.79000,31/12/2030,,,,,,,,,,,,,,,,,,IL0011614547,1367,524394.18000,717370.28500,לא
הראל הנפ אגח יח,הרהנ.ק18,1182666,איגרות חוב,92.41,-0.01,99.14,סוף יום,92.42,92.42,92.44,92.32,-0.01,,סוף יום,0.1,4.3,61,107284,641041,5400,2170000,,,693692000,,,,לא צמוד,2.63000,31/12/2035,,,,,,,,,,,,,,,,,,IL0011826661,1367,1379502.02500,915244.17500,לא
הראל הנפ אגח יט,הרהנ.ק19,1192772,איגרות חוב,102.26,0.01,37.91,סוף יום,102.25,102.25,102.33,102.18,0.01,,סוף יום,0.3,3.5,70,37068,511300,4900,1960000,,,500000000,,,,לא צמוד,4.38000,31/12/2032,,,,,,,,,,,,,,,,,,IL0011927725,1367,503519.66000,290422.48000,לא
הראל הנפ אגח כב,הרהנ.ק22,1228345,איגרות חוב,103.78,-0.13,34.16,סוף יום,103.92,103.92,103.92,103.78,-0.14,,סוף יום,-0.2,3.8,59,32916,157804,4800,1920000,,,152056174,,,,לא צמוד,4.80000,31/12/2037,,,,,,,,,,,,,,,,,,IL0012283458,1367,554176.73500,313914.52000,לא
הראל הנפ אגח כג,הרהנ.ק23,1228352,איגרות חוב,103.48,-0.07,488.27,סוף יום,103.55,103.55,103.74,103.17,-0.07,,סוף יום,0.0,3.8,96,471491,157348,4800,1930000,,,152056174,,,,לא צמוד,4.80000,31/12/2038,,,,,,,,,,,,,,,,,,IL0012283524,1367,618065.34500,378633.25500,לא
הראל הנפק אגח י,הרהנ.ק10,1134048,איגרות חוב,120.09,0.08,282.34,סוף יום,120.00,120.00,120.19,119.78,0.09,,סוף יום,0.2,3.3,20,235142,354496,4200,830000,,,295191653,,,,מדד המחירים לצרכן,2.40000,31/12/2029,,,,,,,102.10,15/12/2014,,,,,,,,,,IL0011340481,1367,307721.51500,360405.09500,לא
הראל הנפק אגח כ,הרהנ.ק20,1207984,איגרות חוב,112.56,-0.04,511.39,סוף יום,112.61,112.60,112.69,112.55,-0.05,,סוף יום,0.0,4.1,87,454304,562800,4400,1780000,,,500000000,,,,לא צמוד,6.02000,31/12/2036,,,,,,,,,,,,,,,,,,IL0012079849,1367,1083139.00000,565693.79000,לא
הראל הנפק נד כא,הרהנ.ק21,1220607,איגרות חוב,109.99,0.09,303.30,סוף יום,109.89,109.89,110.03,109.77,0.10,,סוף יום,0.0,4.1,78,275917,1099900,9100,1820000,,,1000000000,,,,לא צמוד,5.85000,01/07/2074,,,,,,,,,,,,,,,,,,IL0012206079,1367,2912796.46500,1609671.23000,לא
הראל הנפק נד כד,הרהנ.ק24,1242593,איגרות חוב,100.12,0.03,896.10,סוף יום,100.09,100.09,100.33,100.01,0.03,,סוף יום,-0.2,0.1,28,894926,590619,10000,1000000,,,589911000,,,,לא צמוד,4.67000,30/06/2076,,,,,,,,,,,,,,,,,,IL0012425935,1367,2707412.16500,3187507.54500,לא
הראל השק אגח א,הראל.ק1,5850110,איגרות חוב,91.87,0.05,292.31,סוף יום,91.82,91.82,91.95,91.82,0.05,,סוף יום,0.2,3.6,91,318116,796132,5500,2180000,,,866585739,,,,לא צמוד,1.95000,31/12/2035,,,,,,,,,,,,,,,,,,IL0058501102,585,1117031.08500,834582.00000,לא
הראל השקעות,הראל,585018, מניות,19770.00,-0.35,20722.70,סוף יום,19840.00,19970.00,19970.00,19590.00,-70.00,,סוף יום,3.1,65.6,3221,105039,40629344,3,10000,,,205510088,,,,,,,,,,,,,,,,,,,,,,,,IL0005850180,585
הראל פיקד אגח ב,הרפק.ק2,1162502,איגרות חוב,107.36,0.09,128.83,סוף יום,107.26,107.26,107.39,107.31,0.10,,סוף יום,0.1,3.5,4,120000,117888,4700,930000,,,109806000,,,,לא צמוד,1.20000,24/01/2027,,,,,,,,,,,,,,,,,,IL0011625022,1781,81709.34500,34271.00000,לא
הראל פיקד אגח ג,הרפק.ק3,1191386,איגרות חוב,118.45,0.03,0.86,סוף יום,118.42,118.42,118.48,118.48,0.03,,סוף יום,0.1,2.8,2,722,3185022,4200,840000,,,2688917000,,,,לא צמוד,,01/12/2028,,,,,,,,,,,,,,,,,,IL0011913865,1781,76783.24000,43702.28000,לא
הראל פיקד אגח ד,הרפק.ק4,1209113,איגרות חוב,110.29,0.03,1.09,סוף יום,110.26,110.26,110.32,110.32,0.03,,סוף יום,0.0,2.7,2,987,4053151,4500,910000,,,3674994000,,,,לא צמוד,,22/07/2032,,,,,,,,,,,,,,,,,,IL0012091133,1781,97435.97500,24535.33000,לא
הראל פיקד אגח ה,הרפק.ק5,1235944,איגרות חוב,102.59,0.00,0.28,סוף יום,102.59,102.59,102.59,102.59,0.00,,סוף יום,-0.1,2.6,2,270,1028394,4900,970000,,,1002431000,,,,לא צמוד,,05/02/2036,,,,,,,,,,,,,,,,,,IL0012359449,1781,21152.25000,10367.34000,לא
הראל פיקד אגח ו,הרפק.ק6,1246412,איגרות חוב,100.23,0.00,0.00,סוף יום,100.23,100.23,0.00,0.00,0.00,,סוף יום,0.1,0.2,0,0,1118150,5000,1000000,,,1115584000,,,,לא צמוד,,25/08/2036,,,,,,,,,,,,,,,,,,IL0012464124,1781,56291.00000,56291.00000,לא
הראל ריב  אגח א,הריב.ק1,1214360,איגרות חוב,109.06,0.01,0.44,סוף יום,109.05,109.05,109.10,109.10,0.01,,סוף יום,0.0,2.8,2,402,1579232,4600,920000,,,1448040000,,,,לא צמוד,,03/12/2034,,,,,,,,,,,,,,,,,,IL0012143603,2457,110055.16000,1280723.59500,לא
הראל ריב  אגח ב,הריב.ק2,1218783,איגרות חוב,107.80,0.01,0.27,סוף יום,107.79,107.79,107.84,107.84,0.01,,סוף יום,0.1,2.9,2,249,970200,4600,930000,,,900000000,,,,לא צמוד,,06/03/2035,,,,,,,,,,,,,,,,,,IL0012187832,2457,27526.24500,379.71500,לא
הראל ריב  אגח ג,הריב.ק3,1221993,איגרות חוב,105.85,0.05,345.25,סוף יום,105.80,105.80,105.91,105.75,0.05,,סוף יום,0.1,3.0,7,326155,1470225,4700,950000,,,1388970000,,,,לא צמוד,,22/05/2035,,,,,,,,,,,,,,,,,,IL0012219932,2457,39960.05000,61988.45000,לא
הראל ריב  אגח ד,הריב.ק4,1228584,איגרות חוב,105.44,0.01,0.35,סוף יום,105.43,105.43,105.48,105.48,0.01,,סוף יום,0.1,3.7,2,333,1265280,4700,950000,,,1200000000,,,,לא צמוד,,09/09/2035,,,,,,,,,,,,,,,,,,IL0012285842,2457,114769.85500,48835.27500,לא
הראל ריב  אגח ה,הריב.ק5,1229202,איגרות חוב,104.57,0.09,52.50,סוף יום,104.48,104.48,104.58,104.57,0.09,,סוף יום,0.3,2.6,3,50207,781765,4800,960000,,,747600000,,,,לא צמוד,,18/09/2035,,,,,,,,,,,,,,,,,,IL0012292020,2457,21903.85500,27929.12000,לא
הראל ריב  אגח ו,הריב.ק6,1240761,איגרות חוב,101.74,0.03,51.26,סוף יום,101.71,101.71,101.74,101.74,0.03,,סוף יום,0.1,1.7,3,50381,1394652,4900,980000,,,1370800000,,,,לא צמוד,,07/05/2036,,,,,,,,,,,,,,,,,,IL0012407610,2457,107834.34000,146821.06000,לא
וואן טכנולוגיות,וואן,161018, מניות,7175.00,0.00,3651.75,סוף יום,7175.00,7210.00,7260.00,7155.00,0.00,,סוף יום,4.0,-16.2,1059,50685,5284348,7,14000,,,73649450,,,,,,,,,,,,,,,,,,,,,,,,IL0001610182,161
ווטר אי או,ווטר,1180306, מניות,159.90,-3.96,9.73,סוף יום,166.50,175.50,175.50,150.00,-6.60,,סוף יום,-16.4,-39.3,7,6084,4836,260,150000,,,3024413,,,,,,,,,,,,,,,,,,,,,,,,IL0011803066,1968
וויי בוקס,ובקס,486027, מניות,80.30,-1.11,6.44,סוף יום,81.20,81.20,81.20,80.10,-0.90,,סוף יום,3.1,-27.4,32,8020,295554,640,1280000,,,368061854,,,,,,,,,,,,,,,,,,,,,,,,IL0004860271,486
וויי בוקס  אג ז,ובקס.ה7,1231463, איגרות חוב להמרה ,97.20,0.00,0.00,סוף יום,97.20,97.20,0.00,0.00,0.00,,סוף יום,-1.1,-1.0,0,0,129276,510,510000,,,133000000,,,,לא צמוד,5.00000,31/12/2029,וויי בוקס,00486027,IL0004860271,1.5500000,80.30,21/12/2029,,,,,,,,,,,,IL0012314634,486
וויי בוקס אגח ה,ובקס.ק5,1204841,איגרות חוב,103.86,0.00,0.00,סוף יום,103.86,103.86,0.00,0.00,0.00,,סוף יום,0.3,4.1,0,0,71454,4800,970000,,,68798000,,,,לא צמוד,7.91575,31/03/2027,,,,,,,,,,,,,,,,,,IL0012048414,486,0.00000,0.00000,לא
וויי בוקס אגח ו,ובקס.ק6,1214881,איגרות חוב,101.03,-0.27,7.09,סוף יום,101.30,101.30,101.30,101.03,-0.27,,סוף יום,-0.7,2.7,4,7013,131339,4900,980000,,,130000000,,,,לא צמוד,7.33693,01/07/2029,,,,,,,,,,,,,,,,,,IL0012148818,486,25142.87000,10943.11500,לא
ווינד באז-ס,ונבז-ס,1105162, מניות,18.40,0.00,0.00,סוף יום,18.40,,0.00,0.00,0.00,,סוף יום,0.0,0.0,0,0,14805,2700,4020000,,,80461013,,,07/08/2025,,,,,,,,,,,,,,,,,,,,,IL0011051625,1466
ווישור     אפ 1,וושר.א1,1229251, כתבי אופציה ,618.10,-3.18,7.47,סוף יום,638.40,638.40,650.00,610.00,-20.30,,סוף יום,10.9,10.9,3,1209,46891,36,90000,,,7586358,,,,,,,,,,,,,,,1283.6820000 ,1283.6820000,לא צמוד,02/10/2028,1.0000000,ווישור גלובלטק,1608.00,,,IL0012292517,1865
ווישור    אגח א,וושר.ק1,1229228,איגרות חוב,99.89,0.00,0.00,סוף יום,99.89,99.89,0.00,0.00,0.00,,סוף יום,0.3,5.8,0,0,199421,5000,1000000,,,199641000,,,,לא צמוד,4.25000,31/03/2032,,,,,,,,,,,,,,,,,,IL0012292285,1865,17091.82500,12470.00000,לא
ווישור גלובלטק,וושר,1173228, מניות,1608.00,-0.50,2375.52,סוף יום,1616.00,1616.00,1630.00,1568.00,-8.00,,סוף יום,18.2,22.7,732,149121,2420137,31,62000,בלי דיבידנד,0.99141,150506012,,,,,,,,,,,,,,,,,,,,,,,,IL0011732281,1865
ווסטדייל  אגח ב,וסטד.ק2,1161322,איגרות חוב,99.28,0.12,290.46,סוף יום,99.16,99.16,99.45,99.16,0.12,,סוף יום,0.1,3.3,58,292565,192603,5000,2020000,,,194000000,,,,לא צמוד,4.35000,31/07/2028,,,,,,,,,,,,,,,,,,IL0011613226,1772,178226.88000,90862.40000,לא
ווסטדייל  אגח ג,וסטד.ק3,1208511,איגרות חוב,107.20,0.12,38.31,סוף יום,107.07,107.07,107.20,107.07,0.13,,סוף יום,0.4,3.0,53,35734,447024,4700,1870000,,,417000000,,,,לא צמוד,7.11000,30/10/2029,,,,,,,,,,,,,,,,,,IL0012085119,1772,517569.36000,694168.71500,לא
ווסטדייל  אגח ד,וסטד.ק4,1233097,איגרות חוב,96.75,0.29,50.34,סוף יום,96.47,96.47,97.25,96.47,0.28,,סוף יום,0.4,0.0,52,52034,183825,5200,2080000,,,190000000,,,,לא צמוד,5.88000,31/07/2033,,,,,,,,,,,,,,,,,,IL0012330978,1772,289017.67500,134864.25000,לא
ויז'ן סיגמא,ויזן,350017, מניות,3843.00,0.00,0.00,סוף יום,3843.00,3843.00,0.00,0.00,0.00,,סוף יום,0.0,-27.4,0,0,50934,13,26000,,,1325383,,,,,,,,,,,,,,,,,,,,,,,,IL0003500175,350
וילאר,ולאר,416016, מניות,17550.00,0.52,281.72,סוף יום,17460.00,17460.00,17690.00,17450.00,90.00,,סוף יום,3.8,6.9,260,1602,3091447,3,5900,,,17615084,,,,,,,,,,,,,,,,,,,,,,,,IL0004160169,416
וילאר     אגח י,ולאר.ק10,1193952,איגרות חוב,103.51,0.00,5088.74,סוף יום,103.51,103.51,103.56,103.51,0.00,,סוף יום,0.2,3.6,63,4916165,476144,4800,1940000,,,459998000,,,,לא צמוד,4.89000,31/12/2031,,,,,,,,,,,,,,,,,,IL0011939522,416,316806.94000,181976.41500,לא
וילאר    אגח יא,ולאר.ק11,1223155,איגרות חוב,106.75,0.22,515.12,סוף יום,106.52,106.52,106.82,106.52,0.23,,סוף יום,0.2,3.3,82,482745,521826,4700,1880000,,,488830000,,,,לא צמוד,5.29000,01/07/2035,,,,,,,,,,,,,,,,,,IL0012231556,416,841218.24000,782158.62000,לא
וילאר    אגח יב,ולאר.ק12,1236470,איגרות חוב,102.25,0.11,260.15,סוף יום,102.14,102.14,102.27,102.14,0.11,,סוף יום,0.4,3.2,60,254460,349535,4900,1960000,,,341844000,,,,מדד המחירים לצרכן,2.48000,31/12/2036,,,,,,,103.60,15/01/2026,,,,,,,,,,IL0012364704,416,198272.73000,172491.36000,כן
וילי פוד,ולפוד,371013, מניות,5584.00,-2.00,52.88,סוף יום,5698.00,5698.00,5584.00,5584.00,-114.00,,סוף יום,-0.1,2.2,14,947,743169,9,18000,,,13308903,,,,,,,,,,,,,,,,,,,,,,,,IL0003710139,371
ויליפוד אינטרנש,וילפ,1082858, מניות,8259.00,-1.92,204.97,סוף יום,8421.00,8421.00,8481.00,8240.00,-162.00,,סוף יום,-14.0,-8.2,57,2479,1148531,5,10000,,,13906412,OTC,,,,,,,,,,,,,,,,,,,,,,,IL0010828585,2123
וילק,וילק,278010, מניות,461.70,0.15,0.60,סוף יום,461.00,461.00,463.30,463.30,0.70,,סוף יום,-2.7,118.2,1,130,25403,110,210000,,,5502161,,,,,,,,,,,,,,,,,,,,,,,,IL0002780109,278
ויקטורי,וקטר,1123777, מניות,4003.00,-0.02,123.32,סוף יום,4004.00,4004.00,4004.00,3986.00,-1.00,,סוף יום,-1.2,-27.5,39,3082,567920,12,25000,,,14187370,,,,,,,,,,,,,,,,,,,,,,,,IL0011237778,1583
ויתניה,ותנה,1109966, מניות,1685.00,0.48,63.87,סוף יום,1677.00,1677.00,1686.00,1677.00,8.00,,סוף יום,13.2,-28.2,38,3791,793183,34,67000,,,47073200,,,,,,,,,,,,,,,,,,,,,,,,IL0011099665,1515
ויתניה    אגח ה,ותנה.ק5,1150903,איגרות חוב,120.84,0.00,0.00,סוף יום,120.84,120.84,0.00,0.00,0.00,,סוף יום,0.2,3.5,0,0,57734,4100,830000,,,47777500,,,,מדד המחירים לצרכן,2.85000,30/06/2027,,,,,,,101.20,15/06/2018,,,,,,,,,,IL0011509036,1515,89905.83500,5043.36000,לא
ויתניה    אגח ו,ויתנה.ק6,1193143,איגרות חוב,112.50,0.04,80.80,סוף יום,112.46,112.46,112.51,112.46,0.04,,סוף יום,0.3,3.4,77,71821,282094,4500,1780000,,,250750000,,,,מדד המחירים לצרכן,2.89000,31/12/2029,,,,,,,108.00,15/01/2023,,,,,,,,,,IL0011931438,1515,275216.58500,362547.32000,לא
ויתניה    אגח ז,ויתנה.ק7,1216241,איגרות חוב,107.70,0.16,58.88,סוף יום,107.53,107.53,107.72,107.53,0.17,,סוף יום,0.4,4.2,61,54669,240347,4700,1860000,,,223163000,,,,מדד המחירים לצרכן,3.18000,30/06/2032,,,,,,,108.40,15/01/2025,,,,,,,,,,IL0012162413,1515,320170.20500,221895.04500,לא
ולוריקס,ורקס,1170240, מניות,179.30,2.57,165.94,סוף יום,174.80,170.50,181.00,170.50,4.50,,סוף יום,1.6,78.8,56,93570,171099,280,570000,,,95426260,,,,,,,,,,,,,,,,,,,,,,,,IL0011702409,1824
ורידיס,ורדס,1176387, מניות,5100.00,-0.22,8528.01,סוף יום,5111.00,5073.00,5230.00,5072.00,-11.00,,סוף יום,5.5,41.7,2141,165848,7829704,10,21000,,,153523610,,,,,,,,,,,,,,,,,,,,,,,,IL0011763872,1907
זוז אסטרטגיה,זוז,1174184, מניות,2332.00,10.99,339.97,סוף יום,2101.00,2222.00,2400.00,2222.00,231.00,,סוף יום,25.1,-10.4,76,14645,186640,27,54000,,,8003438,NASDAQ-CM,,,,,,,,,,,,,,,,,,,,,,,IL0011741845,1866
זנלכל,זנכל,130013, מניות,4762.00,0.13,80.23,סוף יום,4756.00,4756.00,4770.00,4747.00,6.00,,סוף יום,-1.4,12.3,22,1686,683430,10,21000,,,14351741,,,,,,,,,,,,,,,,,,,,,,,,IL0001300131,130
זפירוס,זפרס,1194695, מניות,2725.00,1.34,197.58,סוף יום,2689.00,2851.00,2851.00,2681.00,36.00,,סוף יום,4.8,27.9,97,7263,1913494,19,38000,,,70219960,,,,,,,,,,,,,,,,,,,,,,,,IL0011946956,2413
זפירוס    אגח א,זפרס.ק1,1222231,איגרות חוב,106.64,0.00,14.02,סוף יום,106.64,106.64,106.64,106.64,0.00,,סוף יום,0.0,4.0,55,13147,181288,4700,1870000,,,170000000,,,,לא צמוד,5.96000,01/12/2033,,,,,,,,,,,,,,,,,,IL0012222316,2413,142459.18000,158644.26500,לא
חברה לישראל,חל,576017, מניות,8920.00,0.46,3680.40,סוף יום,8879.00,8894.00,8950.00,8822.00,41.00,,סוף יום,5.9,-2.5,887,41337,6754995,6,12000,,,75728640,,,,,,,,,,,,,,,,,,,,,,,,IL0005760173,576
חברהלישראלאגח12,חל.ק12,5760251,איגרות חוב,101.41,0.02,20.69,סוף יום,101.39,101.39,101.41,101.41,0.02,,סוף יום,0.0,3.0,4,20401,112271,4900,990000,,,110710200,,,,לא צמוד,3.60000,30/09/2026,,,,,,,,,,,,,,,,,,IL0057602513,576,74628.82500,69985.73500,לא
חברהלישראלאגח13,חל.ק13,5760269,איגרות חוב,88.55,0.00,4.22,סוף יום,88.55,88.55,88.55,88.55,0.00,,סוף יום,1.0,-2.1,1,4763,50875,5700,1140000,,,57453800,,,,דולר,5.85000,30/09/2026,,,,,,,,26/03/2018,,,,,,,,,,IL0057602695,576,18735.26500,25744.92000,לא
חברהלישראלאגח14,חל.ק14,5760301,איגרות חוב,98.16,0.04,138.29,סוף יום,98.12,98.12,98.17,98.12,0.04,,סוף יום,0.1,3.1,70,140881,638285,5100,2040000,,,650250000,,,,לא צמוד,2.20000,30/06/2028,,,,,,,,,,,,,,,,,,IL0057603016,576,1006981.84500,990320.81000,לא
חברהלישראלאגח15,חל.ק15,5760327,איגרות חוב,97.09,-0.16,3884.80,סוף יום,97.25,97.08,97.38,97.08,-0.16,,סוף יום,0.0,3.8,140,3997291,582540,5200,2060000,,,600000000,,,,לא צמוד,2.74000,31/07/2030,,,,,,,,,,,,,,,,,,IL0057603271,576,948256.87000,707191.94000,לא
חג'ג',חגג,823013, מניות,2263.00,-0.44,563.28,סוף יום,2273.00,2273.00,2308.00,2236.00,-10.00,,סוף יום,9.2,3.9,215,24827,1396139,24,48000,,,61694155,,,,,,,,,,,,,,,,,,,,,,,,IL0008230133,823
חג'ג'      אפ 1,חגג.א1,1216654, כתבי אופציה ,153.00,6.55,1.76,סוף יום,143.60,143.60,157.90,157.90,9.40,,סוף יום,28.1,24.1,4,1112,10142,24,330000,,,6628832,,,,,,,,,,,,,,,3174.8660000 ,3174.8660000,לא צמוד,30/07/2027,1.0000000,חג'ג',2263.00,,,IL0012166547,823
חג'ג'    אגח טו,חגג.ק15,1216647,איגרות חוב,94.75,0.31,56.90,סוף יום,94.46,94.46,94.76,94.30,0.29,,סוף יום,0.8,2.5,6,60052,473089,5300,1060000,,,499302000,,,,לא צמוד,4.50000,01/01/2030,,,,,,,,,,,,,,,,,,IL0012166471,823,74128.95000,309197.47500,לא
חג'ג'    אגח יא,חגג.ק11,8230328,איגרות חוב,97.35,0.00,0.00,סוף יום,97.35,97.35,0.00,0.00,0.00,,סוף יום,0.4,4.1,0,0,120146,5200,1030000,,,123416666,,,,לא צמוד,2.90000,01/07/2027,,,,,,,,,,,,,,,,,,IL0082303285,823,1517.53000,5254.47000,לא
חג'ג'    אגח יב,חגג.ק12,8230377,איגרות חוב,113.51,0.00,0.00,סוף יום,113.51,113.51,0.00,0.00,0.00,,סוף יום,0.0,3.8,0,0,222489,4400,880000,,,196008500,,,,מדד המחירים לצרכן,3.50000,31/12/2026,,,,,,,105.50,15/06/2022,,,,,,,,,,IL0082303772,823,608.02500,11856.45500,לא
חג'ג'    אגח יד,חגג.ק14,1206606,איגרות חוב,101.35,0.00,21.02,סוף יום,101.35,101.35,101.35,101.35,0.00,,סוף יום,0.0,4.1,1,20740,256715,4900,990000,,,253295700,,,,לא צמוד,6.50000,02/01/2028,,,,,,,,,,,,,,,,,,IL0012066069,823,39913.23000,41647.11000,לא
חג'ג' אירופה,חגגא,1143635, מניות,1595.00,0.06,272.64,סוף יום,1594.00,1602.00,1628.00,1574.00,1.00,,סוף יום,-0.1,52.8,144,16959,1052423,31,63000,,,65982620,,,,,,,,,,,,,,,,,,,,,,,,IL0011436354,1722
חגג אירופה אגחה,חגגא.ק5,1218833,איגרות חוב,93.44,-0.86,399.31,סוף יום,94.25,94.25,94.25,93.30,-0.81,,סוף יום,-1.2,2.8,17,426862,186880,5300,1060000,,,200000000,,,,לא צמוד,5.00000,01/07/2029,,,,,,,,,,,,,,,,,,IL0012188335,1722,101739.47000,106917.27000,לא
חגג אירופה אגחו,חגגא.ק6,1241231,איגרות חוב,100.25,0.00,0.00,סוף יום,100.25,100.25,0.00,0.00,0.00,,סוף יום,0.6,0.3,0,0,175438,5000,1000000,,,175000000,,,,לא צמוד,6.38000,01/01/2032,,,,,,,,,,,,,,,,,,IL0012412313,1722,33912.47500,32699.00000,לא
חגג אירופה אפ 1,חגגא.א1,1218841, כתבי אופציה ,742.70,-3.43,447.58,סוף יום,769.10,769.10,789.00,700.00,-26.40,,סוף יום,-6.6,212.8,78,59873,25294,31,63000,,,3405687,,,,,,,,,,,,,,,950.0000000 ,950.0000000,לא צמוד,01/09/2027,1.0000000,חג'ג' אירופה,1595.00,,,IL0012188418,1722
חד,חד,351015, מניות,3087.00,-0.10,185.10,סוף יום,3090.00,3090.00,3149.00,3085.00,-3.00,,סוף יום,-7.7,-29.2,27,5958,379408,15,30000,,,12290500,,,,,,,,,,,,,,,,,,,,,,,,IL0003510158,351
חילן,חילן,1084698, מניות,25130.00,0.28,5037.56,סוף יום,25060.00,25060.00,25300.00,24940.00,70.00,,סוף יום,3.8,-3.0,1844,20024,5770940,2,4100,,,22964344,,,,,,,,,,,,,,,,,,,,,,,,IL0010846983,1110
חירון,חרון,150011, מניות,223700.00,0.00,0.00,סוף יום,223700.00,223700.00,0.00,0.00,0.00,,סוף יום,4.5,-13.5,0,0,1104709,1,470,,,493835,,,,,,,,,,,,,,,,,,,,,,,,IL0001500110,150
חלל תקש   אגח כ,חלל.ק20,1229442,איגרות חוב,93.78,-0.36,55.05,סוף יום,94.12,94.12,94.00,93.75,-0.34,,סוף יום,0.5,-3.0,3,58700,290536,5400,1070000,,,309805820,,,,דולר,8.75000,01/01/2034,,,,,,,,18/09/2025,,,,,,,,,,IL0012294422,1132,33233.35000,0.00000,לא
חלל תקש  אגח יט,חלל.ק19,1229434,איגרות חוב,103.94,-0.20,187.82,סוף יום,104.15,104.15,104.34,103.54,-0.21,,סוף יום,0.0,1.4,13,180697,142557,4800,960000,,,137153280,,,,לא צמוד,7.60000,01/01/2034,,,,,,,,,,,,,,,,,,IL0012294349,1132,99379.31000,43210.72500,לא
חלל תקשורת,חלל,1092345, מניות,165.20,2.04,242.75,סוף יום,161.90,161.90,169.30,161.90,3.30,,סוף יום,4.4,-40.1,152,146200,116781,320,630000,,,70690855,,,,,,,,,,,,,,,,,,,,,,,,IL0010923451,1132
חממה סחר,חממה,1104785, מניות,540.00,0.22,7.07,סוף יום,538.80,538.80,540.00,540.00,1.20,,סוף יום,-0.1,-7.6,1,1309,76608,93,190000,,,14186753,,,,,,,,,,,,,,,,,,,,,,,,IL0011047854,1453
חמת,חמת,384016, מניות,1456.00,-0.34,152.80,סוף יום,1461.00,1461.00,1461.00,1440.00,-5.00,,סוף יום,1.3,-16.2,44,10547,533534,35,70000,,,36643838,,,,,,,,,,,,,,,,,,,,,,,,IL0003840167,384
חשמל     אגח 27,חשמל.ק27,6000210,איגרות חוב,126.55,-0.17,673.86,סוף יום,126.77,126.77,126.77,126.44,-0.22,,סוף יום,0.3,3.9,101,532464,3162890,4000,1590000,,,2499320712,,,,מדד המחירים לצרכן,3.85000,12/04/2029,,,,,,,99.40,15/05/2015,,,,,,,,,,IL0060002107,600,1946386.77000,1306756.69000,לא
חשמל     אגח 31,חשמל.ק31,6000285,איגרות חוב,121.76,-0.07,2441.03,סוף יום,121.84,121.84,121.92,121.74,-0.08,,סוף יום,0.4,3.6,121,2003069,4735427,4100,1650000,,,3889148000,,,,מדד המחירים לצרכן,2.39000,21/09/2031,,,,,,,101.50,15/10/2018,,,,,,,,,,IL0060002859,600,3850250.44500,2958766.61500,לא
חשמל     אגח 32,חשמל.ק32,6000384,איגרות חוב,116.95,0.10,1310.80,סוף יום,116.83,116.83,116.96,116.76,0.12,,סוף יום,0.2,3.5,35,1120954,1405436,4300,860000,,,1201741000,,,,מדד המחירים לצרכן,1.00000,22/07/2027,,,,,,,101.40,15/07/2021,,,,,,,,,,IL0060003840,600,1709927.73500,2198454.84000,לא
חשמל     אגח 33,חשמל.ק33,6000392,איגרות חוב,104.74,-0.05,699.51,סוף יום,104.79,104.79,104.88,104.73,-0.05,,סוף יום,0.5,2.9,99,667534,4495304,4800,1920000,,,4291869000,,,,מדד המחירים לצרכן,1.25000,30/05/2036,,,,,,,101.30,15/06/2021,,,,,,,,,,IL0060003923,600,2406607.40000,1838919.72000,לא
חשמל     אגח 34,חשמל.ק34,1196781,איגרות חוב,114.31,0.01,2267.85,סוף יום,114.30,114.30,114.40,114.27,0.01,,סוף יום,0.4,3.8,151,1983342,4663624,4400,1760000,,,4079804000,,,,מדד המחירים לצרכן,3.00000,12/06/2033,,,,,,,104.00,15/05/2023,,,,,,,,,,IL0011967812,600,3401975.61000,3021726.50000,לא
חשמל     אגח 35,חשמל.ק35,1196799,איגרות חוב,115.64,-0.09,1307.54,סוף יום,115.74,115.74,115.85,115.58,-0.10,,סוף יום,0.6,3.0,123,1129927,5694406,4300,1740000,,,4924253000,,,,מדד המחירים לצרכן,3.20000,12/06/2037,,,,,,,104.00,15/05/2023,,,,,,,,,,IL0011967994,600,3289074.27000,2344304.32000,לא
חשמל     אגח 36,חשמל.ק36,1221589,איגרות חוב,108.57,-0.16,1256.95,סוף יום,108.74,108.74,108.74,108.56,-0.17,,סוף יום,0.3,4.0,65,1157269,420166,4600,1850000,,,387000000,,,,מדד המחירים לצרכן,2.99000,11/05/2034,,,,,,,102.00,15/04/2025,,,,,,,,,,IL0012215898,600,464276.13000,289083.46500,לא
חשמל     אגח 37,חשמל.ק37,1221597,איגרות חוב,110.24,-0.06,34.73,סוף יום,110.31,110.31,110.31,109.99,-0.07,,סוף יום,0.3,3.0,48,31504,631297,4600,1820000,,,572657000,,,,מדד המחירים לצרכן,3.26000,12/05/2041,,,,,,,102.00,15/04/2025,,,,,,,,,,IL0012215971,600,1349102.59500,680842.32500,לא
חשמל     אגח 38,חשמל.ק38,1239656,איגרות חוב,103.75,0.20,18.68,סוף יום,103.54,103.54,103.75,103.54,0.21,,סוף יום,0.5,3.8,15,18003,830000,4800,970000,,,800000000,,,,מדד המחירים לצרכן,2.68000,23/04/2035,,,,,,,103.90,15/04/2026,,,,,,,,,,IL0012396565,600,993853.94000,993853.94000,לא
חשמל     אגח 39,חשמל.ק39,1239664,איגרות חוב,105.06,0.10,364.12,סוף יום,104.96,104.96,105.08,104.96,0.10,,סוף יום,0.6,5.1,31,346582,2311320,4800,960000,,,2200000000,,,,מדד המחירים לצרכן,3.24000,23/04/2056,,,,,,,103.90,15/04/2026,,,,,,,,,,IL0012396649,600,2139372.69000,1589053.32500,לא
טאואר,טאואר,1082379, מניות,63080.00,1.77,53134.25,סוף יום,61980.00,62570.00,63150.00,62440.00,1100.00,,סוף יום,3.0,69.1,4188,84539,71300106,1,3300,,,113031240,NASDAQ GSM,,,,,,,,,,,,,,,,,,,,,,,IL0010823792,2028
טבע,טבע,629014, מניות,10960.00,-0.36,51976.53,סוף יום,11000.00,11090.00,11090.00,10900.00,-40.00,,סוף יום,2.3,8.6,3017,473654,127716451,5,19000,,,1165296084,NYSE,,,,,,,,,,,,,,,,,,,,,,,IL0006290147,629
טוגדר,טגדר,462010, מניות,205.00,0.00,0.00,סוף יום,205.00,205.00,0.00,0.00,0.00,,סוף יום,-5.6,-38.8,0,0,35561,230,460000,,,17346934,,,,,,,,,,,,,,,,,,,,,,,,IL0004620105,462
טונדו סמארט,טנדו,1180686, מניות,656.40,-3.34,4.40,סוף יום,679.10,679.10,679.10,655.00,-22.70,,סוף יום,-3.5,71.4,13,670,98650,74,150000,,,15028979,,,,,,,,,,,,,,,,,,,,,,,,IL0011806861,1945
טופ גאם,טפגם,1179142, מניות,1090.00,0.65,216.64,סוף יום,1083.00,1083.00,1100.00,1069.00,7.00,,סוף יום,3.8,-19.1,89,19981,1432147,48,95000,,,131389629,,,,,,,,,,,,,,,,,,,,,,,,IL0011791428,1943
טופ גרופ,טופג,1083377, מניות,1050.00,-0.19,7.20,סוף יום,1052.00,1052.00,1050.00,1050.00,-2.00,,סוף יום,1.7,-15.1,8,686,222470,48,97000,,,21187619,,,,,,,,,,,,,,,,,,,,,,,,IL0010833775,1081
טורבוג'ן,טורב,1181742, מניות,1999.00,-0.05,3663.17,סוף יום,2000.00,2400.00,2400.00,1999.00,-1.00,,סוף יום,19.5,0.8,594,171473,467561,30,60000,,,23389747,NASDAQ-CM,,,,,,,,,,,,,,,,,,,,,,,IL0011817421,1936
טי אנד אם,טיאם,1243013, מניות,6492.00,0.00,0.00,סוף יום,6492.00,6492.00,0.00,0.00,0.00,,סוף יום,1.7,2.4,0,0,773928,8,16000,,,11921257,,,,,,,,,,,,,,,,,,,,,,,,IL0012430133,2558
טי.ג'י.איי,טגאי,1090141, מניות,188.70,0.37,14.12,סוף יום,188.00,188.00,190.10,186.50,0.70,,סוף יום,-1.4,-22.2,14,7483,151833,260,520000,,,80462541,,,,,,,,,,,,,,,,,,,,,,,,IL0010901416,1185
טיאסג'י,טסגי,1209477, מניות,29830.00,-0.67,299.52,סוף יום,30030.00,30030.00,30050.00,29520.00,-200.00,,סוף יום,3.4,-47.2,73,1007,917550,2,3500,,,3075929,,,,,,,,,,,,,,,,,,,,,,,,IL0012094772,2444
טיאסג'י    אפ 1,טסגי.א1,1243625, כתבי אופציה ,4490.00,3.84,12.12,סוף יום,4324.00,4324.00,4600.00,4150.00,166.00,,סוף יום,-3.7,-65.3,10,270,11071,2,11000,,,246564,,,,,,,,,,,,,,,51100.0000000 ,51100.0000000,לא צמוד,19/06/2028,1.0000000,טיאסג'י,29830.00,,,IL0012436254,2444
טיאסג'י   אגח א,טסגי.ק1,1243617,איגרות חוב,94.86,0.04,366.75,סוף יום,94.82,94.82,94.94,94.76,0.04,,סוף יום,0.1,11.3,67,386563,212628,5300,2110000,,,224149000,,,,לא צמוד,2.90000,31/10/2031,,,,,,,,,,,,,,,,,,IL0012436171,2444,720687.00000,732940.82500,כן
טיב טעם,טטעמ,103010, מניות,1292.00,0.23,285.36,סוף יום,1289.00,1289.00,1307.00,1279.00,3.00,,סוף יום,7.7,18.5,108,22094,1376522,42,83000,,,106541977,,,,,,,,,,,,,,,,,,,,,,,,IL0001030100,103
טכנ גילוי אש גז,טכאש,1165307, מניות,904.30,-0.11,0.72,סוף יום,905.30,905.30,913.80,876.20,-1.00,,סוף יום,-1.5,-18.1,8,80,208775,54,110000,,,23086964,,,,,,,,,,,,,,,,,,,,,,,,IL0011653073,1796
טלסיס,טלסיס,354019, מניות,36850.00,2.79,6662.10,סוף יום,35850.00,36600.00,37000.00,36000.00,1000.00,,סוף יום,4.2,63.2,1674,18129,3364838,1,2800,,,9131176,,,,,,,,,,,,,,,,,,,,,,,,IL0003540197,354
טמפו משק  אגח ג,טממש.ק3,1162544,איגרות חוב,97.39,0.00,0.00,סוף יום,97.39,97.39,0.00,0.00,0.00,,סוף יום,0.0,4.1,0,0,64940,5100,1030000,,,66680000,,,,לא צמוד,1.58000,01/04/2029,,,,,,,,,,,,,,,,,,IL0011625444,1535,10423.05000,4934.06500,לא
טקטונה,טקטנ,216010, מניות,190.80,-1.65,23.86,סוף יום,194.00,194.00,194.00,179.10,-3.20,,סוף יום,-3.9,-28.6,8,12508,63169,250,500000,,,33107688,,,,,,,,,,,,,,,,,,,,,,,,IL0002160104,216
טראלייט,טרלט,1180173, מניות,1605.00,-0.25,248.89,סוף יום,1609.00,1609.00,1655.00,1580.00,-4.00,,סוף יום,-2.6,19.8,67,15469,1266730,30,61000,,,78923995,,,,,,,,,,,,,,,,,,,,,,,,IL0011801730,1982
טראקנט,טראנ,1174093, מניות,57.70,8.26,45.67,סוף יום,53.30,54.00,60.20,54.00,4.40,,סוף יום,4.0,9.5,52,79341,13876,900,1200000,,,24048632,,,,,,,,,,,,,,,,,,,,,,,,IL0011740938,1870
טרמינל איקס,טרקס,1178714, מניות,797.80,1.39,22.47,סוף יום,786.90,786.90,831.00,772.30,10.90,,סוף יום,10.1,24.7,17,2816,1018967,66,130000,,,127722096,,,,,,,,,,,,,,,,,,,,,,,,IL0011787145,1948
י.ב התחדשות,יבהמ,111013, מניות,607.70,-0.05,8.02,סוף יום,608.00,608.00,617.00,594.20,-0.30,,סוף יום,1.7,-16.6,4,1320,29413,84,170000,,,4839980,,,,,,,,,,,,,,,,,,,,,,,,IL0001110134,111
יו.אמ.איץ',יואמ,1184282, מניות,4298.00,0.00,0.00,סוף יום,4298.00,4298.00,0.00,0.00,0.00,,סוף יום,0.0,-12.5,0,0,3375093,12,23000,,,78527068,NYSE,,,,,,,,,,,,,,,,,,,,,,,US9030021037,2356
יו.אמ.איץ' אגחא,יואמ.ק1,1184167,איגרות חוב,93.43,0.00,0.00,סוף יום,93.43,93.43,0.00,0.00,0.00,,סוף יום,0.7,-1.5,0,0,307349,5400,1080000,,,328962000,,,,דולר,4.72000,28/02/2027,,,,,,,,07/02/2022,,,,,,,,,,IL0011841678,2356,26321.99000,29687.59500,לא
יו.אמ.איץ' אגחב,יואמ.ק2,1225739,איגרות חוב,87.41,0.25,31.47,סוף יום,87.19,87.19,87.41,87.41,0.22,,סוף יום,0.6,-4.8,3,36000,235317,5800,1150000,,,269211000,,,,דולר,5.85000,30/06/2030,,,,,,,,22/07/2025,,,,,,,,,,IL0012257395,2356,10136.51500,10880.47000,לא
יובלים    אגח ד,יבקב.ק4,1204023,איגרות חוב,102.05,0.11,32.82,סוף יום,101.94,101.94,103.36,101.94,0.11,,סוף יום,-0.9,3.6,6,32161,181840,4900,970000,,,178187000,,,,לא צמוד,7.60000,05/01/2028,,,,,,,,,,,,,,,,,,IL0012040239,1903,33599.24500,22914.95500,לא
יובלים    אגח ה,יבקב.ק5,1216449,איגרות חוב,98.00,0.53,4.92,סוף יום,97.48,97.48,98.00,97.48,0.52,,סוף יום,1.1,4.1,5,5025,234478,5200,1030000,,,239263000,,,,לא צמוד,6.90000,06/01/2030,,,,,,,,,,,,,,,,,,IL0012164492,1903,136792.24000,128690.47500,לא
יוזמות    אגח א,יוזמ.ק1,1219336,איגרות חוב,99.12,0.00,0.00,סוף יום,99.12,99.12,0.00,0.00,0.00,,סוף יום,0.0,3.8,0,0,49084,5000,1010000,,,49520000,,,,לא צמוד,7.15360,01/01/2029,,,,,,,,,,,,,,,,,,IL0012193368,2464,11988.81500,6921.46500,לא
יוזמות    אגח ב,יוזמ.ק2,1233758,איגרות חוב,95.74,-0.89,245.21,סוף יום,96.60,96.60,95.74,95.74,-0.86,,סוף יום,-0.9,-4.3,4,256122,75265,5200,1040000,,,78614000,,,,לא צמוד,8.95000,01/10/2030,,,,,,,,,,,,,,,,,,IL0012337585,2464,4855.79000,4977.60000,לא
יוחננוף,יחנפ,1161264, מניות,35840.00,1.39,814.07,סוף יום,35350.00,35350.00,35960.00,35350.00,490.00,,סוף יום,4.8,7.4,396,2274,5192449,1,2900,,,14487860,,,,,,,,,,,,,,,,,,,,,,,,IL0011612640,1786
יוחננוף אגח א,יחנפ.ק1,1187418,איגרות חוב,100.19,-0.10,7.91,סוף יום,100.29,100.29,100.29,100.14,-0.10,,סוף יום,0.0,3.3,51,7893,122633,5000,2000000,,,122400000,,,,לא צמוד,3.94000,01/07/2032,,,,,,,,,,,,,,,,,,IL0011874182,1786,69337.69000,46885.14500,לא
יוטרון,יטרנ,1157114, מניות,461.90,-5.52,41.01,סוף יום,488.90,488.90,488.90,455.30,-27.00,,סוף יום,-4.7,1.0,34,8814,94995,100,210000,,,20566153,,,,,,,,,,,,,,,,,,,,,,,,IL0011571143,1771
יומן אקסטנשנס-ש,ימקס,1170000, מניות,153.90,0.00,0.00,סוף יום,153.90,153.90,0.00,0.00,0.00,,סוף יום,0.0,6.1,0,0,4118,320,130000,,,2675605,,07/07/2025,,,,,,,,,,,,,,,,,,,,,,IL0011700007,1825
יוניבו-ש,יונב-ש,1093558, מניות,930000.00,0.00,0.00,סוף יום,930000.00,,0.00,0.00,0.00,,סוף יום,0.0,0.0,0,0,3062509,1,110,,,329302,,17/12/2022,17/12/2022,,,,,,,,,,,,,,,,,,,,,IL0010935588,2230
יוניברסל  אגח ג,יומי.ק3,1160670,איגרות חוב,117.64,-0.01,2.50,סוף יום,117.65,117.65,117.65,117.64,-0.01,,סוף יום,0.2,3.5,11,2127,215464,4300,850000,,,183155019,,,,מדד המחירים לצרכן,1.05000,10/08/2027,,,,,,,101.00,15/09/2019,,,,,,,,,,IL0011606709,2072,188544.32500,198452.80500,לא
יוניברסל  אגח ד,יומי.ק4,1172253,איגרות חוב,97.93,0.00,83.18,סוף יום,97.93,97.93,98.00,97.87,0.00,,סוף יום,0.2,3.4,75,84947,186389,5100,2050000,,,190328634,,,,לא צמוד,2.18000,11/02/2029,,,,,,,,,,,,,,,,,,IL0011722530,2072,216682.23000,107674.94000,לא
יוניברסל  אגח ה,יומי.ק5,1192608,איגרות חוב,111.03,0.08,10.99,סוף יום,110.94,110.94,111.03,110.94,0.09,,סוף יום,0.4,3.9,56,9901,259635,4500,1810000,,,233842346,,,,מדד המחירים לצרכן,2.20000,10/02/2031,,,,,,,107.70,15/12/2022,,,,,,,,,,IL0011926081,2072,166555.42500,279263.35500,לא
יוניברסל  אגח ו,יומי.ק6,1192616,איגרות חוב,101.47,0.09,132.70,סוף יום,101.38,101.38,101.49,101.38,0.09,,סוף יום,0.4,3.7,69,130782,295267,4900,1980000,,,290989864,,,,לא צמוד,4.68000,10/02/2031,,,,,,,,,,,,,,,,,,IL0011926164,2072,524491.87000,363400.50000,לא
יוניברסל מוטורס,יומי,1144773, מניות,2860.00,-0.10,819.01,סוף יום,2863.00,2876.00,2877.00,2846.00,-3.00,,סוף יום,0.0,-2.9,340,28640,3603600,17,35000,,,126000000,,,,,,,,,,,,,,,,,,,,,,,,IL0011447732,2072
יוניברסל מסחרי2,יוני.נ2,1236009,איגרות חוב,1022.52,0.00,0.00,סוף יום,1022.52,1022.52,0.00,0.00,0.00,,סוף יום,0.0,2.3,0,0,288507,490,98000,,,28215300,,,,לא צמוד,,05/02/2027,,,,,,,,,,,,,,,,,,IL0012360090,2072,0.00000,0.00000,לא
יוניטרוניקס,יונט,1083831, מניות,2028.00,-1.89,26.30,סוף יום,2067.00,2067.00,2089.00,2010.00,-39.00,,סוף יום,-1.6,-11.8,17,1297,283769,24,49000,,,13992552,,,,,,,,,,,,,,,,,,,,,,,,IL0010838311,2170
יוניקורן טכ יהש,ינקט,1168657,יחידת השתתפות,253.60,0.00,0.00,סוף יום,253.60,253.60,0.00,0.00,0.00,,סוף יום,1.5,-9.7,0,0,17443,200,340000,,,6878157,,,,,,,,,,,,,,,,,,,,,,,,IL0011686578,1813
יוניק-טק אפ 2,ינטק.א2,1227354, כתבי אופציה ,23.50,1.29,0.07,סוף יום,23.20,29.60,29.60,29.60,0.30,,סוף יום,6.3,-31.1,2,250,231,500,49000,,,982056,,,,,,,,,,,,,,,120.0000000 ,120.0000000,לא צמוד,15/09/2027,1.0000000,יוניק-טק יהש,101.90,,,IL0012273541,1881
יוניק-טק יהש,ינטק,1174846,יחידת השתתפות,101.90,0.00,0.02,סוף יום,101.90,102.00,102.00,102.00,0.00,,סוף יום,2.3,-4.0,1,20,4784,500,230000,,,4694474,,,,,,,,,,,,,,,,,,,,,,,,IL0011748469,1881
יילוסטון  אגח א,ילסט.ק1,1242932,איגרות חוב,100.50,1.12,15.63,סוף יום,99.39,99.39,100.50,100.50,1.11,,סוף יום,1.1,0.5,1,15554,603000,5000,1010000,,,600000000,,,,לא צמוד,7.50000,30/06/2030,,,,,,,,,,,,,,,,,,IL0012429325,2571,62349.85000,39340.74500,לא
יסודות,יסוד,1188416, מניות,134.30,0.00,0.00,סוף יום,134.30,134.30,0.00,0.00,0.00,,סוף יום,-6.6,-52.8,0,0,32982,350,700000,,,24558823,,,,,,,,,,,,,,,,,,,,,,,,IL0011884165,2386
יסודות  אג ב,יסוד.ה2,1218650, איגרות חוב להמרה ,87.10,2.71,6.71,סוף יום,84.80,87.10,87.10,87.10,2.30,,סוף יום,7.7,-4.1,2,7698,25586,620,620000,,,29375000,,,,לא צמוד,5.00000,30/06/2028,יסודות,01188416,IL0011884165,4.2000000,134.30,20/06/2028,,,,,,,,,,,,IL0012186503,2386
יעז יזמות,יעזי,1227321, מניות,760.00,0.00,0.00,סוף יום,760.00,760.00,0.00,0.00,0.00,,סוף יום,0.0,-15.7,0,0,160595,66,130000,,,21130889,,,,,,,,,,,,,,,,,,,,,,,,IL0012273210,2490
יעז יזמות אגח א,יעזי.ק1,1233550,איגרות חוב,100.20,0.24,75.98,סוף יום,99.96,99.96,100.20,99.92,0.24,,סוף יום,0.4,4.5,3,75920,83166,5000,1000000,,,83000000,,,,לא צמוד,7.97000,01/03/2030,,,,,,,,,,,,,,,,,,IL0012335506,2490,9332.49000,174.78500,לא
יעקב פיננסים,יקפנ,1185057, מניות,2914.00,-0.34,130.83,סוף יום,2924.00,2924.00,2943.00,2860.00,-10.00,,סוף יום,0.3,-9.5,40,4525,716383,17,34000,,,24584196,,,,,,,,,,,,,,,,,,,,,,,,IL0011850570,2364
יעקובי קבוצה,יעקב,1142421, מניות,93.00,0.54,2.39,סוף יום,92.50,92.50,96.00,93.00,0.50,,סוף יום,0.0,35.0,2,2568,167495,540,1080000,,,180102155,,,,,,,,,,,,,,,,,,,,,,,,IL0011424210,1703
יצוא,יצוא,704015, מניות,6901.00,-1.03,156.67,סוף יום,6973.00,6973.00,6945.00,6878.00,-72.00,,סוף יום,-1.1,-12.5,25,2271,779162,7,14000,,,11290562,,,,,,,,,,,,,,,,,,,,,,,,IL0007040152,704
יצוא      אגח ב,יצוא.ק2,1224690,איגרות חוב,103.28,0.00,0.00,סוף יום,103.28,103.28,0.00,0.00,0.00,,סוף יום,0.0,4.6,0,0,103280,4800,970000,,,100000000,,,,לא צמוד,5.03000,21/12/2031,,,,,,,,,,,,,,,,,,IL0012246901,704,0.00000,20520.00000,לא
ירושלים,ירשם,726018, מניות,2095.00,0.05,148.05,סוף יום,2094.00,2094.00,2100.00,2094.00,1.00,,סוף יום,2.6,-5.0,21,7068,1477347,24,49000,,,70517741,,,,,,,,,,,,,,,,,,,,,,,,IL0007260180,726
ירושליםהנ אגח כ,ירשה.ק20,1232727,איגרות חוב,103.13,-0.04,32.76,סוף יום,103.17,103.17,103.18,103.12,-0.04,,סוף יום,0.4,3.6,67,31768,400368,4900,1950000,,,388217000,,,,מדד המחירים לצרכן,2.57000,31/03/2032,,,,,,,104.10,15/11/2025,,,,,,,,,,IL0012327271,1248,537713.05000,260002.61000,לא
ירושליםהנ אגחטו,ירשה.ק15,1161769,איגרות חוב,117.50,0.03,14.57,סוף יום,117.47,117.47,117.50,117.47,0.03,,סוף יום,0.2,3.2,11,12398,163803,4300,850000,,,139406828,,,,מדד המחירים לצרכן,0.20000,31/12/2026,,,,,,,101.20,15/11/2019,,,,,,,,,,IL0011617698,1248,93883.71000,73711.96000,לא
ירושליםהנ אגחטז,ירהנ.ק16,1172170,איגרות חוב,117.16,-0.06,46.04,סוף יום,117.23,117.23,117.29,117.10,-0.07,,סוף יום,0.3,3.8,76,39299,493599,4300,1710000,,,421303000,,,,מדד המחירים לצרכן,0.20000,30/06/2028,,,,,,,100.10,15/01/2021,,,,,,,,,,IL0011721706,1248,471719.71000,353347.64500,לא
ירושליםהנ אגחיח,ירשה.ק18,1182054,איגרות חוב,113.34,0.09,197.59,סוף יום,113.24,113.24,113.38,113.20,0.10,,סוף יום,0.2,3.1,78,174331,729811,4400,1770000,,,643912800,,,,מדד המחירים לצרכן,0.20000,30/09/2029,,,,,,,102.40,15/11/2021,,,,,,,,,,IL0011820540,1248,413232.31000,315425.11500,לא
ירושליםהנ אגחיט,ירשה.ק19,1201433,איגרות חוב,110.07,0.06,51.07,סוף יום,110.00,110.00,110.07,110.00,0.07,,סוף יום,0.3,3.7,74,46402,751569,4600,1820000,,,682810000,,,,מדד המחירים לצרכן,2.59000,31/01/2031,,,,,,,105.40,15/11/2023,,,,,,,,,,IL0012014333,1248,385453.15500,414550.74500,לא
ירושליםהנפ נד17,ירשה.ק17,1176312,איגרות חוב,117.97,0.03,1.00,סוף יום,117.93,117.93,118.02,117.93,0.04,,סוף יום,0.3,3.9,8,846,168107,8500,850000,,,142500000,,,,מדד המחירים לצרכן,1.22000,31/05/2032,,,,,,,100.90,15/05/2021,,,,,,,,,,IL0011763120,1248,210783.57000,73852.04000,לא
יש קנ מלו אגח א,יקנמ.ק1,1235084,איגרות חוב,101.00,0.00,0.00,סוף יום,101.00,101.00,0.00,0.00,0.00,,סוף יום,0.0,3.5,0,0,151500,4900,990000,,,150000000,,,,לא צמוד,5.84000,31/12/2030,,,,,,,,,,,,,,,,,,IL0012350844,1435,0.00000,0.00000,לא
ישפרו     אגח א,ישפר.ק1,1202290,איגרות חוב,110.03,0.08,105.66,סוף יום,109.94,109.94,110.10,109.83,0.09,,סוף יום,0.1,3.4,14,96038,1077919,4500,910000,,,979659000,,,,מדד המחירים לצרכן,4.65387,31/12/2027,,,,,,,105.10,15/12/2023,,,,,,,,,,IL0012022906,2430,305385.90000,287372.10000,לא
ישפרו     אגח ב,ישפר.ק2,1215763,איגרות חוב,102.06,-0.23,5.99,סוף יום,102.30,102.30,102.36,102.05,-0.24,,סוף יום,0.7,2.7,5,5864,168399,4900,990000,,,165000000,,,,לא צמוד,6.69000,31/01/2028,,,,,,,,,,,,,,,,,,IL0012157637,2430,100589.43000,75870.72000,לא
ישפרו     אגח ג,ישפר.ק3,1223353,איגרות חוב,98.56,0.00,16.11,סוף יום,98.56,98.56,98.56,97.84,0.00,,סוף יום,1.6,-0.8,3,16342,125588,5200,1030000,,,127423000,,,,מדד המחירים לצרכן,4.99000,30/09/2032,,,,,,,103.10,15/05/2025,,,,,,,,,,IL0012233537,2430,58860.01500,159475.92000,לא
ישפרו     אגח ד,ישפר.ק4,1232974,איגרות חוב,101.64,0.09,90.29,סוף יום,101.55,101.55,101.84,101.55,0.09,,סוף יום,0.2,2.5,11,88830,773524,4900,990000,,,761043000,,,,מדד המחירים לצרכן,3.58000,31/03/2032,,,,,,,104.10,15/11/2025,,,,,,,,,,IL0012329749,2430,121876.38000,257249.71500,לא
ישראייר אג א,ישרג.ה1,1204767, איגרות חוב להמרה ,105.70,0.96,1.52,סוף יום,104.70,104.70,106.10,106.00,1.00,,סוף יום,1.6,1.5,2,1430,105700,480,480000,,,100000000,,,,לא צמוד,4.91644,28/02/2030,ישראייר גרופ,01187194,IL0011871949,2.1000000,158.90,18/02/2030,,,,,,,,,,,,IL0012047671,1238
ישראייר גרופ,ישרג,1187194, מניות,158.90,-1.18,507.87,סוף יום,160.80,160.00,165.00,158.00,-1.90,,סוף יום,11.3,-9.2,67,314706,418211,350,700000,,,263191385,,,,,,,,,,,,,,,,,,,,,,,,IL0011871949,1238
ישראכרט,ישכט,1157403, מניות,1167.00,-0.51,6241.23,סוף יום,1173.00,1173.00,1183.00,1167.00,-6.00,,סוף יום,3.2,-25.2,754,531940,3800927,44,88000,,,325700649,,,,,,,,,,,,,,,,,,,,,,,,IL0011574030,1773
ישראכרט   אגח ב,ישכט.ק2,1205129,איגרות חוב,102.85,0.09,5556.90,סוף יום,102.76,102.76,102.96,102.76,0.09,,סוף יום,0.2,3.5,79,5402753,230796,4900,1950000,,,224400800,,,,לא צמוד,4.45000,31/03/2028,,,,,,,,,,,,,,,,,,IL0012051293,1773,287737.48000,303642.07500,לא
ישראכרט מסחרי 5,ישכט.נ5,1231976,איגרות חוב,1030.10,0.00,0.00,סוף יום,1030.10,1030.10,0.00,0.00,0.00,,סוף יום,0.0,2.6,0,0,618060,490,97000,,,60000000,,,,לא צמוד,,25/11/2026,,,,,,,,,,,,,,,,,,IL0012319765,1773,5104.55000,10278.80000,כן
ישראל קנדה,ישקנ,434019, מניות,1571.00,1.68,3823.05,סוף יום,1545.00,1545.00,1576.00,1545.00,26.00,,סוף יום,9.4,-4.4,920,244013,5358638,35,70000,,,341097263,,,,,,,,,,,,,,,,,,,,,,,,IL0004340191,434
ישראל קנדה אגחז,ישקנ.ק7,4340212,איגרות חוב,100.34,0.12,29.87,סוף יום,100.22,100.22,100.38,100.22,0.12,,סוף יום,0.2,3.6,14,29767,294444,5000,1000000,,,293446300,,,,לא צמוד,3.95000,30/06/2027,,,,,,,,,,,,,,,,,,IL0043402127,434,609059.38000,580901.87500,לא
ישראל קנדה אגחח,ישקנ.ק8,1207836,איגרות חוב,106.94,0.04,323.64,סוף יום,106.90,106.90,106.97,106.80,0.04,,סוף יום,0.4,4.3,94,302691,936983,4700,1880000,,,876176000,,,,לא צמוד,6.95000,30/06/2031,,,,,,,,,,,,,,,,,,IL0012078361,434,1419775.15000,1127485.07500,לא
ישראל קנדה אגחט,ישקנ.ק9,1241058,איגרות חוב,100.85,0.00,600.91,סוף יום,100.85,100.85,100.91,100.79,0.00,,סוף יום,0.1,0.9,70,595872,307908,5000,1990000,,,305313000,,,,לא צמוד,5.29000,30/04/2034,,,,,,,,,,,,,,,,,,IL0012410580,434,758459.55000,508627.17500,כן
ישראל קנדה מלונ,יקנמ,1103852, מניות,106.80,-0.47,12.59,סוף יום,107.30,107.30,107.70,106.00,-0.50,,סוף יום,4.2,5.5,22,11780,959394,490,980000,,,898309233,,,,,,,,,,,,,,,,,,,,,,,,IL0011038523,1435
ישראמקו     יהש,ישרמק,232017,יחידת השתתפות,214.60,0.09,3258.61,סוף יום,214.40,214.40,214.60,213.20,0.20,,סוף יום,4.2,-9.6,642,1523327,5586388,240,490000,,,2603162993,,,,,,,,,,,,,,,,,,,,,,,,IL0002320179,232
ישראמקו   אגח ב,ישרמק.ק2,2320224,איגרות חוב,87.54,-0.15,703.06,סוף יום,87.67,87.67,87.64,87.21,-0.13,,סוף יום,1.6,-1.6,17,803132,124702,5800,2320000,,,142451220,,,,דולר,3.77000,10/10/2030,,,,,,,,29/10/2020,,,,,,,,,,IL0023202240,232,180455.84500,58675.23500,לא
ישראמקו   אגח ג,ישרמק.ק3,2320232,איגרות חוב,97.53,0.01,4033.22,סוף יום,97.52,97.52,97.55,97.52,0.01,,סוף יום,0.2,3.7,63,4134539,466784,5100,2060000,,,478605598,,,,לא צמוד,2.24000,10/10/2030,,,,,,,,,,,,,,,,,,IL0023202323,232,432318.98000,327390.55500,לא
ישראמקו   אגח ד,ישרמק.ק4,1229244,איגרות חוב,105.29,0.13,44.84,סוף יום,105.15,105.15,105.29,105.29,0.14,,סוף יום,0.3,3.9,51,42582,442218,4800,1910000,,,420000000,,,,לא צמוד,5.01000,25/07/2035,,,,,,,,,,,,,,,,,,IL0012292442,232,450110.54500,351464.71000,לא
ישרוטל,ישרטל,1080985, מניות,13640.00,1.87,1661.86,סוף יום,13390.00,13370.00,13720.00,13370.00,250.00,,סוף יום,2.2,-13.0,551,12195,8195726,4,7500,,,60085971,,,,,,,,,,,,,,,,,,,,,,,,IL0010809858,1032
ישרס,ישרס,613034, מניות,87650.00,0.22,697.87,סוף יום,87460.00,86420.00,88040.00,86420.00,190.00,,סוף יום,7.9,-7.6,260,797,4288735,1,1200,,,4893023,,,,,,,,,,,,,,,,,,,,,,,,IL0006130343,613
ישרס     אגח טו,ישרס.ק15,6130207,איגרות חוב,120.85,-0.01,79.63,סוף יום,120.86,120.86,120.86,120.85,-0.01,,סוף יום,0.2,3.4,24,65892,432412,4100,830000,,,357809164,,,,מדד המחירים לצרכן,1.58000,16/05/2027,,,,,,,99.10,15/07/2016,,,,,,,,,,IL0061302076,613,188079.03000,119534.04000,לא
ישרס     אגח טז,ישרס.ק16,6130223,איגרות חוב,121.60,0.02,7922.23,סוף יום,121.57,121.57,121.70,121.57,0.03,,סוף יום,0.4,3.9,104,6513357,1057935,4100,1650000,,,870012220,,,,מדד המחירים לצרכן,2.40000,30/07/2031,,,,,,,100.30,15/05/2017,,,,,,,,,,IL0061302233,613,680107.83000,977312.64000,לא
ישרס     אגח יד,ישרס.ק14,6130199,איגרות חוב,100.80,0.00,0.00,סוף יום,100.80,100.80,0.00,0.00,0.00,,סוף יום,0.1,3.6,0,0,93420,5000,990000,,,92678373,,,,לא צמוד,5.05000,01/03/2027,,,,,,,,,,,,,,,,,,IL0061301995,613,33129.30000,179304.30500,לא
ישרס     אגח יח,ישרס.ק18,6130280,איגרות חוב,113.85,0.00,11.53,סוף יום,113.85,113.85,113.85,113.85,0.00,,סוף יום,0.5,3.9,57,10131,842162,4400,1770000,,,739712088,,,,מדד המחירים לצרכן,0.84000,10/04/2030,,,,,,,101.00,15/09/2019,,,,,,,,,,IL0061302803,613,432757.14000,429877.60500,לא
ישרס     אגח יט,ישרס.ק19,6130348,איגרות חוב,111.18,0.06,118.63,סוף יום,111.11,111.11,111.27,111.09,0.07,,סוף יום,0.5,4.4,65,106708,1078923,4500,1810000,,,970429061,,,,מדד המחירים לצרכן,1.50000,31/03/2036,,,,,,,103.50,15/03/2022,,,,,,,,,,IL0061303488,613,970042.47500,709196.27000,לא
ישרס     אגח כ,ישרס.ק20,1241900,איגרות חוב,100.84,0.09,5089.85,סוף יום,100.75,100.75,100.90,100.75,0.09,,סוף יום,0.4,0.8,66,5047484,504200,5000,1990000,,,500000000,,,,מדד המחירים לצרכן,2.72000,01/06/2040,,,,,,,105.10,15/05/2026,,,,,,,,,,IL0012419003,613,675325.04000,1208886.67500,כן
ישרס אחזקות,ישאח,1202977, מניות,42640.00,0.88,748.03,סוף יום,42270.00,42270.00,42930.00,42270.00,370.00,,סוף יום,12.1,-1.3,333,1757,2729541,1,2600,,,6401362,,,,,,,,,,,,,,,,,,,,,,,,IL0012029778,2435
כהן פיתוח,כהנפת,810010, מניות,15820.00,-1.92,434.38,סוף יום,16130.00,16130.00,16250.00,15680.00,-310.00,,סוף יום,0.4,-13.2,74,2753,1127361,3,6300,,,7126173,,,,,,,,,,,,,,,,,,,,,,,,IL0008100104,810
כלל ביוטכנו,כללבי,1104280, מניות,24.10,2.55,20.68,סוף יום,23.50,23.50,25.20,22.00,0.60,,סוף יום,4.3,-20.7,27,85937,37800,2200,4330000,,,156846200,,,,,,,,,,,,,,,,,,,,,,,,IL0011042806,1447
כלל ביטוח  אג ב,כללבט.ה2,1193499, איגרות חוב להמרה ,343.00,0.85,635.41,סוף יום,340.10,340.10,343.80,343.00,2.90,,סוף יום,4.2,37.9,17,185231,293438,150,150000,,,85550553,,,,לא צמוד,2.80000,28/02/2028,כלל עסקי ביטוח,00224014,IL0002240146,80.2881800,27690.00,18/02/2028,,,,,,,,,,,,IL0011934994,224
כלל ביטוח אגח ג,כללבט.ק3,1201391,איגרות חוב,106.59,-0.01,406.14,סוף יום,106.60,106.60,106.67,106.54,-0.01,,סוף יום,0.2,3.9,87,381120,906015,4700,1880000,,,850000000,,,,לא צמוד,5.25000,02/11/2031,,,,,,,,,,,,,,,,,,IL0012013913,224,1037248.60500,552230.47500,לא
כלל ביטוח אגח ד,כללבט.ק4,1239334,איגרות חוב,103.68,0.02,706.01,סוף יום,103.66,103.66,103.74,103.61,0.02,,סוף יום,0.2,3.7,92,681011,627070,4800,1930000,,,604813000,,,,לא צמוד,4.54000,30/04/2034,,,,,,,,,,,,,,,,,,IL0012393349,224,2961006.17000,2670701.72000,כן
כלל הון  אגח טו,כללה.ק15,1230309,איגרות חוב,104.96,-0.11,13880.76,סוף יום,105.08,105.08,105.09,104.89,-0.12,,סוף יום,-0.3,4.0,120,13227450,2399133,9500,1900000,,,2285759121,,,,לא צמוד,5.12000,31/10/2075,,,,,,,,,,,,,,,,,,IL0012303090,1324,3200619.76500,1941228.43500,לא
כלל הון  אגח יד,כללה.ק14,1220524,איגרות חוב,110.95,0.01,525.92,סוף יום,110.94,110.94,111.06,110.87,0.01,,סוף יום,-0.1,5.0,93,473990,554750,4500,1800000,,,500000000,,,,לא צמוד,5.51000,30/09/2039,,,,,,,,,,,,,,,,,,IL0012205246,1324,1563892.26500,1276666.98000,לא
כלל הון אגח  יא,כללה.ק11,1160647,איגרות חוב,97.04,-0.01,273.80,סוף יום,97.05,97.05,97.11,96.93,-0.01,,סוף יום,0.2,4.1,94,282143,1587742,5200,2070000,,,1636172256,,,,לא צמוד,2.64000,31/03/2033,,,,,,,,,,,,,,,,,,IL0011606477,1324,2502479.90500,1492809.49500,לא
כלל הון אגח  יב,כללה.ק12,1179928,איגרות חוב,93.23,0.00,1103.14,סוף יום,93.23,93.23,93.35,93.15,0.00,,סוף יום,0.1,3.8,120,1182981,1243359,5400,2150000,,,1333647288,,,,לא צמוד,2.50000,01/04/2035,,,,,,,,,,,,,,,,,,IL0011799280,1324,1739978.27000,1371742.10500,לא
כלל הון אגח  יג,כללה.ק13,1197920,איגרות חוב,107.48,-0.02,243.34,סוף יום,107.50,107.50,107.50,107.43,-0.02,,סוף יום,0.0,4.0,76,226416,1368630,4700,1860000,,,1273380775,,,,לא צמוד,5.31000,31/07/2037,,,,,,,,,,,,,,,,,,IL0011979205,1324,2144495.23500,1558178.53500,לא
כלל עסקי ביטוח,כללבט,224014, מניות,27690.00,-0.47,84686.94,סוף יום,27820.00,27890.00,27910.00,27240.00,-130.00,,סוף יום,4.9,37.4,4396,307479,22519065,2,7600,,,81325624,,,,,,,,,,,,,,,,,,,,,,,,IL0002240146,224
כן פייט ביופרמה,כנפב,1094473, מניות,376.40,3.18,102.02,סוף יום,364.80,364.80,383.80,364.80,11.60,,סוף יום,-25.8,-87.5,65,27035,22821,99,200000,,,6063093,NYSE - AMEX,,,,,,,,,,,,,,,,,,,,,,,IL0010944739,1272
כנפיים,כנפים,543017, מניות,1704.00,0.00,16.66,סוף יום,1704.00,1838.00,1838.00,1703.00,0.00,,סוף יום,-6.5,6.4,15,978,278450,27,55000,,,16340953,,,,,,,,,,,,,,,,,,,,,,,,IL0005430173,543
כפרית,כפרת,522011, מניות,2800.00,-1.34,29.37,סוף יום,2838.00,2838.00,2850.00,2760.00,-38.00,,סוף יום,-3.2,2.5,9,1049,675550,17,35000,,,24126795,,,,,,,,,,,,,,,,,,,,,,,,IL0005220111,522
כרמית,כרמת,440016, מניות,1701.00,0.00,0.00,סוף יום,1701.00,1701.00,0.00,0.00,0.00,,סוף יום,0.8,38.4,0,0,95131,30,59000,,,5592677,,,,,,,,,,,,,,,,,,,,,,,,IL0004400169,440
כרמל קורפ,כרמל,1147685, מניות,1499.00,-0.13,5.23,סוף יום,1501.00,1501.00,1510.00,1477.00,-2.00,,סוף יום,0.2,-14.8,9,349,300238,33,67000,,,20029195,,,,,,,,,,,,,,,,,,,,,,,,IL0011476855,1748
לאומי,לאומי,604611, מניות,7916.00,0.27,111338.35,סוף יום,7895.00,7900.00,7936.00,7820.00,21.00,,סוף יום,3.7,16.3,5714,1411390,116358158,7,26000,,,1469911042,,,,,,,,,,,,,,,,,,,,,,,,IL0006046119,604
לאומי  מסחרי 10,לאמ.נ10,1235035,איגרות חוב,1023.01,0.00,0.00,סוף יום,1023.01,1023.01,0.00,0.00,0.00,,סוף יום,0.0,2.3,0,0,1523481,490,98000,,,148921400,,,,לא צמוד,,22/01/2027,,,,,,,,,,,,,,,,,,IL0012350356,604,5083.77500,10208.75000,לא
לאומי  מסחרי 11,לאמ.נ11,1238179,איגרות חוב,1017.19,0.00,0.00,סוף יום,1017.19,1017.19,0.00,0.00,0.00,,סוף יום,-0.1,1.7,0,0,1056662,490,98000,,,103880500,,,,לא צמוד,,19/03/2027,,,,,,,,,,,,,,,,,,IL0012381799,604,5022.80000,0.00000,לא
לאומי  מסחרי 12,לאמ.נ12,1239524,איגרות חוב,1013.19,0.00,0.00,סוף יום,1013.19,1013.19,0.00,0.00,0.00,,סוף יום,-0.1,1.3,0,0,1363636,490,99000,,,134588400,,,,לא צמוד,,15/04/2027,,,,,,,,,,,,,,,,,,IL0012395245,604,0.00000,0.00000,לא
לאומי  מסחרי 13,לאמ.נ13,1245000,איגרות חוב,1004.00,0.00,0.00,סוף יום,1004.00,1004.00,0.00,0.00,0.00,,סוף יום,0.0,0.4,0,0,1006347,500,100000,,,100233800,,,,לא צמוד,,16/07/2027,,,,,,,,,,,,,,,,,,IL0012450008,604,0.00000,0.00000,לא
לאומי  מסחרי 14,לאמ.נ14,1246164,איגרות חוב,1001.00,0.00,0.00,סוף יום,1001.00,1001.00,0.00,0.00,0.00,,סוף יום,0.1,0.1,0,0,900964,500,100000,,,90006400,,,,לא צמוד,,18/08/2027,,,,,,,,,,,,,,,,,,IL0012461641,604,0.00000,0.00000,לא
לאומי אגח 182,לאמ.ק182,6040539,איגרות חוב,114.41,0.01,1328.72,סוף יום,114.40,114.00,114.49,114.00,0.01,,סוף יום,0.0,3.6,132,1161346,3589333,4400,1750000,,,3137255000,,,,מדד המחירים לצרכן,0.10000,25/11/2027,,,,,,,102.40,15/11/2021,,,,,,,,,,IL0060405391,604,2912470.79000,2597242.83000,לא
לאומי אגח 183,לאמ.ק183,6040547,איגרות חוב,109.83,0.00,3663.98,סוף יום,109.83,109.83,109.92,109.79,0.00,,סוף יום,0.4,3.4,175,3335032,4709347,4600,1830000,,,4287851000,,,,מדד המחירים לצרכן,0.10000,25/11/2029,,,,,,,102.40,15/11/2021,,,,,,,,,,IL0060405474,604,4328479.34500,4105707.80000,לא
לאומי אגח 184,לאמ.ק184,6040604,איגרות חוב,99.28,0.01,306.09,סוף יום,99.27,99.27,99.29,99.26,0.01,,סוף יום,0.2,3.6,85,308309,1724229,5000,2020000,,,1736733600,,,,לא צמוד,2.76000,05/05/2030,,,,,,,,,,,,,,,,,,IL0060406043,604,2554157.75500,2326917.01500,לא
לאומי אגח 185,לאמ.ק185,1201821,איגרות חוב,107.35,0.00,255.13,סוף יום,107.35,107.35,107.38,107.32,0.00,,סוף יום,0.2,3.6,101,237662,2056622,4700,1870000,,,1915810201,,,,מדד המחירים לצרכן,1.86000,31/08/2029,,,,,,,105.10,15/12/2023,,,,,,,,,,IL0012018219,604,1698849.18500,1376053.24500,לא
לאומי אגח 186,לאמ.ק186,1201839,איגרות חוב,107.56,-0.04,745.52,סוף יום,107.60,107.60,107.63,107.52,-0.04,,סוף יום,0.3,3.2,114,692933,5415028,4700,1870000,,,5034425625,,,,מדד המחירים לצרכן,2.02000,30/11/2033,,,,,,,105.10,15/12/2023,,,,,,,,,,IL0012018391,604,4279676.59500,3479618.27000,לא
לאומי אגח 187,לאמ.ק187,1228659,איגרות חוב,103.69,0.00,11183.85,סוף יום,103.69,103.85,103.85,103.63,0.00,,סוף יום,0.2,3.0,184,10785552,9849998,4800,1930000,,,9499468000,,,,לא צמוד,4.59000,01/05/2034,,,,,,,,,,,,,,,,,,IL0012286592,604,15101130.02000,32821902.83000,לא
לאומי אגח 188,לאמ.ק188,1228667,איגרות חוב,103.80,0.03,1534.30,סוף יום,103.77,103.77,103.89,103.72,0.03,,סוף יום,0.4,2.7,128,1478103,3803012,4800,1930000,,,3663788000,,,,מדד המחירים לצרכן,2.60000,01/08/2036,,,,,,,103.50,15/08/2025,,,,,,,,,,IL0012286675,604,2100352.91500,18941954.26000,לא
לאומי התח נד402,לאמ.ק402,6040398,איגרות חוב,121.06,0.00,12108.59,סוף יום,121.06,121.06,121.12,121.06,0.00,,סוף יום,0.2,3.5,12,10002141,253136,8300,830000,,,209100000,,,,מדד המחירים לצרכן,2.78000,31/07/2033,,,,,,,101.20,15/06/2018,,,,,,,,,,IL0060403982,604,85347.47000,350694.38500,לא
לאומי התח נד405,לאמ.ק405,6040620,איגרות חוב,114.83,0.10,166.52,סוף יום,114.72,114.72,114.89,114.72,0.11,,סוף יום,0.3,4.0,51,145033,1612098,8700,1750000,,,1403900000,,,,מדד המחירים לצרכן,1.50000,27/03/2033,,,,,,,103.50,15/03/2022,,,,,,,,,,IL0060406209,604,852439.96500,447462.78000,לא
לאומי התח נד406,לאמ.ק406,1216423,איגרות חוב,108.83,-0.02,652.48,סוף יום,108.85,108.85,108.85,108.76,-0.02,,סוף יום,0.3,4.2,95,599580,2480297,9200,1840000,,,2279056000,,,,מדד המחירים לצרכן,3.10000,28/02/2036,,,,,,,108.40,15/01/2025,,,,,,,,,,IL0012164237,604,1931410.39500,1588429.97500,לא
לאומי התח נד407,לאמ.ק407,1238195,איגרות חוב,103.74,0.03,434.85,סוף יום,103.71,103.71,103.85,103.74,0.03,,סוף יום,0.4,3.7,20,419059,1199081,9700,970000,,,1155852000,,,,לא צמוד,4.69000,31/03/2037,,,,,,,,,,,,,,,,,,IL0012381955,604,1869500.25000,3431380.90500,לא
לאומי מסחרי 9,לאמ.נ9,1228675,איגרות חוב,1039.84,0.00,0.00,סוף יום,1039.84,,0.00,0.00,0.00,,סוף יום,0.0,2.7,0,0,1532539,480,96000,,,147382200,,,03/09/2026,לא צמוד,4.03260,08/09/2026,,,,,,,,,,,,,,,,,,IL0012286758,604,40598.86000,18843.65500,לא
להב,להב,136010, מניות,1211.00,-0.08,1308.96,סוף יום,1212.00,1212.00,1212.00,1198.00,-1.00,,סוף יום,6.8,47.0,730,108387,3549926,44,88000,,,293140039,,,,,,,,,,,,,,,,,,,,,,,,IL0001360101,136
להב       אגח ג,להב.ק3,1193341,איגרות חוב,113.79,0.08,113.47,סוף יום,113.70,113.70,113.80,113.70,0.09,,סוף יום,0.3,3.9,81,99716,436804,4400,1760000,,,383868240,,,,מדד המחירים לצרכן,3.73000,10/07/2028,,,,,,,108.00,15/01/2023,,,,,,,,,,IL0011933418,136,533483.02000,729601.04500,לא
לודזיה,לודז,753012, מניות,1974.00,-1.30,35.75,סוף יום,2000.00,2000.00,1996.00,1913.00,-26.00,,סוף יום,-1.3,-8.0,5,1811,80616,25,50000,,,4083909,,,,,,,,,,,,,,,,,,,,,,,,IL0007530129,753
לודן,לודן,1081439, מניות,1021.00,0.10,0.36,סוף יום,1020.00,1020.00,1025.00,1025.00,1.00,,סוף יום,4.7,-14.8,5,35,117667,51,100000,,,11524676,,,,,,,,,,,,,,,,,,,,,,,,IL0010814395,1050
לודן-טק,לודט,1226992, מניות,395.30,0.00,0.07,סוף יום,395.30,395.30,394.00,394.00,0.00,,סוף יום,-0.4,-21.3,4,18,45557,130,250000,,,11524676,,,,,,,,,,,,,,,,,,,,,,,,IL0012269929,2491
לוזון אשראי,לוזא,666016, מניות,44.00,1.15,2.24,סוף יום,43.50,43.50,44.00,43.70,0.50,,סוף יום,-1.8,-17.0,16,5090,214449,1100,2230000,,,487383859,,,,,,,,,,,,,,,,,,,,,,,,IL0006660166,666
לוזון קב   אג ט,לוזנ.ה9,4730180, איגרות חוב להמרה ,100.40,0.00,0.00,סוף יום,100.40,100.40,0.00,0.00,0.00,,סוף יום,-0.6,3.2,0,0,22078,500,500000,,,21990280,,,,לא צמוד,3.60000,01/07/2027,לוזון קבוצה,00473017,IL0004730177,6.7202600,506.20,21/06/2027,,,,,,,,,,,,IL0047301804,473
לוזון קב אגח יא,לוזנ.ק11,1206986,איגרות חוב,108.59,0.00,5.65,סוף יום,108.59,108.59,108.59,108.59,0.00,,סוף יום,0.2,4.9,5,5202,263528,4600,920000,,,242681312,,,,לא צמוד,6.73000,01/12/2033,,,,,,,,,,,,,,,,,,IL0012069865,473,38249.20000,33031.99500,לא
לוזון קבוצה,לוזנ,473017, מניות,506.20,3.01,488.84,סוף יום,491.40,491.40,506.20,486.50,14.80,,סוף יום,10.8,14.8,165,97497,2240502,110,220000,,,442612034,,,,,,,,,,,,,,,,,,,,,,,,IL0004730177,473
לוזון רונ אגח א,לורו.ק1,1202340,איגרות חוב,108.19,0.04,0.27,סוף יום,108.15,108.15,108.51,108.15,0.04,,סוף יום,0.2,4.0,4,249,297523,4600,930000,,,275000000,,,,לא צמוד,8.15000,25/09/2030,,,,,,,,,,,,,,,,,,IL0012023409,2429,10901.72000,12064.09500,לא
לוזון רונסון,לורו,1202597, מניות,3148.00,1.06,545.03,סוף יום,3115.00,3131.00,3148.00,3033.00,33.00,,סוף יום,5.6,25.9,175,17572,1981353,17,34000,,,62940052,,,,,,,,,,,,,,,,,,,,,,,,IL0012025974,2429
לוי אגח ח,לוי.ק8,7190242,איגרות חוב,101.41,0.19,19.06,סוף יום,101.22,101.22,101.41,101.40,0.19,,סוף יום,0.0,3.4,2,18799,27642,4900,990000,,,27257607,,,,לא צמוד,8.13420,31/03/2027,,,,,,,,,,,,,,,,,,IL0071902428,719,14350.52000,11436.16500,לא
לוי אגח ט,לוי.ק9,1233162,איגרות חוב,99.00,0.00,0.00,סוף יום,99.00,99.00,0.00,0.00,0.00,,סוף יום,0.1,3.2,0,0,73755,5100,1010000,,,74500000,,,,לא צמוד,9.49000,31/12/2030,,,,,,,,,,,,,,,,,,IL0012331620,719,4994.88000,0.00000,לא
לוינסקי    אפ 2,ליעפ.א2,1226307, כתבי אופציה ,20.10,0.00,0.00,סוף יום,20.10,20.10,0.00,0.00,0.00,,סוף יום,0.5,-49.8,0,0,482,140,120000,,,2400000,,,,,,,,,,,,,,,760.0000000 ,760.0000000,לא צמוד,01/01/2029,1.0000000,לוינסקי עופר,359.50,,,IL0012263070,200
לוינסקי   אגח ה,ליעפ.ק5,1226299,איגרות חוב,98.67,0.00,0.00,סוף יום,98.67,98.67,0.00,0.00,0.00,,סוף יום,2.1,8.9,0,0,59202,5200,1030000,,,60000000,,,,לא צמוד,6.00000,30/06/2031,,,,,,,,,,,,,,,,,,IL0012262999,200,9992.59000,0.00000,לא
לוינסקי עופר,ליעפ,200014, מניות,359.50,2.16,65.70,סוף יום,351.90,351.90,368.00,354.00,7.60,,סוף יום,4.2,-22.8,26,18274,155047,140,290000,,,43128510,,,,,,,,,,,,,,,,,,,,,,,,IL0002000144,200
לוינשט נכ אגח ב,לשנכ.ק2,1139716,איגרות חוב,120.35,0.00,0.00,סוף יום,120.35,120.35,0.00,0.00,0.00,,סוף יום,0.0,2.8,0,0,45283,4200,830000,,,37625800,,,,מדד המחירים לצרכן,2.30000,31/12/2027,,,,,,,98.90,15/12/2016,,,,,,,,,,IL0011397168,1536,0.00000,0.00000,לא
לוינשט נכ אגח ג,לשנכ.ק3,1182799,איגרות חוב,96.56,0.00,6.15,סוף יום,96.56,96.56,96.56,96.56,0.00,,סוף יום,0.3,3.9,56,6367,201617,5200,2080000,,,208800000,,,,לא צמוד,1.90000,31/12/2029,,,,,,,,,,,,,,,,,,IL0011827990,1536,142419.87000,84932.89000,לא
לוינשטין הנדסה,לשטן,573014, מניות,37930.00,0.11,488.38,סוף יום,37890.00,37890.00,38700.00,37390.00,40.00,,סוף יום,4.6,-28.6,176,1287,1736547,1,2800,,,4578293,,,,,,,,,,,,,,,,,,,,,,,,IL0005730143,573
לונשטן הנד אגחה,לשטן.ק5,1190586,איגרות חוב,102.49,0.00,6.14,סוף יום,102.49,102.49,102.49,102.49,0.00,,סוף יום,0.1,3.5,53,5991,196744,4900,1950000,,,191964500,,,,לא צמוד,5.00000,30/06/2031,,,,,,,,,,,,,,,,,,IL0011905861,573,172301.20000,136236.70000,לא
לונשטן הנד אגחו,לשטן.ק6,1217959,איגרות חוב,105.87,0.12,88.13,סוף יום,105.74,105.74,106.07,105.74,0.13,,סוף יום,0.6,4.3,58,83265,370545,4800,1900000,,,350000000,,,,מדד המחירים לצרכן,2.94000,30/06/2032,,,,,,,101.50,15/02/2025,,,,,,,,,,IL0012179599,573,169135.82000,146295.02500,לא
ליאם      אגח א,ליאם.ק1,1222496,איגרות חוב,91.03,0.15,9.49,סוף יום,90.89,90.89,91.03,91.00,0.14,,סוף יום,0.8,2.7,2,10427,99450,5500,1110000,,,109250000,,,,לא צמוד,8.00000,30/06/2030,,,,,,,,,,,,,,,,,,IL0012224965,2474,55156.73500,36209.13000,לא
ליבנטל,לבטל,584011, מניות,1756.00,3.29,28.24,סוף יום,1700.00,1700.00,1772.00,1688.00,56.00,,סוף יום,9.9,-4.9,40,1608,182009,31,63000,,,10365000,,,,,,,,,,,,,,,,,,,,,,,,IL0005840116,584
ליברה,לברה,1176981, מניות,3119.00,-0.61,3798.29,סוף יום,3138.00,3138.00,3179.00,3085.00,-19.00,,סוף יום,10.0,66.0,774,121137,1412043,18,35000,,,45272310,,,,,,,,,,,,,,,,,,,,,,,,IL0011769812,1926
ליוינג סטן אגחא,ליוי.ק1,1230051,איגרות חוב,100.10,-0.20,124.78,סוף יום,100.30,100.30,100.50,99.80,-0.20,,סוף יום,-0.1,3.4,4,124653,100100,5000,1000000,,,100000000,,,,לא צמוד,7.18000,31/12/2029,,,,,,,,,,,,,,,,,,IL0012300518,2506,19240.97500,23040.04000,לא
לייבפרסון,לפסן,1123017, מניות,959.50,0.00,0.00,סוף יום,959.50,,0.00,0.00,0.00,,סוף יום,14.4,-24.7,0,0,109412,60,120000,,,11403041,NASDAQ GSM,,04/09/2026,,,,,,,,,,,,,,,,,,,,,US5381463091,1579
לייטסטון  אגח ג,לטסט.ק3,1190099,איגרות חוב,101.50,0.32,387.00,סוף יום,101.18,101.18,101.53,101.18,0.32,,סוף יום,0.7,3.0,64,382002,602910,5000,1980000,,,594000000,,,,לא צמוד,5.75000,30/04/2028,,,,,,,,,,,,,,,,,,IL0011900995,1630,695161.10000,1109025.70500,לא
לייטסטון  אגח ד,לטסט.ק4,1204296,איגרות חוב,102.32,0.91,53.82,סוף יום,101.40,101.40,102.32,101.40,0.92,,סוף יום,1.0,4.2,47,52605,648453,4900,1970000,,,633750000,,,,לא צמוד,5.90000,15/02/2028,,,,,,,,,,,,,,,,,,IL0012042961,1630,445274.01000,320652.49000,לא
לייטסטון  אגח ה,לטסט.ק5,1212588,איגרות חוב,100.38,0.32,402.66,סוף יום,100.06,100.06,101.57,100.06,0.32,,סוף יום,0.5,-0.4,79,400769,1003800,5000,2000000,,,1000000000,,,,לא צמוד,7.07000,30/04/2031,,,,,,,,,,,,,,,,,,IL0012125881,1630,1409118.22000,784151.51000,לא
לייטסטון  אגח ו,לטסט.ק6,1216514,איגרות חוב,100.62,0.06,1294.86,סוף יום,100.56,100.56,100.77,100.56,0.06,,סוף יום,0.0,2.7,78,1287075,1046046,5000,1990000,,,1039600000,,,,לא צמוד,5.53000,15/08/2029,,,,,,,,,,,,,,,,,,IL0012165143,1630,956649.35000,1245118.14500,לא
לייטסטון  אגח ז,לטסט.ק7,1236553,איגרות חוב,96.65,0.51,2133.78,סוף יום,96.16,96.16,96.71,96.16,0.49,,סוף יום,1.3,-3.4,92,2211426,406833,5200,2100000,,,420934160,,,,לא צמוד,6.56000,30/04/2034,,,,,,,,,,,,,,,,,,IL0012365537,1630,817690.20000,1873944.67000,כן
ליניאג תרפיוטיק,לינג,1136365, מניות,332.60,-0.86,3.93,סוף יום,335.50,335.50,335.00,330.00,-2.90,,סוף יום,-1.0,-35.0,9,1182,628073,150,300000,,,188837375,NYSE - AMEX,,,,,,,,,,,,,,,,,,,,,,,US53566P1093,1651
לכיש,לכיש,826016, מניות,1126.00,0.00,0.00,סוף יום,1126.00,1126.00,0.00,0.00,0.00,,סוף יום,1.6,-1.9,0,0,94236,45,90000,,,8369059,,,,,,,,,,,,,,,,,,,,,,,,IL0008260163,826
לנטרה קנדה אגחא,לנטר.ק1,1227628,איגרות חוב,98.18,0.04,0.23,סוף יום,98.14,98.14,98.50,98.14,0.04,,סוף יום,1.8,0.0,4,235,255268,5200,1040000,,,260000000,,,,לא צמוד,6.40000,31/12/2028,,,,,,,,,,,,,,,,,,IL0012276288,2503,41559.43000,46443.10500,לא
לסיכו,לסכו,1140946, מניות,389.40,-0.21,12.16,סוף יום,390.20,390.20,390.20,389.30,-0.80,,סוף יום,5.0,5.6,38,3124,198374,130,270000,,,50943387,,,,,,,,,,,,,,,,,,,,,,,,IL0011409468,1680
לסיכו     אגח ב,לסכו.ק2,1220540,איגרות חוב,103.55,0.18,40.00,סוף יום,103.36,103.36,103.55,103.55,0.19,,סוף יום,0.3,3.6,2,38628,82840,4800,970000,,,80000000,,,,לא צמוד,6.40000,30/06/2031,,,,,,,,,,,,,,,,,,IL0012205402,1680,57659.51500,32900.56500,לא
לפידות חלץ יהש,לפחל,1091248,יחידת השתתפות,139.70,0.00,0.50,סוף יום,139.70,139.70,139.70,139.70,0.00,,סוף יום,0.0,-0.7,1,360,97955,360,720000,,,70118393,,,,,,,,,,,,,,,,,,,,,,,,IL0010912488,1216
לפידות קפיטל,לפדת,642017, מניות,8449.00,1.57,1316.64,סוף יום,8318.00,8091.00,8628.00,8091.00,131.00,,סוף יום,5.5,-10.4,623,15556,5034715,6,12000,,,59589478,,,,,,,,,,,,,,,,,,,,,,,,IL0006420173,642
מ.ו השקע  אגח ב,מוהש.ק2,1204122,איגרות חוב,110.30,0.28,5.07,סוף יום,109.99,109.99,110.30,110.30,0.31,,סוף יום,1.4,6.2,1,4600,100219,4600,920000,,,90860000,,,,מדד המחירים לצרכן,6.10000,31/12/2027,,,,,,,105.00,15/01/2024,,,,,,,,,,IL0012041229,2398,4597.20000,25014.04000,לא
מ.ו השקע  אגח ג,מוהש.ק3,1208388,איגרות חוב,108.00,0.00,0.00,סוף יום,108.00,108.00,0.00,0.00,0.00,,סוף יום,-0.3,1.1,0,0,81410,4600,920000,,,75380000,,,,מדד המחירים לצרכן,5.38000,01/10/2028,,,,,,,107.10,15/06/2024,,,,,,,,,,IL0012083882,2398,0.00000,18657.47000,לא
מ.ו השקע  אגח ד,מוהש.ק4,1217256,איגרות חוב,103.35,0.31,51.80,סוף יום,103.03,103.03,103.99,103.03,0.32,,סוף יום,0.6,4.8,5,50121,137456,4900,970000,,,133000000,,,,מדד המחירים לצרכן,4.60000,31/03/2030,,,,,,,108.40,15/01/2025,,,,,,,,,,IL0012172560,2398,45261.71500,55271.43500,לא
מ.ו השקע  אגח ה,מוהש.ק5,1239623,איגרות חוב,99.80,-0.29,13.41,סוף יום,100.09,100.09,99.80,99.80,-0.29,,סוף יום,-0.3,-0.2,2,13436,96307,5000,1000000,,,96500000,,,,מדד המחירים לצרכן,5.05000,31/03/2031,,,,,,,103.90,15/04/2026,,,,,,,,,,IL0012396235,2398,51.30000,40032.03000,לא
מ.ק.מ       217,מקמ217,8270217,מק''מ,98.72,0.01,2861.95,סוף יום,98.71,98.74,98.74,98.72,0.01,,סוף יום,0.1,2.2,10,2899017,19744000,10000,5070000,,,20000000000,,,,,,03/02/2027,,,,,,,,,,,,,,,,3.16,152,IL0082702171,891,17031404.41000,13191103.72500,לא
מ.ק.מ       317,מקמ317,8270316,מק''מ,98.49,0.00,11025.47,סוף יום,98.49,98.49,98.51,98.48,0.00,,סוף יום,0.1,1.9,17,11194807,17728200,10000,5080000,,,18000000000,,,,,,03/03/2027,,,,,,,,,,,,,,,,3.14,180,IL0082703161,891,32492471.35500,15285151.71000,לא
מ.ק.מ       717,מקמ717,8270712,מק''מ,97.43,0.01,1280.48,סוף יום,97.42,97.55,97.55,97.43,0.01,,סוף יום,0.1,0.5,15,1314169,17537400,10000,5140000,,,18000000000,,,,,,07/07/2027,,,,,,,,,,,,,,,,3.17,306,IL0082707121,891,61478732.51000,16868872.55000,לא
מ.ק.מ       927,מקמ927,8270928,מק''מ,96.92,0.03,62744.89,סוף יום,96.89,96.91,96.92,96.91,0.03,,סוף יום,0.1,0.1,70,64743674,17445600,10000,5170000,,,18000000000,,,,,,08/09/2027,,,,,,,,,,,,,,,,3.16,369,IL0082709283,891,1042326752.03500,1042326752.03500,לא
מ.ק.מ.      117,מקמ117,8270118,מק''מ,98.98,0.03,20023.32,סוף יום,98.95,98.98,98.98,98.96,0.03,,סוף יום,0.1,2.6,27,20231361,17816400,10000,5060000,,,18000000000,,,,,,06/01/2027,,,,,,,,,,,,,,,,3.08,124,IL0082701181,891,25647205.53500,34000975.73500,לא
מ.ק.מ.      417,מקמ417,8270415,מק''מ,98.21,0.02,8817.39,סוף יום,98.19,98.19,98.21,98.19,0.02,,סוף יום,0.1,2.1,12,8978108,17677800,10000,5100000,,,18000000000,,,,,,07/04/2027,,,,,,,,,,,,,,,,3.12,215,IL0082704151,891,18235729.28000,24843347.60500,לא
מ.ק.מ.      517,מקמ517,8270514,מק''מ,97.96,0.03,9845.14,סוף יום,97.93,97.93,97.98,97.96,0.03,,סוף יום,0.1,1.6,17,10049248,17632800,10000,5110000,,,18000000000,,,,,,05/05/2027,,,,,,,,,,,,,,,,3.15,243,IL0082705141,891,35298207.46000,16605362.73000,לא
מ.ק.מ.      617,מקמ617,8270613,מק''מ,97.72,0.01,10091.25,סוף יום,97.71,97.71,97.72,97.71,0.01,,סוף יום,0.1,1.0,22,10326704,17589600,10000,5120000,,,18000000000,,,,,,02/06/2027,,,,,,,,,,,,,,,,3.17,271,IL0082706131,891,49433961.66500,11604369.98000,לא
מ.ק.מ.      817,מקמ817,8270811,מק''מ,97.21,0.03,17596.43,סוף יום,97.18,97.21,97.21,97.20,0.03,,סוף יום,0.1,0.4,22,18101489,17497800,10000,5150000,,,18000000000,,,,,,04/08/2027,,,,,,,,,,,,,,,,3.16,334,IL0082708111,891,216485612.04500,216485612.04500,לא
מ.ק.מ.     1016,מקמ1016,8261018,מק''מ,99.73,0.01,111016.97,סוף יום,99.72,99.74,99.74,99.73,0.01,,סוף יום,0.1,2.7,24,111308536,31913600,10000,5020000,,,32000000000,,,,,,07/10/2026,,,,,,,,,,,,,,,,3.19,33,IL0082610184,891,36560103.33500,183342912.39500,לא
מ.ק.מ.     1116,מקמ1116,8261117,מק''מ,99.50,0.02,201238.85,סוף יום,99.48,99.48,99.50,99.48,0.02,,סוף יום,0.1,2.7,49,202260952,33830000,10000,5030000,,,34000000000,,,,,,04/11/2026,,,,,,,,,,,,,,,,3.11,61,IL0082611174,891,33143730.66000,176733108.29500,לא
מ.ק.מ.     1216,מקמ1216,8261216,מק''מ,99.27,0.03,513205.71,סוף יום,99.24,99.26,99.27,99.25,0.03,,סוף יום,0.1,2.7,53,517030319,33751800,10000,5040000,,,34000000000,,,,,,02/12/2026,,,,,,,,,,,,,,,,3.09,89,IL0082612164,891,23462005.03500,29886606.62000,לא
מאסיבית,מסבת,1172972, מניות,54.40,-3.89,104.26,סוף יום,56.60,56.60,57.70,54.00,-2.20,,סוף יום,-20.2,-24.4,35,188799,37557,730,1470000,,,69038027,,,,,,,,,,,,,,,,,,,,,,,,IL0011729725,1864
מבטח שמיר,מבשמ,127019, מניות,41260.00,1.60,5802.96,סוף יום,40610.00,40610.00,41600.00,40530.00,650.00,,סוף יום,6.3,1.6,2485,14140,4013460,1,2600,,,9727243,,,,,,,,,,,,,,,,,,,,,,,,IL0001270193,127
מבנה,מבנה,226019, מניות,1393.00,1.02,4435.84,סוף יום,1379.00,1379.00,1396.00,1378.00,14.00,,סוף יום,8.2,-8.4,789,319219,10083601,39,78000,,,723876614,,,,,,,,,,,,,,,,,,,,,,,,IL0002260193,226
מבנה אגח טז,מבנה.ק16,2260438,איגרות חוב,103.25,0.00,10.37,סוף יום,103.25,103.25,103.25,103.25,0.00,,סוף יום,0.3,3.4,3,10045,80571,4900,970000,,,78034694,,,,לא צמוד,5.65000,30/06/2028,,,,,,,,,,,,,,,,,,IL0022604388,226,98213.63500,44315.97000,לא
מבנה אגח יז,מבנה.ק17,2260446,איגרות חוב,122.68,0.00,4.02,סוף יום,122.68,122.68,122.68,122.68,0.00,,סוף יום,0.1,3.5,52,3278,184477,4100,1630000,,,150372378,,,,מדד המחירים לצרכן,3.70000,30/06/2028,,,,,,,102.00,15/06/2014,,,,,,,,,,IL0022604461,226,139774.06500,195146.48500,לא
מבנה אגח יט,מבנה.ק19,2260487,איגרות חוב,121.92,0.01,1743.80,סוף יום,121.91,121.91,121.94,121.89,0.01,,סוף יום,-0.1,3.3,19,1430276,384111,4100,820000,,,315051805,,,,מדד המחירים לצרכן,2.60000,31/03/2027,,,,,,,99.20,15/09/2016,,,,,,,,,,IL0022604875,226,183781.51000,196642.39500,לא
מבנה אגח כ,מבנה.ק20,2260495,איגרות חוב,123.36,-0.08,2121.94,סוף יום,123.46,123.46,123.50,123.34,-0.10,,סוף יום,0.2,4.0,146,1719620,1472073,4100,1620000,,,1193314525,,,,מדד המחירים לצרכן,2.81000,31/12/2029,,,,,,,100.00,15/07/2017,,,,,,,,,,IL0022604958,226,1070823.11500,734231.05500,לא
מבנה אגח כג,מבנה.ק23,2260545,איגרות חוב,122.19,0.02,9.10,סוף יום,122.17,122.17,122.19,122.19,0.02,,סוף יום,0.1,3.9,5,7449,608460,4100,820000,,,497962358,,,,מדד המחירים לצרכן,2.40000,30/09/2026,,,,,,,99.50,15/08/2016,,,,,,,,,,IL0022605450,226,185195.31500,207603.97500,לא
מבנה אגח כד,מבנה.ק24,2260552,איגרות חוב,121.85,0.09,11.74,סוף יום,121.74,121.74,121.85,121.74,0.11,,סוף יום,0.3,3.8,55,9638,477894,4100,1650000,,,392198400,,,,מדד המחירים לצרכן,2.60000,30/06/2028,,,,,,,100.70,15/06/2017,,,,,,,,,,IL0022605526,226,189934.15500,154918.08500,לא
מבנה אגח כה,מבנה.ק25,2260636,איגרות חוב,107.11,-0.05,481.68,סוף יום,107.16,107.16,107.25,107.10,-0.05,,סוף יום,0.4,3.7,114,449562,3535550,4700,1870000,,,3300858761,,,,מדד המחירים לצרכן,0.35000,30/09/2033,,,,,,,102.30,15/10/2021,,,,,,,,,,IL0022606367,226,2538387.72000,2218598.90500,לא
מבנה אגח כו,מבנה.ק26,1220714,איגרות חוב,109.20,0.01,996.66,סוף יום,109.19,109.19,109.33,109.05,0.01,,סוף יום,0.4,4.2,92,913202,1414708,4600,1840000,,,1295520000,,,,מדד המחירים לצרכן,3.24000,31/03/2034,,,,,,,102.00,15/04/2025,,,,,,,,,,IL0012207143,226,1081808.92500,885818.62500,לא
מבנה אגח כז,מבנה.ק27,1243401,איגרות חוב,100.24,-0.04,643.97,סוף יום,100.28,100.28,100.41,100.22,-0.04,,סוף יום,0.1,0.2,68,641922,770889,5000,2000000,,,769043000,,,,מדד המחירים לצרכן,2.73000,31/03/2038,,,,,,,105.10,15/05/2026,,,,,,,,,,IL0012434010,226,486643.44000,636721.31500,כן
מגדל ביטוח,מגדל,1081165, מניות,2092.00,-0.33,29191.97,סוף יום,2099.00,2099.00,2109.00,2063.00,-7.00,,סוף יום,3.5,35.3,5864,1403935,22170504,25,99000,,,1059775534,,,,,,,,,,,,,,,,,,,,,,,,IL0010811656,1041
מגדל הון  אגח ז,מגדה.ק7,1156041,איגרות חוב,102.83,0.01,2731.38,סוף יום,102.82,102.80,102.89,102.70,0.01,,סוף יום,0.1,3.2,47,2658158,733389,4900,970000,,,713205000,,,,לא צמוד,4.10000,31/12/2031,,,,,,,,,,,,,,,,,,IL0011560419,1597,817593.16500,1017180.35000,לא
מגדל הון  אגח ח,מגדה.ק8,1182955,איגרות חוב,95.55,0.04,1301.41,סוף יום,95.51,95.59,95.59,95.47,0.04,,סוף יום,0.2,3.6,121,1362638,621233,5200,2100000,,,650165000,,,,לא צמוד,2.38000,31/12/2034,,,,,,,,,,,,,,,,,,IL0011829558,1597,914870.08000,709261.65500,לא
מגדל הון  אגח ט,מגדה.ק9,1185628,איגרות חוב,100.42,-0.11,2458.70,סוף יום,100.53,100.53,100.53,100.41,-0.11,,סוף יום,0.1,3.6,124,2448072,989851,5000,1990000,,,985711000,,,,לא צמוד,3.26000,31/03/2038,,,,,,,,,,,,,,,,,,IL0011856288,1597,1421624.45500,1079785.17500,לא
מגדל הון  אגח י,מגדה.ק10,1192079,איגרות חוב,104.97,0.04,32.43,סוף יום,104.93,104.93,105.00,104.93,0.04,,סוף יום,0.3,3.6,67,30892,640542,4800,1910000,,,610214000,,,,לא צמוד,5.17000,31/05/2035,,,,,,,,,,,,,,,,,,IL0011920795,1597,668525.38500,425681.92000,לא
מגדל הון אגח טו,מגדה.ק15,1228410,איגרות חוב,105.57,0.09,306.43,סוף יום,105.48,105.48,105.69,105.48,0.09,,סוף יום,0.1,5.0,81,290144,295386,4700,1900000,,,279801500,,,,לא צמוד,5.02000,01/01/2040,,,,,,,,,,,,,,,,,,IL0012284100,1597,702028.17500,731872.88000,לא
מגדל הון אגח טז,מגדה.ק16,1228428,איגרות חוב,104.82,0.01,244.60,סוף יום,104.81,104.81,104.84,104.80,0.01,,סוף יום,-0.1,4.6,66,233382,293288,4800,1910000,,,279801500,,,,לא צמוד,5.02000,31/12/2040,,,,,,,,,,,,,,,,,,IL0012284282,1597,885550.71500,379726.00000,לא
מגדל הון אגח יא,מגדה.ק11,1197565,איגרות חוב,106.30,-0.03,121.07,סוף יום,106.33,106.33,106.33,106.25,-0.03,,סוף יום,0.2,3.5,118,113907,607512,4700,1890000,,,571506606,,,,לא צמוד,5.40000,31/12/2035,,,,,,,,,,,,,,,,,,IL0011975658,1597,656448.62500,481182.34000,לא
מגדל הון אגח יב,מגדה.ק12,1197573,איגרות חוב,107.31,0.06,559.82,סוף יום,107.25,107.25,107.36,107.25,0.06,,סוף יום,0.1,4.2,108,521561,613284,4700,1870000,,,571506606,,,,לא צמוד,5.40000,31/12/2036,,,,,,,,,,,,,,,,,,IL0011975732,1597,855121.51000,688417.23000,לא
מגדל הון אגח יג,מגדה.ק13,1207513,איגרות חוב,111.74,0.09,277.18,סוף יום,111.64,111.64,111.78,111.64,0.10,,סוף יום,0.2,4.3,72,248096,702692,4500,1790000,,,628863844,,,,לא צמוד,6.07000,31/12/2037,,,,,,,,,,,,,,,,,,IL0012075136,1597,747625.45500,737635.40000,לא
מגדל הון אגח יד,מגדה.ק14,1207521,איגרות חוב,112.65,0.01,112.73,סוף יום,112.64,112.70,112.70,112.60,0.01,,סוף יום,0.1,4.6,77,100068,708415,4400,1780000,,,628863844,,,,לא צמוד,6.07000,31/12/2038,,,,,,,,,,,,,,,,,,IL0012075219,1597,1342366.38500,871224.43000,לא
מגדל הון אגח יז,מגדה.ק17,1233113,איגרות חוב,103.81,0.20,26.59,סוף יום,103.60,103.60,103.81,103.60,0.21,,סוף יום,0.2,5.2,59,25615,277373,4800,1930000,,,267192500,,,,לא צמוד,4.78000,30/06/2042,,,,,,,,,,,,,,,,,,IL0012331133,1597,674915.72000,301940.73000,לא
מגדל הון אגח יח,מגדה.ק18,1233139,איגרות חוב,103.32,0.11,30.85,סוף יום,103.21,103.21,103.32,103.21,0.11,,סוף יום,0.0,5.2,58,29856,276063,4800,1940000,,,267192500,,,,לא צמוד,4.78000,30/06/2043,,,,,,,,,,,,,,,,,,IL0012331398,1597,301870.34500,136423.21000,לא
מגדל הון אגח יט,מגדה.ק19,1239540,איגרות חוב,101.78,-0.12,9170.41,סוף יום,101.90,101.90,101.90,101.66,-0.12,,סוף יום,-0.7,1.8,222,9014149,540472,9800,980000,,,531020000,,,,לא צמוד,4.92000,30/06/2076,,,,,,,,,,,,,,,,,,IL0012395401,1597,2357296.36000,3021816.93000,לא
מגדלי תיכון,מגתכ,1131523, מניות,1465.00,0.34,538.76,סוף יום,1460.00,1460.00,1465.00,1439.00,5.00,,סוף יום,8.0,8.7,258,36918,2227643,37,74000,,,152057513,,,,,,,,,,,,,,,,,,,,,,,,IL0011315236,1614
מגדלי תיכוןאגחה,מגתכ.ק5,1168517,איגרות חוב,98.59,0.12,134.72,סוף יום,98.47,98.47,98.62,98.47,0.12,,סוף יום,0.2,3.6,77,136632,252886,5100,2030000,,,256502395,,,,לא צמוד,3.04000,01/07/2029,,,,,,,,,,,,,,,,,,IL0011685174,1614,492366.07000,158831.21000,לא
מגדלי תיכוןאגחו,מגתכ.ק6,1199124,איגרות חוב,106.86,0.04,135.16,סוף יום,106.82,107.22,107.22,106.83,0.04,,סוף יום,0.3,3.7,70,126294,320580,4700,1880000,,,300000000,,,,לא צמוד,5.48000,30/06/2032,,,,,,,,,,,,,,,,,,IL0011991242,1614,348447.99000,278713.47500,לא
מגדלי תיכוןאגחז,מגתכ.ק7,1217694,איגרות חוב,106.88,0.07,339.94,סוף יום,106.80,106.95,106.95,106.80,0.08,,סוף יום,0.2,4.3,90,318024,587331,4700,1880000,,,549524000,,,,לא צמוד,5.29000,01/07/2035,,,,,,,,,,,,,,,,,,IL0012176942,1614,1320350.08500,1009213.52500,לא
מגה אור,מגאר,1104488, מניות,51100.00,5.78,70086.41,סוף יום,48310.00,48330.00,51710.00,48300.00,2790.00,,סוף יום,13.7,90.8,4663,137331,19495054,1,4500,,,38150790,,,,,,,,,,,,,,,,,,,,,,,,IL0011044885,1450
מגה אור   אגח ז,מגאר.ק7,1141696,איגרות חוב,120.85,-0.02,34.82,סוף יום,120.87,120.87,120.87,120.84,-0.02,,סוף יום,0.1,3.8,44,28811,304259,4100,1660000,,,251765451,,,,מדד המחירים לצרכן,2.05000,30/08/2027,,,,,,,99.90,15/08/2017,,,,,,,,,,IL0011416968,1450,383957.05500,473398.64500,לא
מגה אור   אגח ח,מגאר.ק8,1147602,איגרות חוב,119.80,0.00,9.12,סוף יום,119.80,119.80,119.80,119.80,0.00,,סוף יום,0.1,3.2,12,7615,483321,4200,840000,,,403440000,,,,מדד המחירים לצרכן,1.40000,31/03/2027,,,,,,,100.70,15/05/2018,,,,,,,,,,IL0011476020,1450,390706.52000,399192.33500,לא
מגה אור   אגח ט,מגאר.ק9,1165141,איגרות חוב,115.41,0.03,330.35,סוף יום,115.37,115.37,115.45,115.28,0.04,,סוף יום,0.3,4.1,105,286329,1670708,4300,1740000,,,1447628062,,,,מדד המחירים לצרכן,0.84000,28/02/2030,,,,,,,100.40,15/02/2020,,,,,,,,,,IL0011651416,1450,1693303.46000,1004240.17500,לא
מגה אור  אגח  י,מגאר.ק10,1178367,איגרות חוב,108.88,0.15,84.96,סוף יום,108.72,108.72,108.88,108.72,0.16,,סוף יום,0.6,3.4,33,78035,109816,4600,1850000,,,100859829,,,,מדד המחירים לצרכן,0.50000,31/03/2032,,,,,,,101.30,15/06/2021,,,,,,,,,,IL0011783672,1450,90850.36500,52976.69500,לא
מגה אור  אגח יא,מגאר.ק11,1178375,איגרות חוב,110.95,0.02,677.75,סוף יום,110.93,110.93,111.00,110.82,0.02,,סוף יום,0.4,4.4,135,610883,1461013,4500,1810000,,,1316820869,,,,מדד המחירים לצרכן,0.97000,31/03/2032,,,,,,,101.30,15/06/2021,,,,,,,,,,IL0011783755,1450,2144863.17500,1792531.54000,לא
מגה אור  אגח יב,מגאר.ק12,1211283,איגרות חוב,109.23,0.09,101.28,סוף יום,109.13,109.13,109.30,109.13,0.10,,סוף יום,0.4,3.7,57,92724,499293,4600,1840000,,,457102000,,,,מדד המחירים לצרכן,3.18000,01/05/2033,,,,,,,107.80,15/08/2024,,,,,,,,,,IL0012112830,1450,277651.34000,135983.18500,לא
מגה אור מסחרי 8,מגאר.נ8,1246370,איגרות חוב,1000.10,0.00,0.00,סוף יום,1000.10,1000.10,0.00,0.00,0.00,,סוף יום,0.0,0.0,0,0,504884,500,100000,,,50483400,,,,לא צמוד,,23/08/2027,,,,,,,,,,,,,,,,,,IL0012463704,1450,5000.50000,5000.50000,לא
מגוריט,מריט,1139195, מניות,760.00,0.00,428.73,סוף יום,760.00,760.00,767.30,750.50,0.00,,סוף יום,4.2,-13.1,103,56334,1358775,69,140000,,,178786183,,,,,,,,,,,,,,,,,,,,,,,,IL0011391955,1668
מגוריט     אפ 1,מגרט.א1,1236132, כתבי אופציה ,90.20,0.00,0.00,סוף יום,90.20,90.20,0.00,0.00,0.00,,סוף יום,0.3,-33.2,0,0,15898,69,560000,,,17625576,,,,,,,,,,,,,,,1066.7650000 ,1066.7650000,לא צמוד,31/07/2029,1.0000000,מגוריט,760.00,,,IL0012361320,1668
מגוריט    אגח ג,מגרט.ק3,1175975,איגרות חוב,113.74,0.03,68.78,סוף יום,113.71,113.71,113.74,113.71,0.03,,סוף יום,0.2,3.9,77,60471,641259,4400,1760000,,,563794000,,,,מדד המחירים לצרכן,0.30000,01/10/2028,,,,,,,100.90,15/05/2021,,,,,,,,,,IL0011759755,1668,640883.16000,394591.78500,לא
מגוריט    אגח ד,מגרט.ק4,1185834,איגרות חוב,113.78,0.06,34.48,סוף יום,113.71,113.71,113.79,113.71,0.07,,סוף יום,0.1,3.1,16,30306,578685,4400,880000,,,508600000,,,,מדד המחירים לצרכן,0.30000,31/03/2027,,,,,,,103.50,15/03/2022,,,,,,,,,,IL0011858342,1668,401542.24000,257772.47000,לא
מגוריט    אגח ה,מגרט.ק5,1192129,איגרות חוב,111.47,0.00,2.99,סוף יום,111.47,111.47,111.47,111.47,0.00,,סוף יום,0.1,4.0,3,2683,515805,4500,900000,,,462730000,,,,מדד המחירים לצרכן,0.30000,30/09/2026,,,,,,,107.70,15/12/2022,,,,,,,,,,IL0011921298,1668,92186.87500,36534.60500,לא
מגוריט    אגח ו,מגרט.ק6,1203504,איגרות חוב,106.34,0.00,5.12,סוף יום,106.34,106.34,106.34,106.34,0.00,,סוף יום,0.0,3.3,10,4810,385094,4700,940000,,,362135000,,,,מדד המחירים לצרכן,0.30000,31/12/2026,,,,,,,105.00,15/01/2024,,,,,,,,,,IL0012035049,1668,90229.62500,77176.81000,לא
מגוריט    אגח ז,מגרט.ק7,1216621,איגרות חוב,99.62,0.14,190.04,סוף יום,99.48,99.48,99.62,99.48,0.14,,סוף יום,0.4,4.8,76,190806,335719,5000,2020000,,,337000000,,,,מדד המחירים לצרכן,0.50000,01/07/2029,,,,,,,108.40,15/01/2025,,,,,,,,,,IL0012166216,1668,334372.35000,499609.36000,לא
מגוריט    אגח ח,מגרט.ק8,1227057,איגרות חוב,93.46,0.09,100.77,סוף יום,93.38,93.38,93.53,93.38,0.08,,סוף יום,0.4,4.1,67,107833,420570,5400,2150000,,,450000000,,,,מדד המחירים לצרכן,0.50000,30/06/2032,,,,,,,103.10,15/07/2025,,,,,,,,,,IL0012270570,1668,283982.06000,499930.29000,לא
מגוריט    אגח ט,מגרט.ק9,1231307,איגרות חוב,97.42,0.10,55.45,סוף יום,97.32,97.32,97.42,97.32,0.10,,סוף יום,0.5,4.7,78,56918,515352,5200,2060000,,,529000000,,,,מדד המחירים לצרכן,0.50000,31/12/2028,,,,,,,103.60,15/10/2025,,,,,,,,,,IL0012313073,1668,454793.41500,279816.32000,לא
מגוריט    אגח י,מגרט.ק10,1231315,איגרות חוב,95.10,0.05,65.17,סוף יום,95.05,95.05,95.10,95.05,0.05,,סוף יום,0.4,4.7,69,68532,570600,5300,2110000,,,600000000,,,,מדד המחירים לצרכן,0.50000,31/12/2029,,,,,,,103.60,15/10/2025,,,,,,,,,,IL0012313156,1668,578198.37000,446152.16500,לא
מגוריט   אגח יא,מגרט.ק11,1234376,איגרות חוב,92.48,0.53,538.35,סוף יום,91.99,91.99,92.69,91.93,0.49,,סוף יום,0.8,4.7,104,583761,554880,5500,2180000,,,600000000,,,,מדד המחירים לצרכן,0.50000,30/09/2033,,,,,,,103.60,15/12/2025,,,,,,,,,,IL0012343765,1668,438750.52500,750730.14500,לא
מגוריט   אגח יב,מגרט.ק12,1240860,איגרות חוב,88.96,0.06,1411.73,סוף יום,88.91,88.91,88.98,88.86,0.05,,סוף יום,0.4,4.0,130,1587364,667200,5600,2260000,,,750000000,,,,מדד המחירים לצרכן,0.50000,30/06/2034,,,,,,,103.90,15/04/2026,,,,,,,,,,IL0012408600,1668,1943903.71000,2802049.57500,כן
מגידו,מגדו,1216605, מניות,702.10,0.13,7.72,סוף יום,701.20,701.20,704.00,701.90,0.90,,סוף יום,8.5,-20.3,28,1100,913900,77,150000,,,130166640,,,,,,,,,,,,,,,,,,,,,,,,IL0012166059,2458
מגידו      אפ 1,מגדו.א1,1225184, כתבי אופציה ,181.00,6.03,9.41,סוף יום,170.70,188.00,188.00,180.90,10.30,,סוף יום,-4.3,-31.0,4,5200,30031,77,260000,,,16591652,,,,,,,,,,,,,,,850.0000000 ,850.0000000,לא צמוד,12/07/2029,1.0000000,מגידו,702.10,,,IL0012251844,2458
מגידו     אגח א,מגדו.ק1,1216373,איגרות חוב,101.81,0.00,48.87,סוף יום,101.81,101.81,101.81,101.81,0.00,,סוף יום,0.0,2.0,2,48000,125226,4900,980000,,,123000000,,,,לא צמוד,5.73000,31/12/2028,,,,,,,,,,,,,,,,,,IL0012163734,2458,0.00000,0.00000,לא
מגידו     אגח ב,מגדו.ק2,1234590,איגרות חוב,98.60,0.00,0.00,סוף יום,98.60,98.60,0.00,0.00,0.00,,סוף יום,0.0,1.0,0,0,150689,5100,1010000,,,152829000,,,,לא צמוד,5.17000,30/06/2032,,,,,,,,,,,,,,,,,,IL0012345901,2458,0.00000,0.00000,לא
מדיפאואר,מדפר,1139955, מניות,486.60,-1.14,228.15,סוף יום,492.20,492.20,501.90,480.00,-5.60,,סוף יום,-5.6,-29.4,70,46529,248833,99,200000,,,51137157,,,,,,,,,,,,,,,,,,,,,,,,CY0100361019,1433
מדיפאואר  אגח ב,מדפר.ק2,1161348,איגרות חוב,100.45,0.00,0.00,סוף יום,100.45,100.45,0.00,0.00,0.00,,סוף יום,-0.1,4.9,0,0,30015,5000,990000,,,29880221,,,,לא צמוד,4.16575,31/12/2026,,,,,,,,,,,,,,,,,,IL0011613481,1433,0.00000,0.50000,לא
מדיפאואר  אגח ג,מדפר.ק3,1230739,איגרות חוב,102.69,0.16,50.51,סוף יום,102.53,102.53,102.69,102.53,0.16,,סוף יום,0.1,5.0,58,49184,287532,4900,1950000,,,280000000,,,,לא צמוד,5.36000,01/01/2034,,,,,,,,,,,,,,,,,,IL0012307398,1433,385894.08500,131590.93000,לא
מדיפרס יהש,מפרס,1182898,יחידת השתתפות,57.20,4.00,4.57,סוף יום,55.00,55.00,57.50,56.80,2.20,,סוף יום,4.0,15.6,2,8000,8587,910,750000,,,15012000,,,,,,,,,,,,,,,,,,,,,,,,IL0011828980,1983
מהדרין,מהדרן,686014, מניות,29690.00,0.78,181.86,סוף יום,29460.00,29460.00,30200.00,29360.00,230.00,,סוף יום,6.1,-3.3,30,613,1022034,2,3600,,,3442350,,,,,,,,,,,,,,,,,,,,,,,,IL0006860147,686
מהדרין    אגח א,מהדרן.ק1,1211457,איגרות חוב,107.75,-0.05,51.05,סוף יום,107.80,107.80,108.28,107.75,-0.05,,סוף יום,0.1,3.5,9,47375,364195,4600,930000,,,338000000,,,,מדד המחירים לצרכן,4.09000,30/06/2030,,,,,,,108.80,15/09/2024,,,,,,,,,,IL0012114570,686,109051.69500,93867.26000,לא
מהדרין    אגח ב,מהדרן.ק2,1236413,איגרות חוב,100.92,0.14,83.89,סוף יום,100.78,100.78,101.00,100.56,0.14,,סוף יום,0.3,2.9,4,83100,255773,5000,990000,,,253441000,,,,לא צמוד,5.25000,30/06/2031,,,,,,,,,,,,,,,,,,IL0012364134,686,83920.33500,69690.07000,לא
מודיעין    אג ב,מדע.ה2,1210442, איגרות חוב להמרה ,96.60,0.42,7.23,סוף יום,96.20,97.00,97.00,96.00,0.40,,סוף יום,2.0,18.8,5,7485,110912,530,530000,,,114816153,,,,דולר,7.00000,01/10/2028,מודיעין   יהש,00345017,IL0003450173,2.3000000,202.50,25/09/2028,,14/08/2024,,,,,,,,,,IL0012104423,345
מודיעין   אגח ג,מדע.ק3,1217215,איגרות חוב,103.36,0.04,36.47,סוף יום,103.32,103.32,105.15,103.32,0.04,,סוף יום,0.6,10.1,8,35287,157123,4900,970000,,,152015200,,,,לא צמוד,7.80000,31/03/2030,,,,,,,,,,,,,,,,,,IL0012172156,345,123068.86000,99747.68500,לא
מודיעין   יהש,מדע,345017,יחידת השתתפות,202.50,-0.49,40.13,סוף יום,203.50,206.00,206.00,200.20,-1.00,,סוף יום,3.9,197.4,40,19815,140644,260,510000,,,69453938,,,,,,,,,,,,,,,,,,,,,,,,IL0003450173,345
מויניאן   אגח א,מוינ.ק1,1239722,איגרות חוב,97.75,0.00,0.00,סוף יום,97.75,97.75,0.00,0.00,0.00,,סוף יום,-0.2,-0.7,0,0,155423,5100,1020000,,,159000000,,,,לא צמוד,8.85000,31/12/2030,,,,,,,,,,,,,,,,,,IL0012397225,2540,82092.43000,32166.13500,לא
מולטי ריטייל,מרג,1171669, מניות,838.60,-0.01,35.60,סוף יום,838.70,838.70,838.70,838.00,-0.10,,סוף יום,3.0,3.7,10,4245,221223,61,120000,,,26380087,,,,,,,,,,,,,,,,,,,,,,,,IL0011716698,1738
מור גמל פנ אגחא,מרגפ.ק1,1232123,איגרות חוב,96.21,-0.06,8.21,סוף יום,96.27,96.27,96.27,96.21,-0.06,,סוף יום,0.2,4.5,46,8534,240525,5200,2080000,,,250000000,,,,לא צמוד,3.00000,30/09/2035,,,,,,,,,,,,,,,,,,IL0012321233,2358,347773.29500,315880.49000,לא
מור גמל פנ אפ 1,מרגפ.א1,1232115, כתבי אופציה ,323.00,1.25,0.57,סוף יום,319.00,319.00,333.00,333.00,4.00,,סוף יום,-3.5,40.9,2,172,24225,32,150000,,,7500000,,,,,,,,,,,,,,,2093.4760000 ,2093.4760000,לא צמוד,15/09/2028,1.0000000,מור גמל פנסיה,1582.00,,,IL0012321159,2358
מור גמל פנסיה,מרגפ,1184381, מניות,1582.00,-0.38,3200.46,סוף יום,1588.00,1588.00,1636.00,1575.00,-6.00,,סוף יום,2.1,9.2,418,200054,2030650,32,65000,,,128359660,,,,,,,,,,,,,,,,,,,,,,,,IL0011843815,2358
מור השקעות,מרהש,1141464, מניות,4451.00,3.30,2741.87,סוף יום,4309.00,4309.00,4451.00,4280.00,142.00,,סוף יום,8.4,-18.4,1123,62744,3250553,12,24000,,,73029726,,,,,,,,,,,,,,,,,,,,,,,,IL0011414641,1692
מור השקעות אגחב,מרהש.ק2,1230580,איגרות חוב,94.52,0.00,4.04,סוף יום,94.52,94.52,94.52,94.52,0.00,,סוף יום,0.2,4.3,43,4276,165410,5300,2120000,,,175000000,,,,לא צמוד,2.50000,31/07/2033,,,,,,,,,,,,,,,,,,IL0012305806,1692,129216.67000,79838.95500,לא
מור השקעות אפ 2,מרהש.א2,1230598, כתבי אופציה ,793.60,4.90,32.90,סוף יום,756.50,756.50,815.00,682.60,37.10,,סוף יום,-10.2,-37.5,34,4146,25395,12,57000,,,3200000,,,,,,,,,,,,,,,5954.2380000 ,5954.2380000,לא צמוד,15/06/2028,1.0000000,מור השקעות,4451.00,,,IL0012305988,1692
מותג עירוני,מותג,1223858, מניות,418.00,3.80,3.21,סוף יום,402.70,418.00,418.00,402.70,15.30,,סוף יום,4.1,-8.5,23,767,85552,120,250000,,,20467042,,,,,,,,,,,,,,,,,,,,,,,,IL0012238585,2486
מותג עירוני אפ1,מותג.א1,1235050, כתבי אופציה ,81.20,0.00,0.00,סוף יום,81.20,81.20,0.00,0.00,0.00,,סוף יום,0.0,-1.6,0,0,1559,120,96000,,,1920000,,,,,,,,,,,,,,,510.0000000 ,510.0000000,לא צמוד,25/01/2028,1.0000000,מותג עירוני,418.00,,,IL0012350505,2486
מותג עירוני אפ2,מותג.א2,1235068, כתבי אופציה ,95.70,0.00,0.00,סוף יום,95.70,95.70,0.00,0.00,0.00,,סוף יום,0.0,6.3,0,0,1225,120,64000,,,1280000,,,,,,,,,,,,,,,663.0000000 ,663.0000000,לא צמוד,25/01/2030,1.0000000,מותג עירוני,418.00,,,IL0012350687,2486
מותג עירוניאגחא,מותג.ק1,1223809,איגרות חוב,102.72,0.00,0.00,סוף יום,102.72,102.72,0.00,0.00,0.00,,סוף יום,0.0,4.7,0,0,82681,4900,970000,,,80492000,,,,לא צמוד,8.10000,31/12/2028,,,,,,,,,,,,,,,,,,IL0012238098,2486,0.00000,0.00000,לא
מז טפ הנ אגח 62,מזהנ.ק62,2310498,איגרות חוב,112.53,-0.10,3932.69,סוף יום,112.64,112.64,112.65,112.53,-0.11,,סוף יום,0.2,3.5,171,3493987,3800262,4500,1780000,,,3377110000,,,,מדד המחירים לצרכן,0.10000,22/10/2028,,,,,,,102.30,15/10/2021,,,,,,,,,,IL0023104982,231,3527541.53000,2681827.89500,לא
מז טפ הנ אגח 63,מזהנ.ק63,2310548,איגרות חוב,98.37,-0.01,882.25,סוף יום,98.38,98.38,98.43,98.36,-0.01,,סוף יום,0.2,3.5,109,896788,2592938,5100,2040000,,,2635903407,,,,לא צמוד,2.74000,13/04/2031,,,,,,,,,,,,,,,,,,IL0023105484,231,3319146.20500,2745053.71000,לא
מז טפ הנ אגח 64,מזהנ.ק64,2310555,איגרות חוב,110.20,0.01,385.56,סוף יום,110.19,110.19,110.25,110.19,0.01,,סוף יום,0.3,3.7,107,349831,2048988,4600,1820000,,,1859335530,,,,מדד המחירים לצרכן,0.10000,13/04/2031,,,,,,,103.50,15/03/2022,,,,,,,,,,IL0023105559,231,1518767.83500,1289558.05000,לא
מז טפ הנ אגח 66,מזהנ.ק66,1191667,איגרות חוב,111.52,0.04,20.32,סוף יום,111.47,111.47,111.53,111.47,0.05,,סוף יום,0.4,3.6,67,18219,899640,4500,1800000,,,806707000,,,,מדד המחירים לצרכן,1.64000,08/12/2031,,,,,,,107.60,15/11/2022,,,,,,,,,,IL0011916678,231,389634.74500,294771.41500,לא
מז טפ הנ אגח 67,מזהנ.ק67,1196807,איגרות חוב,108.69,0.00,42.63,סוף יום,108.69,108.69,108.73,108.69,0.00,,סוף יום,0.4,3.3,68,39217,1521734,4600,1850000,,,1400067900,,,,מדד המחירים לצרכן,2.06000,12/06/2033,,,,,,,104.00,15/05/2023,,,,,,,,,,IL0011968075,231,495125.23500,319640.81500,לא
מז טפ הנ אגח 68,מזהנ.ק68,1202142,איגרות חוב,108.35,0.03,484.17,סוף יום,108.32,108.32,108.39,108.32,0.03,,סוף יום,0.4,3.6,98,446856,2340360,4600,1850000,,,2160000000,,,,מדד המחירים לצרכן,1.99000,25/12/2033,,,,,,,105.10,15/12/2023,,,,,,,,,,IL0012021429,231,1044688.67500,742776.62000,לא
מז טפ הנ אגח 70,מזהנ.ק70,1213883,איגרות חוב,107.96,0.06,727.54,סוף יום,107.90,107.90,107.98,107.87,0.06,,סוף יום,0.4,3.3,96,673881,2771074,4600,1860000,,,2566760000,,,,מדד המחירים לצרכן,2.68000,28/11/2036,,,,,,,109.10,15/11/2024,,,,,,,,,,IL0012138835,231,2191060.75500,2280445.53000,לא
מז טפ הנ אגח 72,מזהנ.ק72,1243088,איגרות חוב,100.80,0.08,212.33,סוף יום,100.72,100.72,100.80,100.72,0.08,,סוף יום,0.2,0.8,19,210649,3024000,5000,990000,,,3000000000,,,,לא צמוד,3.96000,08/06/2033,,,,,,,,,,,,,,,,,,IL0012430885,231,7475453.14500,7419481.87000,לא
מז טפ הנפ אגח61,מזהנ.ק61,2310464,איגרות חוב,118.89,0.00,218.55,סוף יום,118.89,118.89,118.96,118.75,0.00,,סוף יום,0.1,3.7,24,183866,907416,4200,840000,,,763240171,,,,מדד המחירים לצרכן,0.50000,04/12/2026,,,,,,,101.20,15/11/2019,,,,,,,,,,IL0023104644,231,616118.84500,1216156.63000,לא
מז טפ הנפ הת 65,מזהנ.ק65,1191675,איגרות חוב,114.14,0.08,67.93,סוף יום,114.05,114.05,114.14,114.05,0.09,,סוף יום,0.2,3.8,50,59513,800635,8800,1760000,,,701450000,,,,מדד המחירים לצרכן,3.31000,08/06/2033,,,,,,,107.60,15/11/2022,,,,,,,,,,IL0011916751,231,165822.51000,644770.31000,לא
מז טפ הנפ הת 69,מזהנ.ק69,1202159,איגרות חוב,111.74,0.00,2907.36,סוף יום,111.74,111.74,111.80,111.72,0.00,,סוף יום,0.3,4.1,85,2600994,1304275,9000,1790000,,,1167241000,,,,מדד המחירים לצרכן,3.36000,25/06/2034,,,,,,,105.10,15/12/2023,,,,,,,,,,IL0012021593,231,365391.53000,638018.48000,לא
מז טפ הנפ הת 71,מזהנ.ק71,1213891,איגרות חוב,110.01,-0.21,4830.21,סוף יום,110.24,110.24,110.24,109.98,-0.23,,סוף יום,0.1,3.7,115,4388489,1667143,9100,1820000,,,1515447000,,,,מדד המחירים לצרכן,3.38000,28/11/2035,,,,,,,109.10,15/11/2024,,,,,,,,,,IL0012138918,231,865912.29500,691385.02000,לא
מז טפ הנפ נד 73,מזהנ.ק73,1243096,איגרות חוב,100.84,0.02,627.77,סוף יום,100.82,100.82,100.86,100.84,0.02,,סוף יום,0.5,0.8,15,622531,504200,10000,1000000,,,500000000,,,,מדד המחירים לצרכן,2.61000,08/12/2036,,,,,,,105.10,15/05/2026,,,,,,,,,,IL0012430968,231,243546.42000,580557.06500,לא
מז טפ הנפמסחרי6,מזהנ.נ6,1243104,איגרות חוב,1008.00,0.00,0.00,סוף יום,1008.00,1008.00,0.00,0.00,0.00,,סוף יום,0.1,0.8,0,0,1512000,500,99000,,,150000000,,,,לא צמוד,,08/06/2027,,,,,,,,,,,,,,,,,,IL0012431040,231,0.00000,0.00000,לא
מז טפ הנפק   42,מזהנ.ק42,2310183,איגרות חוב,126.87,-0.05,31.14,סוף יום,126.93,126.93,126.98,126.83,-0.06,,סוף יום,0.2,3.4,62,24541,890535,3900,1580000,,,701927000,,,,מדד המחירים לצרכן,3.40335,07/06/2030,,,,,,,99.40,15/05/2015,,,,,,,,,,IL0023101830,231,250436.41000,536668.71000,לא
מז טפ הנפק   46,מזהנ.ק46,2310225,איגרות חוב,121.60,0.00,661.97,סוף יום,121.60,121.60,121.68,121.54,0.00,,סוף יום,0.2,3.7,118,544375,3666984,4100,1650000,,,3015612000,,,,מדד המחירים לצרכן,1.22000,28/09/2027,,,,,,,100.20,15/09/2017,,,,,,,,,,IL0023102259,231,3376488.05000,4755969.16500,לא
מז טפ הנפק   52,מזהנ.ק52,2310381,איגרות חוב,111.29,-0.04,1997.48,סוף יום,111.33,111.33,111.45,111.24,-0.04,,סוף יום,0.3,3.5,127,1794072,3848867,4500,1800000,,,3458412000,,,,מדד המחירים לצרכן,0.20000,01/07/2030,,,,,,,100.10,15/06/2020,,,,,,,,,,IL0023103810,231,2874465.96000,3061844.20500,לא
מזרחי טפחות,מזטפ,695437, מניות,23900.00,-0.29,32931.68,סוף יום,23970.00,24060.00,24090.00,23730.00,-70.00,,סוף יום,3.1,11.1,2137,137850,62270540,2,8600,,,260546194,,,,,,,,,,,,,,,,,,,,,,,,IL0006954379,695
מחלבות גד,גד,1228808, מניות,1472.00,-0.14,1565.95,סוף יום,1474.00,1474.00,1474.00,1437.00,-2.00,,סוף יום,6.9,24.5,55,107455,1424160,36,72000,,,96750000,,,,,,,,,,,,,,,,,,,,,,,,IL0012288085,2509
מטעי הדר 1,מטעי1,716019, מניות,25000.00,0.00,0.00,סוף יום,25000.00,25000.00,0.00,0.00,0.00,,סוף יום,1.3,7.9,0,0,49110,2,4100,,,196439,,,,,,,,,,,,,,,,,,,,,,,,IL0007160190,716
מטעי הדר 5,מטעי5,716035, מניות,106280.00,0.00,0.00,סוף יום,106280.00,106280.00,0.00,0.00,0.00,,סוף יום,3.6,-8.0,0,0,11272,1,530,,,10606,,,,,,,,,,,,,,,,,,,,,,,,IL0007160356,716
מטריסלף,מטלפ,1176791, מניות,299.70,2.36,587.98,סוף יום,292.80,299.00,316.10,292.80,6.90,,סוף יום,13.0,-45.6,173,193320,90851,190,380000,,,30314121,,,,,,,,,,,,,,,,,,,,,,,,IL0011767915,1902
מטריקס,מטרקס,445015, מניות,11050.00,1.10,14235.05,סוף יום,10930.00,10770.00,11140.00,10770.00,120.00,,סוף יום,0.3,-19.1,2591,128994,10226163,5,9100,,,92544466,,,,,,,,,,,,,,,,,,,,,,,,IL0004450156,445
מטריקס     אג 2,מטרקס.ה2,1235969, איגרות חוב להמרה ,93.60,0.00,13.64,סוף יום,93.60,93.60,93.60,93.60,0.00,,סוף יום,0.3,-7.3,2,14574,278018,540,540000,,,297028000,,,,לא צמוד,0.50000,02/02/2031,מטריקס,00445015,IL0004450156,176.1750700,11050.00,22/01/2031,,,,,,,,,,,,IL0012359696,445
מטריקס    אגח ב,מטרקס.ק2,1189646,איגרות חוב,100.88,-0.03,44.38,סוף יום,100.91,100.91,100.93,100.86,-0.03,,סוף יום,0.2,3.4,50,43991,239996,5000,1990000,,,237902623,,,,לא צמוד,4.10000,01/02/2030,,,,,,,,,,,,,,,,,,IL0011896466,445,254697.70500,182629.17500,לא
מידאס,מדאס,544015, מניות,32.90,-6.27,27.49,סוף יום,35.10,35.10,34.90,32.40,-2.20,,סוף יום,-13.4,-17.5,19,83436,34531,1300,2630000,,,104958629,,,,,,,,,,,,,,,,,,,,,,,,IL0005440156,544
מידאס      אג 2,מדאס.ה2,1225770, איגרות חוב להמרה ,71.80,0.00,0.00,סוף יום,71.80,71.80,0.00,0.00,0.00,,סוף יום,-3.2,-24.1,0,0,28720,670,670000,,,40000000,,,,לא צמוד,5.78022,31/12/2029,מידאס,00544015,IL0005440156,0.6464574,32.90,21/12/2029,,,,,,,,,,,,IL0012257700,544
מידאס     אגח ד,מדאס.ק4,5440284,איגרות חוב,104.50,-0.48,7.68,סוף יום,105.00,105.00,104.50,104.50,-0.50,,סוף יום,-0.5,-3.2,1,7350,36558,4800,950000,,,34984200,,,,מדד המחירים לצרכן,1.90000,31/12/2026,,,,,,,102.40,15/11/2021,,,,,,,,,,IL0054402842,544,10120.96000,6990.06000,לא
מידאס     אגח ה,מדאס.ק5,1212695,איגרות חוב,72.50,-5.84,5.65,סוף יום,77.00,77.00,72.50,72.50,-4.50,,סוף יום,-8.3,-24.5,2,7792,36250,6300,1260000,,,50000000,,,,מדד המחירים לצרכן,6.94822,01/07/2029,,,,,,,108.60,15/10/2024,,,,,,,,,,IL0012126954,544,22663.21000,24295.00000,לא
מיה דיינמיקס,מיה,494013, מניות,30.70,-0.97,107.98,סוף יום,31.00,32.30,32.30,30.20,-0.30,,סוף יום,-16.1,-62.8,59,347143,87001,1400,2730000,,,283390827,,,,,,,,,,,,,,,,,,,,,,,,IL0004940131,494
מיה דינמיקס אג1,מיה.ה1,1224617, איגרות חוב להמרה ,59.20,0.00,0.00,סוף יום,59.20,59.20,0.00,0.00,0.00,,סוף יום,-17.4,-41.3,0,0,23680,700,700000,,,40000000,,,,לא צמוד,5.00000,31/12/2029,מיה דיינמיקס,00494013,IL0004940131,1.0000000,30.70,21/12/2029,,,,,,,,,,,,IL0012246174,494
מיחשוב ישר קב,מחשר,507012, מניות,34850.00,0.75,32.76,סוף יום,34590.00,34590.00,35280.00,34670.00,260.00,,סוף יום,7.8,-30.0,25,94,1195920,1,2800,,,3431621,,,,,,,,,,,,,,,,,,,,,,,,IL0005070128,507
מיטב השק אגח ד,מיטב.ק4,1161371,איגרות חוב,97.46,0.02,182.53,סוף יום,97.44,97.44,97.48,97.43,0.02,,סוף יום,0.2,3.0,73,187286,480884,5100,2060000,,,493416878,,,,לא צמוד,2.11000,10/12/2029,,,,,,,,,,,,,,,,,,IL0011613713,1064,658498.23500,629799.65500,לא
מיטב השקעות,מיטב,1081843, מניות,12520.00,-0.24,9685.15,סוף יום,12550.00,12600.00,12700.00,12500.00,-30.00,,סוף יום,5.2,10.3,971,77097,10667849,4,8400,,,85206464,,,,,,,,,,,,,,,,,,,,,,,,IL0010818438,1064
מיטב טרייד,מטרה,1203181, מניות,2322.00,0.00,44.39,סוף יום,2322.00,2322.00,2322.00,2314.00,0.00,,סוף יום,-0.8,13.5,22,1912,1082254,21,43000,,,46608697,,,,,,,,,,,,,,,,,,,,,,,,IL0012031816,2428
מיטב טרייד אפ 1,מטרה.א1,1203199, כתבי אופציה ,1871.00,0.00,0.00,סוף יום,1871.00,1871.00,0.00,0.00,0.00,,סוף יום,0.2,25.2,0,0,87879,21,27000,,,4696880,,,,,,,,,,,,,,,666.0040000 ,666.0040000,לא צמוד,18/01/2028,1.0000000,מיטב טרייד,2322.00,,,IL0012031998,2428
מיטרוניקס,מטרן,1091065, מניות,267.30,5.36,686.71,סוף יום,253.70,258.00,269.80,254.40,13.60,,סוף יום,6.4,-34.5,174,261010,293340,200,400000,,,109741762,,,,,,,,,,,,,,,,,,,,,,,,IL0010910656,1212
מיי טאון  אגח א,מייט.ק1,1214626,איגרות חוב,103.04,0.00,0.00,סוף יום,103.04,103.04,0.00,0.00,0.00,,סוף יום,2.4,6.6,0,0,54302,5000,990000,,,52700000,,,,לא צמוד,7.50000,01/10/2028,,,,,,,,,,,,,,,,,,IL0012146267,2449,5784.75000,0.00000,לא
מיכל פק   אגח א,מיפק.ק1,1241942,איגרות חוב,101.26,0.02,0.59,סוף יום,101.24,101.24,101.30,101.30,0.02,,סוף יום,0.0,1.3,2,577,4207353,4900,990000,,,4155000000,,,,לא צמוד,,01/02/2037,,,,,,,,,,,,,,,,,,IL0012419425,2551,252721.73000,194770.08000,לא
מיכל פק   אגח ב,מיפק.ק2,1243351,איגרות חוב,100.83,-0.01,185.39,סוף יום,100.84,100.84,100.93,100.74,-0.01,,סוף יום,0.0,0.8,10,183814,684742,5000,990000,,,679105000,,,,לא צמוד,,01/02/2037,,,,,,,,,,,,,,,,,,IL0012433517,2551,50330.00000,50320.00000,לא
מיכל פק   אגח ג,מיפק.ק3,1244938,איגרות חוב,100.32,0.00,0.00,סוף יום,100.32,100.32,0.00,0.00,0.00,,סוף יום,0.0,0.3,0,0,601920,5000,1000000,,,600000000,,,,לא צמוד,,01/02/2037,,,,,,,,,,,,,,,,,,IL0012449380,2551,138290.05500,190580.00000,לא
מיכל פק   אגח ד,מיפק.ק4,1246347,איגרות חוב,100.38,-0.10,280.20,סוף יום,100.48,100.48,100.38,100.38,-0.10,,סוף יום,0.1,0.4,4,279139,830730,5000,1000000,,,827585000,,,,לא צמוד,,01/02/2037,,,,,,,,,,,,,,,,,,IL0012463472,2551,50098.00000,50098.00000,לא
מילניום פוד יהש,מיפט,1167501,יחידת השתתפות,102.90,2.59,19.01,סוף יום,100.30,103.90,104.90,100.00,2.60,,סוף יום,12.0,14.0,13,18473,25215,540,1060000,,,24504286,,,,,,,,,,,,,,,,,,,,,,,,IL0011675019,1806
מימון יש מסחרי5,מישק.נ5,1233410,איגרות חוב,1025.00,0.00,0.00,סוף יום,1025.00,1025.00,0.00,0.00,0.00,,סוף יום,0.0,2.5,0,0,241923,490,98000,,,23602200,,,,לא צמוד,,18/12/2026,,,,,,,,,,,,,,,,,,IL0012334103,1675,0.00000,0.00000,לא
מימון יש מסחרי6,מישק.נ6,1239680,איגרות חוב,1013.50,0.00,0.00,סוף יום,1013.50,1013.50,0.00,0.00,0.00,,סוף יום,0.0,1.4,0,0,298486,490,99000,,,29451000,,,,לא צמוד,,20/04/2027,,,,,,,,,,,,,,,,,,IL0012396805,1675,0.00000,10118.80000,לא
מימון ישיר,מישק,1168186, מניות,70500.00,3.42,1511.11,סוף יום,68170.00,68190.00,70760.00,68170.00,2330.00,,סוף יום,7.1,34.4,286,2161,2105756,1,1500,,,2986888,,,,,,,,,,,,,,,,,,,,,,,,IL0011681868,1675
מימון ישיר אגחה,מישק.ק5,1182831,איגרות חוב,112.84,0.11,355.40,סוף יום,112.72,112.72,112.86,112.72,0.12,,סוף יום,0.3,3.9,104,314951,1720706,4400,1780000,,,1524907757,,,,מדד המחירים לצרכן,1.00000,31/07/2031,,,,,,,102.40,15/11/2021,,,,,,,,,,IL0011828311,1675,1454528.72000,1942592.05500,לא
מימון ישיר אגחו,מישק.ק6,1191659,איגרות חוב,112.96,-0.07,12.54,סוף יום,113.04,113.04,113.04,112.96,-0.08,,סוף יום,0.0,3.5,11,11101,630887,4400,890000,,,558505000,,,,מדד המחירים לצרכן,3.54000,31/03/2027,,,,,,,107.60,15/11/2022,,,,,,,,,,IL0011916595,1675,341662.89000,348580.73500,לא
מימון ישיר אגחז,מישק.ק7,1220128,איגרות חוב,108.50,0.10,1554.56,סוף יום,108.39,108.39,108.60,108.39,0.11,,סוף יום,0.5,3.9,85,1431964,1015368,4600,1850000,,,935823000,,,,מדד המחירים לצרכן,3.52000,01/04/2035,,,,,,,101.50,15/03/2025,,,,,,,,,,IL0012201286,1675,1014035.39500,807357.91500,לא
מימון ישיר אגחח,מישק.ק8,1242601,איגרות חוב,101.31,0.13,357.48,סוף יום,101.18,101.18,101.36,101.18,0.13,,סוף יום,0.3,1.3,54,352957,428336,5000,1980000,,,422797000,,,,מדד המחירים לצרכן,2.85000,30/06/2036,,,,,,,105.10,15/05/2026,,,,,,,,,,IL0012426016,1675,1585928.72500,1564661.95000,כן
מירלנד    אגח ח,מרלד.ק8,1182542,איגרות חוב,54.74,-1.40,0.99,סוף יום,55.52,55.52,54.00,54.00,-0.78,,סוף יום,-1.0,-17.1,1,1836,33138,9000,1810000,,,60537996,,,,לא צמוד,1.00000,30/10/2026,,,,,,,,,,,,,,,,,,IL0011825424,1502,0.00000,0.00000,לא
מירלנד  אג ט-ש,מלד.ה9-ש,1182559, איגרות חוב להמרה ,4.00,0.00,0.04,סוף יום,4.00,4.00,4.00,4.00,0.00,,סוף יום,0.0,-11.1,1,915,3626,13000,4530000,,,90644549,,09/02/2023,,לא צמוד,1.00000,31/12/2026,מירלנד-ש,01108638,CY0106902113,0.5586500,2.30,21/12/2026,,,,,,,,,,,,IL0011825598,1502
מירלנד-ש,מרלד-ס,1108638, מניות,2.30,0.00,0.00,סוף יום,2.30,2.30,0.00,0.00,0.00,,סוף יום,-4.2,-8.0,0,0,602,21000,1310000,,,26180829,,09/02/2023,,,,,,,,,,,,,,,,,,,,,,CY0106902113,1502
מישורים,מישר,1105196, מניות,350.20,2.49,0.70,סוף יום,341.70,341.70,366.30,341.70,8.50,,סוף יום,-3.4,-30.9,12,190,121875,140,280000,,,34801464,,,,,,,,,,,,,,,,,,,,,,,,IL0011051963,1467
מישורים   אגח ט,מישר.ק9,1178797,איגרות חוב,114.11,0.40,13.24,סוף יום,113.65,113.65,114.11,113.65,0.46,,סוף יום,-0.4,0.4,28,11600,203265,4400,1740000,,,178131000,,,,מדד המחירים לצרכן,3.37000,31/12/2028,,,,,,,101.40,15/07/2021,,,,,,,,,,IL0011787970,1467,136377.14500,161182.99000,לא
מישורים   אגח י,מישר.ק10,1212547,איגרות חוב,100.98,0.08,32.92,סוף יום,100.90,100.90,101.00,100.85,0.08,,סוף יום,0.4,-2.8,29,32597,223773,5000,1990000,,,221601000,,,,מדד המחירים לצרכן,5.10000,31/12/2030,,,,,,,108.80,15/09/2024,,,,,,,,,,IL0012125477,1467,195347.35500,255408.57500,לא
מכלול אגח ב,מכלל.ק2,1214675,איגרות חוב,102.25,0.16,236.08,סוף יום,102.09,102.09,102.39,102.09,0.16,,סוף יום,0.2,3.5,79,230775,343500,4900,1960000,,,335941680,,,,לא צמוד,6.60000,30/06/2028,,,,,,,,,,,,,,,,,,IL0012146754,1944,340643.32500,376134.67000,לא
מכלול מימון,מכלל,1179753, מניות,1259.00,-2.93,87.21,סוף יום,1297.00,1297.00,1266.00,1244.00,-38.00,,סוף יום,-5.0,-18.4,29,6912,634195,38,75000,,,50372947,,,,,,,,,,,,,,,,,,,,,,,,IL0011797532,1944
מכלול נד אגח1רמ,מכלנ.ק1מ,1207141,איגרות חוב,100.00,0.00,0.00,סוף יום,100.00,,0.00,0.00,0.00,,סוף יום,,,0,0,,,2000000,,,,,,,לא צמוד,7.35000,31/10/2029,,,,,,,,,,,,,,,,,,IL0012071416,2439
מכפל טכנולוגיות,מכפל,1229335, מניות,5889.00,-0.56,0.76,סוף יום,5922.00,5922.00,5922.00,5833.00,-33.00,,סוף יום,-6.0,-9.4,6,13,1031399,8,16000,,,17514000,,,,,,,,,,,,,,,,,,,,,,,,IL0012293358,2511
מליסרון,מלסרן,323014, מניות,43380.00,-0.05,9994.73,סוף יום,43400.00,43580.00,43820.00,43200.00,-20.00,,סוף יום,6.3,6.4,927,22984,20692765,1,4900,,,47701165,,,,,,,,,,,,,,,,,,,,,,,,IL0003230146,323
מליסרון   אגח כ,מלסר.ק20,3230422,איגרות חוב,109.09,0.03,894.32,סוף יום,109.06,109.06,109.22,109.06,0.03,,סוף יום,0.5,3.8,93,819725,1424203,4600,1840000,,,1305530596,,,,מדד המחירים לצרכן,0.25000,01/07/2030,,,,,,,101.80,15/08/2021,,,,,,,,,,IL0032304227,323,920317.82000,646171.34000,לא
מליסרון  אגח טז,מלסר.ק16,3230265,איגרות חוב,121.78,-0.03,11.99,סוף יום,121.82,121.82,121.82,121.78,-0.04,,סוף יום,0.2,3.2,11,9849,1089844,4100,820000,,,894928362,,,,מדד המחירים לצרכן,2.35000,01/04/2027,,,,,,,98.90,15/12/2016,,,,,,,,,,IL0032302650,323,482304.47500,419545.30500,לא
מליסרון  אגח יז,מלסר.ק17,3230273,איגרות חוב,121.96,-0.02,631.31,סוף יום,121.99,121.99,122.06,121.86,-0.03,,סוף יום,0.4,4.1,107,517397,1792763,4100,1650000,,,1469959963,,,,מדד המחירים לצרכן,2.25000,01/01/2032,,,,,,,99.90,15/02/2018,,,,,,,,,,IL0032302734,323,1415342.99000,840135.98000,לא
מליסרון  אגח יח,מלסר.ק18,3230372,איגרות חוב,116.58,0.00,13.94,סוף יום,116.58,116.58,116.58,116.58,0.00,,סוף יום,0.2,3.7,62,11960,609134,4300,1720000,,,522502615,,,,מדד המחירים לצרכן,0.65000,02/07/2028,,,,,,,100.40,15/02/2020,,,,,,,,,,IL0032303724,323,371112.76000,478262.54000,לא
מליסרון  אגח יט,מלסר.ק19,3230398,איגרות חוב,117.67,0.00,180.15,סוף יום,117.67,117.67,117.72,117.66,0.00,,סוף יום,0.4,3.9,91,153083,2218384,4300,1710000,,,1885258480,,,,מדד המחירים לצרכן,1.43000,01/07/2029,,,,,,,100.20,15/08/2020,,,,,,,,,,IL0032303989,323,1624757.41000,1345423.18000,לא
מליסרון  אגח כא,מלסר.ק21,1194638,איגרות חוב,117.13,0.05,1989.91,סוף יום,117.07,117.07,117.24,117.07,0.06,,סוף יום,0.4,4.3,173,1698224,3584257,4300,1710000,,,3060067821,,,,מדד המחירים לצרכן,3.61000,01/01/2037,,,,,,,102.80,15/03/2023,,,,,,,,,,IL0011946386,323,3399374.80000,2844395.84500,לא
מליסרון  אגח כב,מלסר.ק22,1233238,איגרות חוב,103.94,0.15,87.16,סוף יום,103.78,103.78,103.99,103.78,0.16,,סוף יום,0.3,3.8,52,83849,456945,4800,1930000,,,439623360,,,,מדד המחירים לצרכן,2.95000,10/07/2040,,,,,,,104.10,15/11/2025,,,,,,,,,,IL0012332388,323,576329.75500,435249.63000,לא
מליסרון מסחרי 6,מלסר.נ6,1241801,איגרות חוב,1008.30,0.00,0.00,סוף יום,1008.30,1008.30,0.00,0.00,0.00,,סוף יום,0.0,0.8,0,0,705810,500,99000,,,70000000,,,,לא צמוד,,27/05/2027,,,,,,,,,,,,,,,,,,IL0012418013,323,5010.52500,10064.60000,לא
מלם-תים אחזקות,מלתא,731018, מניות,18420.00,0.99,871.89,סוף יום,18240.00,18240.00,18460.00,18020.00,180.00,,סוף יום,11.9,-27.4,184,4766,1952153,3,6100,,,10598009,,,,,,,,,,,,,,,,,,,,,,,,IL0007310183,731
מלרן,מלרן,1170950, מניות,1074.00,-1.38,68.46,סוף יום,1089.00,1089.00,1105.00,1061.00,-15.00,,סוף יום,-3.1,-24.8,22,6378,321436,45,90000,,,29928890,,,,,,,,,,,,,,,,,,,,,,,,IL0011709503,1787
מלרן      אגח ד,מלרן.ק4,1186865,איגרות חוב,102.09,0.12,4.35,סוף יום,101.97,101.97,102.09,102.09,0.12,,סוף יום,0.1,4.5,1,4263,51793,4900,980000,,,50732604,,,,לא צמוד,7.85000,30/06/2027,,,,,,,,,,,,,,,,,,IL0011868655,1787,6022.29000,1.51500,לא
מלרן      אגח ה,מלרן.ק5,1212679,איגרות חוב,108.46,0.06,102.78,סוף יום,108.39,108.39,108.46,108.39,0.07,,סוף יום,0.1,2.6,64,94763,173493,4600,1850000,,,159960413,,,,לא צמוד,8.95000,30/09/2029,,,,,,,,,,,,,,,,,,IL0012126798,1787,186939.24000,109198.84000,לא
מלרן      אגח ו,מלרן.ק6,1219310,איגרות חוב,103.80,0.32,38.94,סוף יום,103.47,103.47,103.87,103.47,0.33,,סוף יום,0.1,2.7,61,37515,231454,4800,1930000,,,222981000,,,,לא צמוד,7.95000,31/10/2029,,,,,,,,,,,,,,,,,,IL0012193103,1787,274344.92000,281526.20500,לא
מלרן      אגח ז,מלרן.ק7,1238617,איגרות חוב,102.75,0.00,0.00,סוף יום,102.75,102.75,0.00,0.00,0.00,,סוף יום,0.4,2.8,0,0,107255,4900,980000,,,104384000,,,,לא צמוד,7.66000,30/09/2032,,,,,,,,,,,,,,,,,,IL0012386178,1787,110184.84000,69435.75000,לא
ממן       אגח ג,ממן.ק3,2380053,איגרות חוב,98.15,0.12,107.85,סוף יום,98.03,98.03,98.19,98.03,0.12,,סוף יום,0.2,3.1,9,109882,91245,5100,1020000,,,92964379,,,,לא צמוד,2.39000,31/12/2028,,,,,,,,,,,,,,,,,,IL0023800530,238,104312.01500,74233.44000,לא
ממשל גלובל01/27,ממגל0127,1181239,אג''ח ממשלתיות,368.55,0.00,0.00,סוף יום,368.55,368.55,0.00,0.00,0.00,,סוף יום,0.0,0.0,0,0,6449625,2700,1360000,,,1750000000,OTC,,,לא צמוד,1.50000,18/01/2027,,,,,,,,,,,,,,,,0.00,,XS1551294256,976,0.00000,0.00000,לא
ממשל גלובל01/29,ממגל0129,1181221,אג''ח ממשלתיות,336.04,0.17,20.81,סוף יום,335.46,335.46,336.05,335.46,0.58,,סוף יום,0.7,-10.1,12,6192,5544660,3000,1500000,,,1650000000,OTC,,,לא צמוד,1.50000,16/01/2029,,,,,,,,,,,,,,,,3.63,,XS1936100483,976,0.00000,74511.33000,כן
ממשל גלובל07/30,ממגל0730,1181197,אג''ח ממשלתיות,277.48,0.03,240.45,סוף יום,277.41,277.41,277.69,277.41,0.07,,סוף יום,0.3,-4.2,14,86652,5549600,3600,1810000,,,2000000000,OTC,,,לא צמוד,2.75000,03/07/2030,,,,,,,,,,,,,,,,5.18,,US46513JB346,976,178959.94000,377747.27000,כן
ממשל משתנה 1130,מממש1130,1166552,אג''ח ממשלתיות,98.83,0.01,161.27,סוף יום,98.82,98.82,98.89,98.82,0.01,,סוף יום,0.1,2.8,24,163182,36221124,10000,5060000,,,36649928000,,,,לא צמוד,3.22000,29/11/2030,,,,,,,,,,,,,,,,3.54,,IL0011665523,923,1616440.42500,2057274.82500,לא
ממשל משתנה 1134,מממש1134,1205145,אג''ח ממשלתיות,97.15,-0.02,147.75,סוף יום,97.17,97.17,97.19,97.11,-0.02,,סוף יום,0.1,2.9,21,152081,34950667,10000,5150000,,,35975983000,,,,לא צמוד,3.22000,30/11/2034,,,,,,,,,,,,,,,,0.45,,IL0012051459,923,2690810.20000,418856.27500,לא
ממשל צמודה 0431,ממצמ0431,1220722,אג''ח ממשלתיות,104.81,0.02,149769.56,סוף יום,104.79,104.79,104.87,104.79,0.02,,סוף יום,0.4,2.9,135,142872980,24681218,9600,4790000,,,23548534000,,,,מדד המחירים לצרכן,2.00000,30/04/2031,,,,,,,102.00,15/04/2025,,,,,,,,1.77,,IL0012207226,954,161275420.05500,90149842.63000,לא
ממשל צמודה 0456,ממצמ0456,1230713,אג''ח ממשלתיות,92.78,-0.49,312.47,סוף יום,93.24,93.24,93.24,92.74,-0.46,,סוף יום,-0.5,-3.8,24,336778,7874781,11000,5360000,,,8487585000,,,,מדד המחירים לצרכן,2.00000,30/04/2056,,,,,,,103.60,15/10/2025,,,,,,,,2.44,,IL0012307133,954,6906576.25500,2109465.41500,לא
ממשל צמודה 0527,ממצמ0527,1140847,אג''ח ממשלתיות,120.78,0.00,6075.44,סוף יום,120.78,120.65,120.82,120.65,0.00,,סוף יום,0.1,3.3,69,5029920,29417731,8300,4150000,,,24356458610,,,,מדד המחירים לצרכן,0.75000,31/05/2027,,,,,,,100.10,15/04/2017,,,,,,,,1.24,,IL0011408478,954,132763959.52500,119579524.30500,לא
ממשל צמודה 0529,ממצמ0529,1157023,אג''ח ממשלתיות,116.92,0.03,35913.99,סוף יום,116.89,116.89,116.94,116.84,0.03,,סוף יום,0.4,3.4,91,30720511,38754946,8600,4290000,,,33146549500,,,,מדד המחירים לצרכן,0.50000,31/05/2029,,,,,,,100.10,15/02/2019,,,,,,,,1.44,,IL0011570236,954,146971229.72000,100660512.97000,לא
ממשל צמודה 0536,ממצמ0536,1097708,אג''ח ממשלתיות,169.21,-0.14,17103.79,סוף יום,169.45,169.45,169.65,169.21,-0.24,,סוף יום,0.2,1.5,132,10102618,26959050,5900,2960000,,,15932303000,,,,מדד המחירים לצרכן,4.00000,30/05/2036,,,,,,,104.50,15/06/2006,,,,,,,,1.97,,IL0010977085,954,17671931.25500,12809606.68500,לא
ממשל צמודה 0545,ממצמ0545,1134865,אג''ח ממשלתיות,97.92,-0.14,512.70,סוף יום,98.06,98.06,98.32,97.90,-0.14,,סוף יום,0.0,-1.9,35,522368,22220545,10000,5110000,,,22692549760,,,,מדד המחירים לצרכן,1.00000,31/05/2045,,,,,,,99.20,15/02/2015,,,,,,,,2.27,,IL0011348658,954,3330489.35500,1009985.01000,לא
ממשל צמודה 0837,ממצמ0837,1237205,אג''ח ממשלתיות,99.90,-0.11,7449.56,סוף יום,100.01,100.01,100.05,99.90,-0.11,,סוף יום,0.3,1.7,65,7453939,10368804,10000,5020000,,,10379183000,,,,מדד המחירים לצרכן,1.85000,31/08/2037,,,,,,,103.30,15/02/2026,,,,,,,,2.04,,IL0012372053,954,66447483.13500,27792988.05500,לא
ממשל צמודה 0841,ממצמ0841,1120583,אג''ח ממשלתיות,138.09,-0.02,3063.34,סוף יום,138.12,138.12,138.41,138.07,-0.03,,סוף יום,0.3,-0.1,71,2215663,28449417,7300,3630000,,,20602083649,,,,מדד המחירים לצרכן,2.75000,30/08/2041,,,,,,,106.40,15/08/2010,,,,,,,,2.14,,IL0011205833,954,8540861.90000,3201539.11500,לא
ממשל צמודה 1028,ממצמ1028,1197326,אג''ח ממשלתיות,108.63,0.04,52022.33,סוף יום,108.59,108.59,108.63,108.58,0.04,,סוף יום,0.3,3.4,95,47902517,36604132,9200,4620000,,,33696154000,,,,מדד המחירים לצרכן,1.10000,31/10/2028,,,,,,,104.20,15/06/2023,,,,,,,,1.41,,IL0011973265,954,146047086.46000,108971181.64500,לא
ממשל צמודה 1033,ממצמ1033,1204379,אג''ח ממשלתיות,107.50,0.00,54639.66,סוף יום,107.50,107.50,107.67,107.50,0.00,,סוף יום,0.3,2.6,120,50807070,34677202,9300,4670000,,,32257862000,,,,מדד המחירים לצרכן,1.60000,31/10/2033,,,,,,,105.00,15/02/2024,,,,,,,,1.80,,IL0012043795,954,74816107.16000,30708861.85500,לא
ממשל צמודה 1131,ממצמ1131,1172220,אג''ח ממשלתיות,110.72,0.02,58018.88,סוף יום,110.70,110.70,110.75,110.70,0.02,,סוף יום,0.4,3.0,92,52392882,37897771,9100,4530000,,,34228478000,,,,מדד המחירים לצרכן,0.10000,30/11/2031,,,,,,,100.10,15/01/2021,,,,,,,,1.63,,IL0011722209,954,89329995.87000,80467274.90000,לא
ממשל צמודה 1151,ממצמ1151,1168301,אג''ח ממשלתיות,78.07,-0.10,390.50,סוף יום,78.15,78.15,78.33,77.98,-0.08,,סוף יום,-0.2,-3.5,31,499859,25103729,13000,6390000,,,32155411000,,,,מדד המחירים לצרכן,0.50000,30/11/2051,,,,,,,100.20,15/08/2020,,,,,,,,2.36,,IL0011683013,954,3058635.91500,1256785.67500,לא
ממשל שקלית 0142,ממשק0142,1125400,אג''ח ממשלתיות,118.94,0.00,17821.59,סוף יום,118.94,118.94,118.94,118.77,0.00,,סוף יום,-0.2,3.4,167,14992499,43801577,8400,4200000,,,36826616100,,,,לא צמוד,5.50000,31/01/2042,,,,,,,,,,,,,,,,4.11,,IL0011254005,926,94480310.05500,59254689.73500,לא
ממשל שקלית 0229,ממשק0229,1194802,אג''ח ממשלתיות,102.75,0.03,108501.99,סוף יום,102.72,102.72,102.76,102.71,0.03,,סוף יום,0.2,3.2,101,105617534,35988563,9800,4880000,,,35025365860,,,,לא צמוד,3.75000,28/02/2029,,,,,,,,,,,,,,,,3.40,,IL0011948028,926,56118118.88500,27230763.87000,לא
ממשל שקלית 0327,ממשק0327,1139344,אג''ח ממשלתיות,100.27,0.01,28091.08,סוף יום,100.26,100.26,100.29,100.26,0.01,,סוף יום,0.1,2.9,86,28015526,28304611,10000,4990000,,,28228394540,,,,לא צמוד,2.00000,31/03/2027,,,,,,,,,,,,,,,,3.05,,IL0011393449,926,50198155.83500,35101804.81000,לא
ממשל שקלית 0330,ממשק0330,1160985,אג''ח ממשלתיות,92.28,0.01,65557.63,סוף יום,92.27,92.27,92.28,92.23,0.01,,סוף יום,0.3,3.4,166,71062259,34840730,11000,5430000,,,37755450990,,,,לא צמוד,1.00000,31/03/2030,,,,,,,,,,,,,,,,3.46,,IL0011609851,926,99991800.51500,86349940.60500,לא
ממשל שקלית 0335,ממשק0335,1202332,אג''ח ממשלתיות,102.97,0.06,29019.39,סוף יום,102.91,102.91,102.97,102.90,0.06,,סוף יום,0.0,3.3,247,28191910,40408387,9700,4860000,,,39242874000,,,,לא צמוד,4.00000,30/03/2035,,,,,,,,,,,,,,,,3.82,,IL0012023326,926,189089610.96000,75081200.99000,לא
ממשל שקלית 0347,ממשק0347,1140193,אג''ח ממשלתיות,94.22,-0.08,45469.39,סוף יום,94.30,94.30,94.38,94.16,-0.08,,סוף יום,-0.6,3.1,215,48258306,27383093,11000,5270000,,,29062930410,,,,לא צמוד,3.75000,31/03/2047,,,,,,,,,,,,,,,,4.30,,IL0011401937,926,52586843.64500,47152653.01000,לא
ממשל שקלית 0432,ממשק0432,1180660,אג''ח ממשלתיות,88.80,0.05,81849.10,סוף יום,88.76,88.78,88.82,88.74,0.04,,סוף יום,0.2,3.5,218,92200576,36486803,11000,5640000,,,41088742000,,,,לא צמוד,1.30000,30/04/2032,,,,,,,,,,,,,,,,3.61,,IL0011806606,926,144189881.31500,142349385.99500,לא
ממשל שקלית 0530,ממשק0530,1241991,אג''ח ממשלתיות,101.05,0.05,22489.57,סוף יום,101.00,101.00,101.09,100.99,0.05,,סוף יום,0.2,0.8,77,22259048,5803606,9900,4960000,,,5743301000,,,,לא צמוד,3.55000,31/05/2030,,,,,,,,,,,,,,,,3.49,,IL0012419912,926,15816555.45000,50764776.64500,לא
ממשל שקלית 0537,ממשק0537,1166180,אג''ח ממשלתיות,79.07,-0.01,211699.85,סוף יום,79.08,79.10,79.11,79.02,-0.01,,סוף יום,0.0,3.3,322,267808704,33130320,13000,6320000,,,41899987000,,,,לא צמוד,1.50000,31/05/2037,,,,,,,,,,,,,,,,3.98,,IL0011661803,926,111629879.30500,52778034.84000,לא
ממשל שקלית 0728,ממשק0728,1226240,אג''ח ממשלתיות,101.82,0.02,15129.57,סוף יום,101.80,101.80,101.82,101.78,0.02,,סוף יום,0.2,3.3,115,14862250,21654109,9800,4920000,,,21267049000,,,,לא צמוד,4.10000,31/07/2028,,,,,,,,,,,,,,,,3.31,,IL0012262403,926,190219609.27500,149316317.99000,לא
ממשל שקלית 0731,ממשק0731,1233782,אג''ח ממשלתיות,101.18,0.03,412225.36,סוף יום,101.15,101.20,101.20,101.13,0.03,,סוף יום,0.2,3.3,109,407453961,17355847,9900,4950000,,,17153436000,,,,לא צמוד,3.75000,31/07/2031,,,,,,,,,,,,,,,,3.56,,IL0012337825,926,137644374.00000,149458698.74500,לא
ממשל שקלית 0829,ממשק0829,1212893,אג''ח ממשלתיות,103.32,0.04,11039.66,סוף יום,103.28,103.20,103.32,103.20,0.04,,סוף יום,0.2,3.3,114,10686359,27801761,9700,4850000,,,26908402000,,,,לא צמוד,4.60000,31/08/2029,,,,,,,,,,,,,,,,3.43,,IL0012128935,926,131691367.09000,115415580.44000,לא
ממשל שקלית 0927,ממשק0927,1203579,אג''ח ממשלתיות,104.12,0.03,21341.21,סוף יום,104.09,104.09,104.12,104.09,0.03,,סוף יום,0.1,3.1,35,20499134,37751915,9600,4810000,,,36258082314,,,,לא צמוד,3.75000,30/09/2027,,,,,,,,,,,,,,,,3.13,,IL0012035791,926,76988068.28000,30710247.10000,לא
ממשל שקלית 0928,ממשק0928,1150879,אג''ח ממשלתיות,99.97,0.04,28520.44,סוף יום,99.93,99.93,99.97,99.91,0.04,,סוף יום,0.2,3.3,187,28540986,34711104,10000,5010000,,,34721520100,,,,לא צמוד,2.25000,28/09/2028,,,,,,,,,,,,,,,,3.33,,IL0011508798,926,154968144.51000,125539564.51500,לא
ממשל שקלית 1026,ממשק1026,1099456,אג''ח ממשלתיות,105.74,0.01,127.02,סוף יום,105.73,105.73,105.75,105.73,0.01,,סוף יום,0.1,2.7,26,120120,14020260,9500,4730000,,,13259182755,,,,לא צמוד,6.25000,30/10/2026,,,,,,,,,,,,,,,,0.00,,IL0010994569,926,5603989.47000,1269032.06000,לא
ממשל שקלית 1035,ממשק1035,1227784,אג''ח ממשלתיות,105.63,0.03,100718.68,סוף יום,105.60,105.60,105.64,105.55,0.03,,סוף יום,0.0,3.3,194,95373866,21408328,9500,4730000,,,20267280000,,,,לא צמוד,4.15000,31/10/2035,,,,,,,,,,,,,,,,3.87,,IL0012277849,926,171095653.77000,153715604.13000,לא
ממשל שקלית 1152,ממשק1152,1184076,אג''ח ממשלתיות,76.61,-0.12,90933.95,סוף יום,76.70,76.80,76.80,76.52,-0.09,,סוף יום,-0.8,2.5,328,118643859,29027937,13000,6470000,,,37890532000,,,,לא צמוד,2.80000,29/11/2052,,,,,,,,,,,,,,,,4.47,,IL0011840761,926,126100807.69500,74703653.25000,לא
מנדלסוןתשת,מנתש,1129444, מניות,1478.00,-3.27,9.93,סוף יום,1528.00,1528.00,1528.00,1453.00,-50.00,,סוף יום,-6.2,-1.3,15,672,585585,32,63000,,,39620107,,,,,,,,,,,,,,,,,,,,,,,,IL0011294449,1247
מנורה הון התח ה,מנמה.ק5,1143411,איגרות חוב,99.34,0.00,728.18,סוף יום,99.34,99.34,99.38,99.25,0.00,,סוף יום,0.2,3.3,86,733531,301874,5000,2020000,,,303880000,,,,לא צמוד,3.43000,30/06/2032,,,,,,,,,,,,,,,,,,IL0011434110,1431,423603.91500,661469.68000,לא
מנורה הון התח ו,מנמה.ק6,1160241,איגרות חוב,100.57,0.05,9.20,סוף יום,100.52,100.52,100.57,100.57,0.05,,סוף יום,0.0,2.9,4,9143,301710,5000,990000,,,300000000,,,,לא צמוד,1.84000,30/09/2030,,,,,,,,,,,,,,,,,,IL0011602419,1431,123038.74500,77728.06500,לא
מנורה הון התח ז,מנמה.ק7,1184191,איגרות חוב,96.26,0.17,45.60,סוף יום,96.10,96.10,96.28,96.10,0.16,,סוף יום,0.2,3.5,61,47369,377861,5200,2080000,,,392542172,,,,לא צמוד,2.98000,01/01/2034,,,,,,,,,,,,,,,,,,IL0011841918,1431,460302.30500,1562339.19000,לא
מנורה הון התח ח,מנמה.ק8,1199470,איגרות חוב,107.48,0.05,173.46,סוף יום,107.43,107.43,107.57,107.43,0.05,,סוף יום,0.0,3.7,63,161390,322440,4700,1860000,,,300000000,,,,לא צמוד,5.28000,01/07/2036,,,,,,,,,,,,,,,,,,IL0011994709,1431,420004.68000,280950.29500,לא
מנורה הון התח ט,מנמה.ק9,1219369,איגרות חוב,106.70,-0.01,1034.25,סוף יום,106.71,106.71,106.71,106.66,-0.01,,סוף יום,-0.1,3.2,89,969231,426800,4700,1870000,,,400000000,,,,לא צמוד,5.02000,30/09/2035,,,,,,,,,,,,,,,,,,IL0012193699,1431,518377.78500,557778.58000,לא
מנורה הון התח י,מנמה.ק10,1229004,איגרות חוב,105.88,-0.11,473.06,סוף יום,106.00,106.00,106.00,105.80,-0.12,,סוף יום,-0.2,3.8,91,446837,847040,9400,1890000,,,800000000,,,,לא צמוד,5.18000,30/11/2074,,,,,,,,,,,,,,,,,,IL0012290040,1431,2001043.71000,1359945.42000,לא
מנורה מב  אגח ג,ממהח.ק3,5660063,איגרות חוב,102.71,0.04,24.80,סוף יום,102.67,102.67,102.72,102.71,0.04,,סוף יום,0.1,2.9,2,24147,55562,4900,970000,,,54095874,,,,לא צמוד,2.94000,30/09/2026,,,,,,,,,,,,,,,,,,IL0056600633,566,14966.99000,20082.69500,לא
מנורה מב החז,ממהח,566018, מניות,54200.00,-0.48,31409.77,סוף יום,54460.00,54460.00,54460.00,53180.00,-260.00,,סוף יום,6.6,40.0,3455,58499,33865876,1,3900,,,62483166,,,,,,,,,,,,,,,,,,,,,,,,IL0005660183,566
מניבים ריט,מנרט,1140573, מניות,202.40,0.20,341.33,סוף יום,202.00,200.10,204.00,200.10,0.40,,סוף יום,6.5,-10.2,125,168222,1719748,260,530000,,,849677841,,,,,,,,,,,,,,,,,,,,,,,,IL0011405730,1679
מניבים ריט אגחב,מנרט.ק2,1155928,איגרות חוב,120.40,0.00,10.75,סוף יום,120.40,120.40,120.40,120.40,0.00,,סוף יום,0.2,3.6,57,8932,378752,4200,1660000,,,314577688,,,,מדד המחירים לצרכן,2.75000,31/12/2027,,,,,,,101.80,15/11/2018,,,,,,,,,,IL0011559288,1679,239732.32000,154896.13000,לא
מניבים ריט אגחג,מנרט.ק3,1177658,איגרות חוב,114.39,0.00,210.96,סוף יום,114.39,114.39,114.39,114.39,0.00,,סוף יום,0.5,3.7,67,184418,677737,4400,1760000,,,592479000,,,,מדד המחירים לצרכן,0.85000,31/12/2029,,,,,,,101.30,15/06/2021,,,,,,,,,,IL0011776585,1679,182178.63000,215537.23500,לא
מניבים ריט אגחד,מנרט.ק4,1193929,איגרות חוב,115.92,0.04,335.06,סוף יום,115.87,115.87,115.95,115.87,0.05,,סוף יום,0.4,3.8,60,289043,876675,4300,1730000,,,756276050,,,,מדד המחירים לצרכן,3.18000,31/12/2031,,,,,,,102.30,15/02/2023,,,,,,,,,,IL0011939290,1679,753477.63000,602952.60000,לא
מניבים ריט אגחה,מנרט.ק5,1238336,איגרות חוב,99.65,0.03,53.84,סוף יום,99.62,99.62,99.80,99.62,0.03,,סוף יום,0.6,5.5,21,54035,479894,5000,1010000,,,481580000,,,,מדד המחירים לצרכן,2.10000,01/01/2034,,,,,,,103.50,15/03/2026,,,,,,,,,,IL0012383365,1679,505375.51000,628060.52500,לא
מניבים ריט אפ 5,מנרט.א5,1238344, כתבי אופציה ,19.00,4.40,1.50,סוף יום,18.20,19.80,19.80,19.20,0.80,,סוף יום,18.0,-5.9,3,7700,18300,260,3110000,,,96316000,,,,,,,,,,,,,,,229.2300000 ,229.2300000,לא צמוד,30/06/2027,1.0000000,מניבים ריט,202.40,,,IL0012383449,1679
מניף,מניף,1170893, מניות,2440.00,-0.65,279.81,סוף יום,2456.00,2430.00,2468.00,2422.00,-16.00,,סוף יום,9.4,5.3,131,11458,1493446,22,45000,,,61206795,,,,,,,,,,,,,,,,,,,,,,,,IL0011708935,1828
מניף אגח א,מניף.ק1,1185883,איגרות חוב,102.92,0.00,0.00,סוף יום,102.92,102.92,0.00,0.00,0.00,,סוף יום,0.1,4.1,0,0,126254,4900,970000,,,122672000,,,,לא צמוד,6.61700,30/09/2026,,,,,,,,,,,,,,,,,,IL0011858839,1828,6320.46000,3337.05500,לא
מניף אגח ב,מניף.ק2,1198860,איגרות חוב,103.90,0.07,98.10,סוף יום,103.83,103.83,103.90,103.83,0.07,,סוף יום,0.3,4.4,57,94416,242316,4800,1930000,,,233220300,,,,לא צמוד,7.22000,31/07/2028,,,,,,,,,,,,,,,,,,IL0011988602,1828,295614.39500,143291.21500,לא
מניף אגח ג,מניף.ק3,1216720,איגרות חוב,104.02,0.04,118.71,סוף יום,103.98,103.98,104.19,103.85,0.04,,סוף יום,0.2,3.7,74,114159,360221,4800,1930000,,,346300000,,,,לא צמוד,6.40000,30/11/2029,,,,,,,,,,,,,,,,,,IL0012167206,1828,325401.98500,239379.45500,לא
מניף אגח ד,מניף.ק4,1234947,איגרות חוב,101.49,0.38,20.01,סוף יום,101.11,101.11,101.49,101.11,0.38,,סוף יום,0.7,2.5,55,19720,192125,5000,1980000,,,189304000,,,,לא צמוד,5.37000,31/03/2032,,,,,,,,,,,,,,,,,,IL0012349473,1828,388199.83000,386110.99000,לא
מנרב,מנרב,1238427, מניות,2506.00,1.42,120.98,סוף יום,2471.00,2455.00,2550.00,2451.00,35.00,,סוף יום,3.0,26.2,16,4849,1947916,21,41000,,,77730082,,,,,,,,,,,,,,,,,,,,,,,,IL0012384272,155
מנרב      אגח ד,מנרב.ק4,1550169,איגרות חוב,113.82,0.19,21.48,סוף יום,113.60,113.60,113.89,113.60,0.22,,סוף יום,0.4,4.5,28,18870,407163,4400,1760000,,,357725314,,,,מדד המחירים לצרכן,1.82000,15/04/2032,,,,,,,102.80,15/02/2022,,,,,,,,,,IL0015501690,155,212091.27500,219757.56500,לא
מנרב      אגח ה,מנרב.ק5,1204692,איגרות חוב,101.21,-0.03,26.44,סוף יום,101.24,101.24,101.21,101.21,-0.03,,סוף יום,0.3,3.9,4,26125,30363,5000,990000,,,29999993,,,,לא צמוד,5.75000,31/12/2026,,,,,,,,,,,,,,,,,,IL0012046921,155,30928.73000,19851.11500,לא
מנרב      אגח ו,מנרב.ק6,1217355,איגרות חוב,103.76,0.00,5.65,סוף יום,103.76,103.76,103.76,103.76,0.00,,סוף יום,0.0,4.7,24,5440,312845,4800,1930000,,,301508000,,,,לא צמוד,5.99000,01/01/2034,,,,,,,,,,,,,,,,,,IL0012173550,155,136838.13000,91280.20000,לא
מנרה יהש-ש,מנרה-ש,1178474,יחידת השתתפות,150.80,0.00,0.00,סוף יום,150.80,150.80,0.00,0.00,0.00,,סוף יום,0.0,-13.4,0,0,6930,330,230000,,,4595300,,14/07/2026,,,,,,,,,,,,,,,,,,,,,,IL0011784746,1914
מספנות ישר אגחא,מספנ.ק1,1244847,איגרות חוב,99.61,0.00,43.91,סוף יום,99.61,99.61,99.61,99.61,0.00,,סוף יום,0.1,-0.4,16,44079,199220,5000,1000000,,,200000000,,,,לא צמוד,4.20000,15/07/2035,,,,,,,,,,,,,,,,,,IL0012448473,1810,372960.38500,193466.97500,לא
מספנות ישראל,מספנ,1168533, מניות,10830.00,1.03,814.08,סוף יום,10720.00,10710.00,10890.00,10640.00,110.00,,סוף יום,9.8,-31.9,421,7525,2707500,5,10000,,,25000000,,,,,,,,,,,,,,,,,,,,,,,,IL0011685331,1810
מעבדות רפא,רפא,1244888, מניות,1669.00,4.31,1779.73,סוף יום,1600.00,1600.00,1674.00,1600.00,69.00,,סוף יום,2.8,12.0,45,108703,1635252,31,62000,,,97977944,,,,,,,,,,,,,,,,,,,,,,,,IL0012448887,2561
מעבדות רפא אר 1,רפא.אר1,1244896, כתבי אופציה ,333.00,5.71,3.00,סוף יום,315.00,315.00,333.00,333.00,18.00,,סוף יום,3.4,117.6,1,900,75825,31,160000,,,22770402,,,,,,,,,,,,,,,1725.0000000 ,1725.0000000,לא צמוד,15/02/2028,1.0000000,מעבדות רפא,1669.00,,,IL0012448960,2561
מצלאוי,מצלא,1106749, מניות,1263.00,-1.56,8.99,סוף יום,1283.00,1283.00,1283.00,1263.00,-20.00,,סוף יום,5.0,-17.2,25,712,284280,42,83000,,,22508312,,,,,,,,,,,,,,,,,,,,,,,,IL0011067498,1484
מצלאוי אגח ח,מצלא.ק8,1215094,איגרות חוב,101.99,0.00,0.00,סוף יום,101.99,101.99,0.00,0.00,0.00,,סוף יום,0.5,4.0,0,0,94341,4900,990000,,,92500000,,,,לא צמוד,6.97600,31/12/2028,,,,,,,,,,,,,,,,,,IL0012150947,1484,20904.91000,20233.29500,לא
מצלאוי-ס   אג ז,מצל.ה7-ס,1181676, איגרות חוב להמרה ,99.10,0.00,0.00,סוף יום,99.10,99.10,0.00,0.00,0.00,,סוף יום,0.1,3.6,0,0,29730,510,510000,,,29999937,,,,לא צמוד,2.75000,29/12/2026,מצלאוי,01106749,IL0011067498,18.6078400,1263.00,21/12/2026,,,,,,,,,,,,IL0011816761,1484
מקורות   אגח 10,מקר.ק10,1158468,איגרות חוב,116.00,0.00,915.55,סוף יום,116.00,116.00,116.18,116.00,0.00,,סוף יום,0.0,3.2,68,789231,496713,4300,1720000,,,428201200,,,,מדד המחירים לצרכן,0.10000,31/12/2027,,,,,,,101.70,15/06/2019,,,,,,,,,,IL0011584682,1150,375564.02500,398609.82000,לא
מקורות   אגח 11,מקר.ק11,1158476,איגרות חוב,109.39,-0.05,2613.79,סוף יום,109.44,109.44,109.60,109.30,-0.05,,סוף יום,0.4,2.0,161,2388520,8945461,4600,1840000,,,8177585835,,,,מדד המחירים לצרכן,2.07000,31/12/2053,,,,,,,101.70,15/06/2019,,,,,,,,,,IL0011584765,1150,6198962.38500,6189728.30000,לא
מקס איט   אגח ה,מקס.ק5,1225143,איגרות חוב,104.17,0.04,1574.64,סוף יום,104.13,104.13,104.20,104.13,0.04,,סוף יום,0.5,4.0,83,1511495,781275,4800,1930000,,,750000000,,,,מדד המחירים לצרכן,2.70000,30/06/2031,,,,,,,102.80,15/06/2025,,,,,,,,,,IL0012251430,1763,1325170.22000,1786985.78000,לא
מקס איט מסחרי 6,מקס.נ6,1238476,איגרות חוב,1017.00,0.03,50.85,סוף יום,1016.70,1016.70,1017.01,1017.00,0.30,,סוף יום,0.1,1.7,2,5000,305100,490,98000,,,30000000,,,,לא צמוד,,30/03/2027,,,,,,,,,,,,,,,,,,IL0012384769,1763,5018.80000,0.00000,כן
מקס סטוק,מקסו,1168558, מניות,3699.00,0.16,8601.75,סוף יום,3693.00,3728.00,3750.00,3652.00,6.00,,סוף יום,-2.5,49.4,1837,232733,5174974,13,26000,,,139901960,,,,,,,,,,,,,,,,,,,,,,,,IL0011685588,1815
מר,מר,338012, מניות,4973.00,0.55,599.99,סוף יום,4946.00,4946.00,5053.00,4953.00,27.00,,סוף יום,-0.9,43.2,86,12038,663187,10,20000,,,13335762,,,,,,,,,,,,,,,,,,,,,,,,IL0003380123,338
מרב פקדון אגח א,מרפק.ק1,1219518,איגרות חוב,106.42,0.11,532.33,סוף יום,106.30,106.30,106.42,106.42,0.12,,סוף יום,0.1,2.8,4,500217,833622,4700,940000,,,783332000,,,,לא צמוד,,31/10/2035,,,,,,,,,,,,,,,,,,IL0012195181,2465,1925.38000,532.76000,לא
מרב פקדון אגח ב,מרפק.ק2,1221902,איגרות חוב,105.80,0.01,0.17,סוף יום,105.79,105.79,105.91,105.91,0.01,,סוף יום,0.0,3.0,2,163,628327,4700,950000,,,593882000,,,,לא צמוד,,31/10/2035,,,,,,,,,,,,,,,,,,IL0012219023,2465,1685.84000,756.51000,לא
מרב פקדון אגח ג,מרפק.ק3,1223940,איגרות חוב,105.17,0.01,0.13,סוף יום,105.16,105.16,105.28,105.28,0.01,,סוף יום,0.0,3.0,2,122,467794,4800,950000,,,444798000,,,,לא צמוד,,31/01/2036,,,,,,,,,,,,,,,,,,IL0012239401,2465,376.44000,116.09000,לא
מרב פקדון אגח ד,מרפק.ק4,1230325,איגרות חוב,103.88,0.12,30.03,סוף יום,103.76,103.76,103.88,103.88,0.12,,סוף יום,0.1,3.0,4,28912,521545,4800,960000,,,502065000,,,,לא צמוד,,01/06/2036,,,,,,,,,,,,,,,,,,IL0012303256,2465,1157.69500,28633.02000,לא
מרב פקדון אגח ה,מרפק.ק5,1231737,איגרות חוב,103.70,0.04,51.99,סוף יום,103.66,103.66,103.70,103.70,0.04,,סוף יום,0.1,3.1,3,50130,488762,4800,970000,,,471323000,,,,לא צמוד,,01/06/2036,,,,,,,,,,,,,,,,,,IL0012317371,2465,9521.87000,290.79000,לא
מרב פקדון אגח ו,מרפק.ק6,1240613,איגרות חוב,104.33,0.43,112.72,סוף יום,103.88,103.88,107.00,103.70,0.45,,סוף יום,1.4,4.3,5,107750,1174895,4900,970000,,,1126133000,,,,לא צמוד,,10/05/2027,,,,,,,0.00,,,,,,,,,,,IL0012406133,2465,10215.00000,40810.94000,לא
מרחביה אחזקות,מראח,257014, מניות,157.30,0.00,0.00,סוף יום,157.30,157.30,0.00,0.00,0.00,,סוף יום,0.0,-27.0,0,0,33034,320,640000,,,21000509,,,,,,,,,,,,,,,,,,,,,,,,IL0002570146,257
מרכנתיל הנ אגחד,מרכהנ.ק4,1171305,איגרות חוב,119.71,0.02,18.26,סוף יום,119.69,119.69,119.80,119.64,0.02,,סוף יום,0.2,3.7,58,15250,223050,4200,1670000,,,186325657,,,,מדד המחירים לצרכן,1.50000,30/01/2030,,,,,,,102.10,15/12/2014,,,,,,,,,,IL0011713059,1266,134056.94000,131095.28000,לא
משק אנרג  אגח ב,משקא.ק2,1217660,איגרות חוב,107.78,0.00,0.04,סוף יום,107.78,107.78,107.78,107.17,0.00,,סוף יום,0.5,5.9,4,39,376056,4700,930000,,,348911000,,,,מדד המחירים לצרכן,4.18000,31/12/2030,,,,,,,108.40,15/01/2025,,,,,,,,,,IL0012176603,1803,102102.52500,75543.29000,לא
משק אנרג  אגח ג,משקא.ק3,1223718,איגרות חוב,108.90,0.03,558.89,סוף יום,108.87,108.87,109.41,108.87,0.03,,סוף יום,0.0,5.2,6,513200,633808,4600,920000,,,582009000,,,,מדד המחירים לצרכן,4.78000,31/12/2032,,,,,,,102.80,15/06/2025,,,,,,,,,,IL0012237181,1803,219964.75500,181334.25500,לא
משק אנרגיה,משקא,1166974, מניות,1099.00,4.67,4659.54,סוף יום,1050.00,1060.00,1109.00,1060.00,49.00,,סוף יום,5.3,32.4,925,428025,8136448,48,96000,,,740350128,,,,,,,,,,,,,,,,,,,,,,,,IL0011669749,1803
נאוויטס   אגח ז,נאפט.ק7,1216043,איגרות חוב,105.15,0.10,261.00,סוף יום,105.04,105.04,105.28,105.01,0.11,,סוף יום,0.2,6.5,94,248184,1051500,4800,1910000,,,1000000000,,,,לא צמוד,6.00000,30/06/2030,,,,,,,,,,,,,,,,,,IL0012160433,1688,1342349.22000,2306395.64500,לא
נאוויטס   אגח ח,נאפט.ק8,1231828,איגרות חוב,98.51,0.26,159.46,סוף יום,98.25,98.25,98.60,98.25,0.26,,סוף יום,1.0,0.0,25,161869,985100,5100,2050000,,,1000000000,,,,דולר,7.95000,31/12/2031,,,,,,,,19/11/2025,,,,,,,,,,IL0012318288,1688,219154.87000,240569.53500,לא
נאוויטס פט אג ד,נאפט.ה4,1181627, איגרות חוב להמרה ,519.80,0.00,0.00,סוף יום,519.80,519.80,0.00,0.00,0.00,,סוף יום,1.2,20.2,0,0,333159,97,97000,,,64093639,,,,דולר,5.00000,31/12/2026,נאוויטס פטר יהש,01141969,IL0011419699,26.1837200,13050.00,21/12/2026,,08/11/2021,,,,,,,,,,IL0011816274,1688
נאוויטס פט אגחו,נאפט.ק6,1204825,איגרות חוב,108.28,0.05,119.85,סוף יום,108.23,108.23,108.31,108.23,0.05,,סוף יום,0.2,5.2,74,110689,508916,4600,1850000,,,469999985,,,,לא צמוד,6.70000,30/09/2029,,,,,,,,,,,,,,,,,,IL0012048257,1688,665030.92000,490903.70000,לא
נאוויטס פטר יהש,נאפט,1141969,יחידת השתתפות,13050.00,-2.32,58065.27,סוף יום,13360.00,13100.00,13190.00,12620.00,-310.00,,סוף יום,-1.3,15.6,5726,449335,16089211,4,15000,,,123288974,,,,,,,,,,,,,,,,,,,,,,,,IL0011419699,1688
נאוי,נאוי,208017, מניות,4673.00,-1.43,351.37,סוף יום,4741.00,4741.00,4775.00,4650.00,-68.00,,סוף יום,5.1,-12.2,101,7481,1520854,11,22000,,,32545551,,,,,,,,,,,,,,,,,,,,,,,,IL0002080179,208
נאוי      אגח ז,נאוי.ק7,1225648,איגרות חוב,99.72,0.22,36.85,סוף יום,99.50,99.50,100.06,99.50,0.22,,סוף יום,0.1,2.5,13,36955,357930,5000,2010000,,,358935000,,,,לא צמוד,5.21540,30/06/2030,,,,,,,,,,,,,,,,,,IL0012256488,208,79762.44000,74372.65000,לא
נאוי      אגח ח,נאוי.ק8,1246354,איגרות חוב,100.35,0.00,0.00,סוף יום,100.35,100.35,0.00,0.00,0.00,,סוף יום,0.2,0.4,0,0,243737,5000,1000000,,,242887000,,,,לא צמוד,5.04000,01/10/2031,,,,,,,,,,,,,,,,,,IL0012463548,208,601386.98000,601386.98000,לא
נאוי   מסחרי 12,נאוי.נ12,1239474,איגרות חוב,1014.70,0.00,0.00,סוף יום,1014.70,1014.70,0.00,0.00,0.00,,סוף יום,0.0,1.5,0,0,114417,490,99000,,,11275900,,,,לא צמוד,,16/04/2027,,,,,,,,,,,,,,,,,,IL0012394743,208,0.00000,0.00000,לא
נאייקס,ניקס,1175116, מניות,15900.00,0.32,11374.26,סוף יום,15850.00,15850.00,15990.00,15530.00,50.00,,סוף יום,1.7,-1.3,1410,71871,5820578,3,6400,,,36607407,NASDAQ-GM,,,,,,,,,,,,,,,,,,,,,,,IL0011751166,1894
נאייקס     אפ 1,ניקס.א1,1218981, כתבי אופציה ,2629.00,-2.70,48.64,סוף יום,2702.00,2702.00,2739.00,2600.00,-73.00,,סוף יום,-12.5,20.2,37,1839,79238,3,17000,,,3014016,,,,,,,,,,,,,,,17780.0000000 ,14792.0549900,דולר,31/03/2027,1.0000000,נאייקס,15900.00,,,IL0012189812,1894
נאייקס    אגח א,ניקס.ק1,1218965,איגרות חוב,105.25,0.18,194.74,סוף יום,105.06,105.06,105.30,105.06,0.19,,סוף יום,0.4,3.8,9,184995,1057417,4800,950000,,,1004672000,,,,לא צמוד,5.90000,30/09/2030,,,,,,,,,,,,,,,,,,IL0012189655,1894,443593.48000,589337.26000,לא
נגב קב    אגח א,נגבק.ק1,1245356,איגרות חוב,100.00,0.26,724.86,סוף יום,99.74,99.74,100.00,99.90,0.26,,סוף יום,0.4,0.0,10,725000,87296,5000,1000000,,,87296000,,,,לא צמוד,7.50000,31/12/2032,,,,,,,,,,,,,,,,,,IL0012453564,211,96780.69000,78601.77500,לא
נובה,נובה,1084557, מניות,109490.00,4.45,52991.39,סוף יום,104830.00,106480.00,109690.00,106300.00,4660.00,,סוף יום,4.6,2.7,4506,48826,33418616,1,1900,,,30522071,NASDAQ GSM,,,,,,,,,,,,,,,,,,,,,,,IL0010845571,2177
נובולוג,נבלג,1140151, מניות,75.50,-0.66,204.39,סוף יום,76.00,76.40,76.40,74.90,-0.50,,סוף יום,-2.5,-39.9,53,270273,385710,650,1290000,,,510874770,,,,,,,,,,,,,,,,,,,,,,,,IL0011401515,1677
נופר אנרג  אג ב,נופר.ה2,1198035, איגרות חוב להמרה ,191.80,0.00,0.00,סוף יום,191.80,191.80,0.00,0.00,0.00,,סוף יום,-0.6,50.4,0,0,16741,260,260000,,,8728245,,,,לא צמוד,5.00000,01/07/2029,נופר אנרג'י,01170877,IL0011708778,115.1000000,18400.00,20/06/2029,,,,,,,,,,,,IL0011980351,1831
נופר אנרג אגח א,נופר.ק1,1179340,איגרות חוב,118.33,0.00,260.49,סוף יום,118.33,118.33,118.33,118.33,0.00,,סוף יום,0.0,6.6,2,220141,302465,4200,850000,,,255611834,,,,מדד המחירים לצרכן,1.48000,31/12/2027,,,,,,,101.80,15/08/2021,,,,,,,,,,IL0011793408,1831,206708.80500,649900.85000,לא
נופר אנרג אגח ג,נופר.ק3,1198043,איגרות חוב,104.70,0.05,1235.75,סוף יום,104.65,104.65,104.86,104.65,0.05,,סוף יום,0.1,3.3,95,1180710,752293,4800,1910000,,,718522850,,,,לא צמוד,6.95000,30/06/2030,,,,,,,,,,,,,,,,,,IL0011980435,1831,891623.73500,854943.65500,לא
נופר אנרג אגח ד,נופר.ק4,1211416,איגרות חוב,105.70,0.17,588.86,סוף יום,105.52,105.52,105.70,105.52,0.18,,סוף יום,0.8,3.0,103,557122,1169014,4800,1910000,,,1105973667,,,,לא צמוד,6.69000,01/01/2034,,,,,,,,,,,,,,,,,,IL0012114166,1831,2390127.48500,2513195.80000,לא
נופר אנרג אגח ה,נופר.ק5,1238500,איגרות חוב,109.83,0.02,1120.27,סוף יום,109.81,109.81,109.83,109.83,0.02,,סוף יום,-0.1,9.8,13,1020000,164745,4600,910000,,,150000000,,,,לא צמוד,5.98000,31/03/2036,,,,,,,,,,,,,,,,,,IL0012385006,1831,674944.81000,686102.69500,לא
נופר אנרג'י,נופר,1170877, מניות,18400.00,7.23,21947.06,סוף יום,17160.00,17160.00,18430.00,17150.00,1240.00,,סוף יום,11.0,64.1,2441,121589,7303669,3,6000,,,39693851,,,,,,,,,,,,,,,,,,,,,,,,IL0011708778,1831
נור,נורי,1175728, מניות,709.10,3.40,5.28,סוף יום,685.80,685.80,715.90,701.10,23.30,,סוף יום,-1.8,-45.8,2,745,62141,69,140000,,,8763420,,,,,,,,,,,,,,,,,,,,,,,,IL0011757288,1893
נור        אפ 1,נור.א1,1206937, כתבי אופציה ,120.00,0.00,0.00,סוף יום,120.00,120.00,0.00,0.00,0.00,,סוף יום,0.0,9.4,0,0,546,69,23000,,,454720,,,,,,,,,,,,,,,1400.0000000 ,1400.0000000,לא צמוד,26/05/2027,1.0000000,נור,709.10,,,IL0012069378,1893
נורסטאר,נסטר,723007, מניות,755.60,-0.92,316.77,סוף יום,762.60,770.10,770.10,752.00,-7.00,,סוף יום,3.7,15.8,150,41672,471135,69,140000,,,62352413,,,,,,,,,,,,,,,,,,,,,,,,PAL0605071A3,723
נורסטאר  אגח יג,נסטר.ק13,1193077,איגרות חוב,111.84,0.00,24.57,סוף יום,111.84,111.84,111.84,111.84,0.00,,סוף יום,1.1,12.9,6,21965,379449,4500,900000,,,339278321,,,,מדד המחירים לצרכן,4.75000,31/03/2028,,,,,,,108.00,15/01/2023,,,,,,,,,,IL0011930778,723,169046.70000,63755.40500,לא
נורסטאר  אגח יד,נסטר.ק14,1223585,איגרות חוב,105.00,0.09,5.15,סוף יום,104.91,104.91,105.00,105.00,0.09,,סוף יום,0.1,17.1,1,4900,182064,4800,950000,,,173394717,,,,מדד המחירים לצרכן,6.20000,31/03/2032,,,,,,,103.10,15/05/2025,,,,,,,,,,IL0012235854,723,75137.00000,58314.72500,לא
נטו אחזקות,נטו,168013, מניות,18050.00,-2.01,985.45,סוף יום,18420.00,18420.00,18450.00,17540.00,-370.00,,סוף יום,-5.5,-22.9,146,5501,671390,3,5200,,,3719614,,,,,,,,,,,,,,,,,,,,,,,,IL0001680136,168
נטו מלינדה,נטמל,1105097, מניות,11600.00,1.40,2227.09,סוף יום,11440.00,11440.00,11700.00,11390.00,160.00,,סוף יום,-0.4,-21.2,1251,19330,2421587,4,8600,,,20875754,,,,,,,,,,,,,,,,,,,,,,,,IL0011050973,1463
ניו-מד אנרג יהש,נומד,475020,יחידת השתתפות,1709.00,-0.58,8033.94,סוף יום,1719.00,1719.00,1722.00,1698.00,-10.00,,סוף יום,3.7,-2.6,988,469194,20060493,30,120000,,,1173814691,,,,,,,,,,,,,,,,,,,,,,,,IL0004750209,475
נייס,נייס,273011, מניות,32450.00,-1.96,11367.02,סוף יום,33100.00,32600.00,32790.00,32320.00,-650.00,,סוף יום,-0.7,-9.1,1394,34989,18964749,2,6100,,,58442987,NASDAQ GSM,,,,,,,,,,,,,,,,,,,,,,,IL0002730112,273
ניסן,ניסן,660019, מניות,900.70,0.00,0.05,סוף יום,900.70,900.70,900.70,900.70,0.00,,סוף יום,2.4,-1.8,3,5,81815,57,110000,,,9083524,,,,,,,,,,,,,,,,,,,,,,,,IL0006600196,660
נכסים בנ אגח יא,נכבנ.ק11,1205566,איגרות חוב,104.40,-0.08,183.28,סוף יום,104.48,104.48,104.50,104.36,-0.08,,סוף יום,0.2,3.6,88,175509,1382071,4800,1920000,,,1323823000,,,,לא צמוד,6.63000,24/12/2027,,,,,,,,,,,,,,,,,,IL0012055666,699,2068245.48500,2010391.49500,לא
נכסים בנ אגח יב,נכבנ.ק12,1237239,איגרות חוב,103.13,0.14,195.59,סוף יום,102.99,102.99,103.24,102.99,0.14,,סוף יום,0.3,4.1,60,189659,309661,4900,1940000,,,300263000,,,,מדד המחירים לצרכן,3.02000,31/12/2032,,,,,,,103.30,15/02/2026,,,,,,,,,,IL0012372392,699,503678.39500,215199.63500,כן
נכסים בנ אגח יג,נכבנ.ק13,1237247,איגרות חוב,100.84,0.04,888.38,סוף יום,100.80,100.80,100.84,100.77,0.04,,סוף יום,0.2,2.4,125,881107,1153799,5000,1990000,,,1144188000,,,,לא צמוד,4.72000,31/12/2032,,,,,,,,,,,,,,,,,,IL0012372475,699,1891972.64500,4961317.14500,כן
נכסים ובנ אגח י,נכבנ.ק10,1193630,איגרות חוב,114.82,0.19,677.36,סוף יום,114.60,114.60,114.88,114.60,0.22,,סוף יום,0.5,3.9,119,590365,2015541,4400,1750000,,,1755391901,,,,מדד המחירים לצרכן,3.62000,01/07/2029,,,,,,,102.30,15/02/2023,,,,,,,,,,IL0011936304,699,1729108.89000,1432901.58000,לא
נכסים ובנין,נכסבנ,699017, מניות,30510.00,3.42,1208.33,סוף יום,29500.00,29500.00,30510.00,29420.00,1010.00,,סוף יום,9.4,-12.8,361,4017,2254087,2,3600,,,7388028,,,,,,,,,,,,,,,,,,,,,,,,IL0006990175,699
נמלי ישר   אגחד,חני.ק4,1175033,איגרות חוב,96.60,-0.23,103.86,סוף יום,96.82,96.82,96.82,96.60,-0.22,,סוף יום,0.2,1.5,58,107510,1054663,5200,2070000,,,1091784062,,,,מדד המחירים לצרכן,0.96000,31/12/2045,,,,,,,100.60,15/04/2021,,,,,,,,,,IL0011750333,1739,486971.71500,511303.53500,לא
נמלי ישראל אגחא,חני.ק1,1145564,איגרות חוב,120.24,-0.01,136.69,סוף יום,120.25,120.25,120.25,120.14,-0.01,,סוף יום,0.1,3.5,21,113701,262629,4200,830000,,,218420448,,,,מדד המחירים לצרכן,0.83000,31/12/2026,,,,,,,100.30,15/04/2018,,,,,,,,,,IL0011455644,1739,309213.04000,296900.58000,לא
נמלי ישראל אגחב,חני.ק2,1145572,איגרות חוב,119.64,0.03,1016.89,סוף יום,119.60,119.60,119.71,119.60,0.04,,סוף יום,0.4,3.4,106,849804,2531133,4200,1680000,,,2115624000,,,,מדד המחירים לצרכן,1.65000,31/12/2031,,,,,,,100.30,15/04/2018,,,,,,,,,,IL0011455727,1739,1661622.60500,1629785.24000,לא
נמקו      אגח ב,נמקו.ק2,1160258,איגרות חוב,100.21,0.10,480.75,סוף יום,100.11,100.11,100.29,100.11,0.10,,סוף יום,0.2,3.8,67,479758,702976,5000,2000000,,,701502568,,,,לא צמוד,4.50000,15/10/2032,,,,,,,,,,,,,,,,,,IL0011602583,1665,983823.47000,890729.86500,לא
נמקו      אגח ד,נמקו.ק4,1206473,איגרות חוב,105.64,0.13,60.21,סוף יום,105.50,105.50,105.73,105.50,0.14,,סוף יום,0.1,3.3,56,56997,581020,4700,1900000,,,550000000,,,,לא צמוד,6.25000,15/04/2029,,,,,,,,,,,,,,,,,,IL0012064734,1665,365445.10500,296770.39500,לא
נמקו      אגח ה,נמקו.ק5,1213214,איגרות חוב,104.81,0.34,149.40,סוף יום,104.45,104.45,105.00,104.45,0.36,,סוף יום,0.2,1.3,61,142558,864574,4800,1910000,,,824896427,,,,לא צמוד,6.50000,15/04/2040,,,,,,,,,,,,,,,,,,IL0012132143,1665,1222494.60500,960450.37500,לא
נמקו      אגח ו,נמקו.ק6,1223171,איגרות חוב,103.02,0.27,49.08,סוף יום,102.74,102.74,103.14,102.74,0.28,,סוף יום,0.4,4.0,54,47641,360570,4900,1950000,,,350000000,,,,לא צמוד,5.80000,30/06/2030,,,,,,,,,,,,,,,,,,IL0012231713,1665,302745.81000,190139.28500,לא
נמקו      אגח ז,נמקו.ק7,1234459,איגרות חוב,100.06,0.14,1706.26,סוף יום,99.92,99.92,100.16,99.92,0.14,,סוף יום,0.1,2.4,80,1705360,550330,5000,2000000,,,550000000,,,,לא צמוד,4.87000,31/12/2030,,,,,,,,,,,,,,,,,,IL0012344599,1665,589560.86000,498016.88500,לא
נפטא,נפטא,643015, מניות,2413.00,-0.54,17.73,סוף יום,2426.00,2426.00,2438.00,2401.00,-13.00,,סוף יום,0.8,-1.9,25,735,2290912,21,42000,,,94940410,,,,,,,,,,,,,,,,,,,,,,,,IL0006430156,643
נץ יואסאי אגח א,נארב.ק1,1222116,איגרות חוב,99.43,0.17,118.28,סוף יום,99.26,99.26,99.90,99.26,0.17,,סוף יום,-0.2,-1.5,66,118922,357948,5000,2010000,,,360000000,,,,לא צמוד,6.97000,01/06/2031,,,,,,,,,,,,,,,,,,IL0012221169,2475,370878.78000,257347.92500,לא
נקסט ג'ן-ש,נקגן-ש,1083930, מניות,45.00,0.00,0.00,סוף יום,45.00,,0.00,0.00,0.00,,סוף יום,0.0,-7.6,0,0,10114,1100,1120000,,,22476072,,19/01/2026,19/01/2026,,,,,,,,,,,,,,,,,,,,,IL0010839301,1092
נקסט ויז'ן,נקסנ,1176593, מניות,21410.00,0.47,21727.93,סוף יום,21310.00,21310.00,21630.00,21220.00,100.00,,סוף יום,2.2,2.5,2494,101461,19813853,2,9500,,,92544854,,,,,,,,,,,,,,,,,,,,,,,,IL0011765935,1916
נקסטייג',נקטג,433011, מניות,38.60,-1.03,1.37,סוף יום,39.00,42.00,42.00,37.70,-0.40,,סוף יום,3.5,-50.4,4,3558,36618,1300,2680000,,,94864662,,,,,,,,,,,,,,,,,,,,,,,,IL0004330119,433
נקסטפרם-ש,נקפר.ש,1171933, מניות,8268.00,0.00,0.00,סוף יום,8268.00,8268.00,0.00,0.00,0.00,,סוף יום,0.0,307.1,0,0,27936,6,12000,,,337879,,03/09/2025,,,,,,,,,,,,,,,,,,,,,,IL0011719338,1841
נקסטקום,נקסט,1095785, מניות,1399.00,0.58,29.86,סוף יום,1391.00,1391.00,1472.00,1344.00,8.00,,סוף יום,2.1,98.6,20,2135,210410,36,73000,,,15040003,,,,,,,,,,,,,,,,,,,,,,,,IL0010957855,1298
נקסטקום   אגח ג,נקסט.ק3,1183714,איגרות חוב,99.00,-0.18,16.93,סוף יום,99.18,99.18,99.00,99.00,-0.18,,סוף יום,0.8,4.2,3,17100,49203,5100,1020000,,,49700000,,,,לא צמוד,3.50000,30/06/2028,,,,,,,,,,,,,,,,,,IL0011837148,1298,20667.42500,51264.81500,לא
נתיבי גז  אגח ד,נתגז.ק4,1147503,איגרות חוב,123.45,0.16,428.27,סוף יום,123.25,123.25,123.48,123.25,0.20,,סוף יום,0.4,3.1,105,346913,1687427,4100,1630000,,,1366891282,,,,מדד המחירים לצרכן,2.65000,30/06/2033,,,,,,,101.50,15/03/2014,,,,,,,,,,IL0011475030,1418,885469.55500,739789.20000,לא
נתנאל גרופ,נתגר,421016, מניות,944.90,-2.48,49.85,סוף יום,968.90,968.90,969.80,935.30,-24.00,,סוף יום,-1.0,-18.9,48,5275,295286,52,100000,,,31250455,,,,,,,,,,,,,,,,,,,,,,,,IL0004210162,421
נתנאל גרופ אגטו,נתגר.ק15,1217363,איגרות חוב,94.24,0.00,0.03,סוף יום,94.24,94.24,94.24,94.24,0.00,,סוף יום,0.8,1.4,3,28,183768,5300,1070000,,,195000000,,,,לא צמוד,6.50000,31/12/2030,,,,,,,,,,,,,,,,,,IL0012173634,421,106811.10000,138415.06500,לא
נתנאל גרופ אגיג,נתגר.ק13,1188663,איגרות חוב,97.20,0.00,14.58,סוף יום,97.20,97.20,97.20,97.20,0.00,,סוף יום,0.6,3.7,1,15000,139987,5200,1040000,,,144019896,,,,לא צמוד,4.50000,30/11/2028,,,,,,,,,,,,,,,,,,IL0011886632,421,27442.90500,67776.77500,לא
נתנאל גרופ אגיד,נתגר.ק14,1208008,איגרות חוב,97.13,0.00,0.00,סוף יום,97.13,97.13,0.00,0.00,0.00,,סוף יום,0.5,0.4,0,0,179691,5200,1030000,,,185000000,,,,לא צמוד,6.50000,01/07/2029,,,,,,,,,,,,,,,,,,IL0012080086,421,15503.39000,35123.08000,לא
נתנאל מניב אגחא,נתנב.ק1,1224781,איגרות חוב,102.47,0.03,0.20,סוף יום,102.44,102.44,102.81,102.44,0.03,,סוף יום,-0.2,3.0,4,192,218655,4900,970000,,,213384480,,,,מדד המחירים לצרכן,3.39000,30/06/2031,,,,,,,102.80,15/06/2025,,,,,,,,,,IL0012247818,2412,37077.20000,31782.68500,לא
נתנאל מניבים,נתנב,1194513, מניות,209.70,0.48,19.07,סוף יום,208.70,208.70,209.70,209.30,1.00,,סוף יום,2.6,-14.2,12,9093,92447,240,490000,,,44085574,,,,,,,,,,,,,,,,,,,,,,,,IL0011945131,2412
סאטל      אגח א,סאטל.ק1,1233352,איגרות חוב,84.76,-0.60,79.84,סוף יום,85.27,85.27,85.50,84.00,-0.51,,סוף יום,0.4,-8.8,7,94000,97283,5900,1180000,,,114775000,,,,מדד המחירים לצרכן,4.50000,31/12/2029,,,,,,,104.10,15/11/2025,,,,,,,,,,IL0012333527,2498,84984.45000,36733.08000,לא
סאמיט,סמט,1081686, מניות,4887.00,-2.26,3242.34,סוף יום,5000.00,4933.00,5044.00,4855.00,-113.00,,סוף יום,1.3,-21.1,881,66243,3615241,10,21000,,,73976689,,,,,,,,,,,,,,,,,,,,,,,,IL0010816861,1060
סאמיט     אגח ח,סמט.ק8,1138940,איגרות חוב,100.15,0.00,0.00,סוף יום,100.15,100.15,0.00,0.00,0.00,,סוף יום,0.0,3.1,0,0,68642,5000,1000000,,,68538902,,,,לא צמוד,2.75000,31/12/2026,,,,,,,,,,,,,,,,,,IL0011389405,1060,35077.52000,31603.04000,לא
סאמיט     אגח י,סמט.ק10,1143395,איגרות חוב,99.20,-0.02,2259.12,סוף יום,99.22,99.22,99.31,99.20,-0.02,,סוף יום,0.2,3.9,108,2276779,236096,5000,2020000,,,238000000,,,,לא צמוד,3.69000,31/01/2030,,,,,,,,,,,,,,,,,,IL0011433955,1060,273570.87500,223400.69000,לא
סאמיט    אגח יב,סמט.ק12,1183920,איגרות חוב,94.73,0.06,1110.95,סוף יום,94.67,94.67,94.80,94.67,0.06,,סוף יום,0.3,3.8,123,1172674,757957,5300,2120000,,,800123278,,,,לא צמוד,2.80000,01/10/2031,,,,,,,,,,,,,,,,,,IL0011839201,1060,1136959.28000,1654125.49500,לא
סאמיט    אגח יג,סמט.ק13,1208495,איגרות חוב,84.00,0.00,0.00,סוף יום,84.00,84.00,0.00,0.00,0.00,,סוף יום,0.4,-3.9,0,0,114219,6000,1190000,,,135975450,,,,דולר,6.09420,01/12/2030,,,,,,,,02/07/2024,,,,,,,,,,IL0012084955,1060,367.39000,0.00000,לא
סאמיט    אגח יד,סמט.ק14,1228972,איגרות חוב,104.15,0.13,1166.83,סוף יום,104.01,104.01,104.15,103.97,0.14,,סוף יום,0.3,3.3,74,1120470,380258,4800,1930000,,,365106000,,,,לא צמוד,5.13000,31/01/2036,,,,,,,,,,,,,,,,,,IL0012289729,1060,934208.26500,541699.99000,לא
סאמיט   מסחרי 4,סמיט.נ4,1243948,איגרות חוב,1004.00,0.00,0.00,סוף יום,1004.00,1004.00,0.00,0.00,0.00,,סוף יום,0.0,0.4,0,0,301200,500,100000,,,30000000,,,,לא צמוד,,28/06/2027,,,,,,,,,,,,,,,,,,IL0012439480,1060,0.00000,0.00000,לא
סאני תקשורת,סנתק,1082353, מניות,131.00,0.00,197.11,סוף יום,131.00,131.00,133.00,131.00,0.00,,סוף יום,-3.0,-11.8,13,150428,287524,370,740000,,,219484262,OTC,,,,,,,,,,,,,,,,,,,,,,,IL0010823537,2009
סאנפלאואר,סנפל,1098755, מניות,1061.00,-1.49,181.28,סוף יום,1077.00,1077.00,1077.00,1055.00,-16.00,,סוף יום,0.6,18.7,40,16949,426471,47,95000,,,40195153,,,,,,,,,,,,,,,,,,,,,,,,IL0010987555,1062
סאנפלאואר אגח ה,סנפל.ק5,1245042,איגרות חוב,101.11,0.22,49.50,סוף יום,100.89,100.89,101.27,100.76,0.22,,סוף יום,0.7,1.1,5,49000,202220,5000,1000000,,,200000000,,,,לא צמוד,5.49000,30/09/2031,,,,,,,,,,,,,,,,,,IL0012450420,1062,129530.48000,89088.10000,לא
סבוריט-ש,סברט-ש,1169978, מניות,274.00,0.00,0.00,סוף יום,274.00,274.00,0.00,0.00,0.00,,סוף יום,0.0,39.3,0,0,6548,180,120000,,,2389769,,17/07/2025,,,,,,,,,,,,,,,,,,,,,,IL0011699787,1821
סוגת,סוגת,1233014, מניות,1801.00,-0.33,12.10,סוף יום,1807.00,1807.00,1807.00,1798.00,-6.00,,סוף יום,-2.3,-8.0,17,672,1059830,27,54000,,,58846778,,,,,,,,,,,,,,,,,,,,,,,,IL0012330143,308
סולאיר,סלאר,1172287, מניות,10410.00,-0.19,1935.09,סוף יום,10430.00,10460.00,10860.00,10120.00,-20.00,,סוף יום,9.7,78.2,414,18708,2457263,5,11000,,,23604836,,,,,,,,,,,,,,,,,,,,,,,,IL0011722878,1848
סולאיר    אגח א,סלאר.ק1,1183730,איגרות חוב,115.60,0.00,0.00,סוף יום,115.60,115.60,0.00,0.00,0.00,,סוף יום,0.0,2.2,0,0,62701,4300,870000,,,54240000,,,,מדד המחירים לצרכן,2.30000,31/12/2027,,,,,,,102.60,15/01/2022,,,,,,,,,,IL0011837304,1848,0.00000,1.15500,לא
סולאיר    אגח ב,סלאר.ק2,1214832,איגרות חוב,107.42,-0.12,22.42,סוף יום,107.55,107.55,107.62,107.30,-0.13,,סוף יום,-1.2,3.9,6,20868,751940,4600,920000,,,700000000,,,,מדד המחירים לצרכן,4.90000,30/06/2030,,,,,,,0.00,15/12/2024,,,,,,,,,,IL0012148321,1848,59294.99500,88623.74500,לא
סולה אנרג  אפ 1,סולה.א1,1244649, כתבי אופציה ,190.30,0.00,0.00,סוף יום,190.30,190.30,0.00,0.00,0.00,,סוף יום,0.0,4.0,0,0,12628,76,260000,,,6636080,,,,,,,,,,,,,,,985.0000000 ,985.0000000,לא צמוד,10/07/2029,1.0000000,סולה אנרגיות,636.20,,,IL0012446493,2550
סולה אנרגיות,סולה,1244631, מניות,636.20,-0.76,1.27,סוף יום,641.10,641.10,635.00,633.10,-4.90,,סוף יום,-3.5,-0.3,2,200,236053,76,150000,,,37103580,,,,,,,,,,,,,,,,,,,,,,,,IL0012446311,2550
סולטרה אנרגיה-ש,סולט-ש,169011, מניות,171.00,-8.75,14.79,סוף יום,187.40,175.00,175.00,170.00,-16.40,,סוף יום,-23.3,-40.3,9,8651,14103,220,410000,,,8247326,,31/07/2026,,,,,,,,,,,,,,,,,,,,,,IL0001690119,169
סולרום החז,סלרם,1177518, מניות,677.30,5.65,681.93,סוף יום,641.10,660.00,684.00,642.00,36.20,,סוף יום,23.1,-49.7,185,101586,272824,91,180000,,,40281185,,,,,,,,,,,,,,,,,,,,,,,,IL0011775181,1924
סונוביה,סונו,1170539, מניות,45.10,-0.66,1.12,סוף יום,45.40,45.40,45.50,44.80,-0.30,,סוף יום,-8.7,-11.0,3,2500,7426,1000,820000,,,16466415,,,,,,,,,,,,,,,,,,,,,,,,IL0011705394,2304
סונול נד  אגח א,סונד.ק1,1226273,איגרות חוב,105.09,0.04,199.47,סוף יום,105.05,105.05,105.11,105.05,0.04,,סוף יום,0.3,3.8,62,189787,189162,4800,1910000,,,180000000,,,,מדד המחירים לצרכן,3.17000,30/06/2034,,,,,,,103.10,15/07/2025,,,,,,,,,,IL0012262734,2393,222157.23500,248637.79000,לא
סונול נדלן,סונד,1226877, מניות,4102.00,-0.39,20.35,סוף יום,4118.00,4104.00,4186.00,4080.00,-16.00,,סוף יום,0.9,-4.1,10,496,596148,12,25000,,,14533114,,,,,,,,,,,,,,,,,,,,,,,,IL0012268772,2393
סופווייב,סופב,1175439, מניות,3400.00,0.15,1341.01,סוף יום,3395.00,3376.00,3510.00,3376.00,5.00,,סוף יום,-10.3,23.6,302,39173,1236737,13,26000,,,36374623,,,,,,,,,,,,,,,,,,,,,,,,IL0011754392,1886
סופרגז פא אגח א,ספגז.ק.1,1167360,איגרות חוב,95.31,0.03,6.44,סוף יום,95.28,95.28,95.31,95.28,0.03,,סוף יום,0.1,4.1,57,6752,137401,5300,2100000,,,144162500,,,,לא צמוד,1.92273,30/05/2031,,,,,,,,,,,,,,,,,,IL0011673600,1804,148954.62000,73694.49500,לא
סופרגז פא אגח ב,ספגז.ק2,1181924,איגרות חוב,92.23,0.00,8.34,סוף יום,92.23,92.23,92.23,92.23,0.00,,סוף יום,0.2,4.3,60,9046,200139,5400,2170000,,,217000000,,,,לא צמוד,1.99000,30/06/2033,,,,,,,,,,,,,,,,,,IL0011819245,1804,310124.04500,198307.66000,לא
סופרגז פאוור,ספגז,1166917, מניות,2682.00,1.06,31.40,סוף יום,2654.00,2654.00,2695.00,2654.00,28.00,,סוף יום,4.7,11.8,13,1171,479860,20,39000,,,17891880,,,,,,,,,,,,,,,,,,,,,,,,IL0011669178,1804
סופרין,ספרן,1181569, מניות,624.50,0.05,0.98,סוף יום,624.20,624.20,630.00,624.20,0.30,,סוף יום,6.8,-16.1,18,157,97673,86,170000,,,15640264,,,,,,,,,,,,,,,,,,,,,,,,IL0011815698,1974
סופרין     אג א,ספרן.ה1,1197748, איגרות חוב להמרה ,100.30,0.00,0.00,סוף יום,100.30,100.30,0.00,0.00,0.00,,סוף יום,0.0,1.6,0,0,40576,500,500000,,,40455000,,,,לא צמוד,5.50000,01/07/2029,סופרין,01181569,IL0011815698,9.7525300,624.50,20/06/2029,,,,,,,,,,,,IL0011977480,1974
סופרין     אפ 1,ספרן.א1,1236918, כתבי אופציה ,22.30,1.36,0.12,סוף יום,22.00,22.00,27.90,27.90,0.30,,סוף יום,1.4,-81.9,1,440,388,86,87000,,,1739320,,,,,,,,,,,,,,,1000.0000000 ,1000.0000000,לא צמוד,23/08/2028,1.0000000,סופרין,624.50,,,IL0012369182,1974
סופרין    אגח ב,ספרן.ק2,1210236,איגרות חוב,101.23,1.03,73.72,סוף יום,100.20,100.20,102.00,100.20,1.03,,סוף יום,2.0,4.6,9,72873,172091,5000,1010000,,,170000000,,,,לא צמוד,8.35000,31/12/2030,,,,,,,,,,,,,,,,,,IL0012102369,1974,78899.16000,46902.07000,לא
סופרין    אגח ג,ספרן.ק3,1236900,איגרות חוב,95.10,0.11,180.93,סוף יום,95.00,95.00,95.55,95.00,0.10,,סוף יום,3.7,1.8,5,190247,82705,5500,1090000,,,86966000,,,,לא צמוד,6.50000,31/03/2033,,,,,,,,,,,,,,,,,,IL0012369000,1974,21455.19000,56739.50000,לא
סטארק פאו אפ3,סטר.א3,1242502, כתבי אופציה ,407.00,0.00,0.00,סוף יום,407.00,407.00,0.00,0.00,0.00,,סוף יום,0.0,-45.7,0,0,39346,45,120000,,,9667337,,,,,,,,,,,,,,,750.0000000 ,750.0000000,לא צמוד,01/10/2026,1.0000000,סטארק פאוור,1144.00,,,IL0012425026,1823
סטארק פאו אפ4,סטר.א4,1242510, כתבי אופציה ,608.80,0.00,0.00,סוף יום,608.80,608.80,0.00,0.00,0.00,,סוף יום,0.0,26.8,0,0,130755,45,82000,,,21477500,,,,,,,,,,,,,,,1000.0000000 ,1000.0000000,לא צמוד,02/10/2029,1.0000000,סטארק פאוור,1144.00,,,IL0012425109,1823
סטארק פאוור,סטרק,1169895, מניות,1144.00,3.81,693.35,סוף יום,1102.00,1102.00,1152.00,1112.00,42.00,,סוף יום,2.4,472.9,114,60794,569365,45,90000,,,49769688,,,,,,,,,,,,,,,,,,,,,,,,IL0011698953,1823
סטורג'    אפ 10,סטרג.א10,1236827, כתבי אופציה ,28.20,0.00,0.01,סוף יום,28.20,31.00,31.00,31.00,0.00,,סוף יום,39.6,-36.9,1,20,642,1100,110000,,,2277000,,,,,,,,,,,,,,,30.0000000 ,30.0000000,לא צמוד,01/03/2027,1.0000000,סטורג' דרופ,51.20,,,IL0012368275,1562
סטורג' דרופ,סטרג,1122654, מניות,51.20,0.00,0.00,סוף יום,51.20,51.20,0.00,0.00,0.00,,סוף יום,13.5,-6.2,0,0,4661,1100,450000,,,9102562,,,,,,,,,,,,,,,,,,,,,,,,IL0011226540,1562
סטרברי אנ אגח א,סטרו.ק1,1209899,איגרות חוב,102.80,0.00,0.00,סוף יום,102.80,102.80,0.00,0.00,0.00,,סוף יום,0.4,4.1,0,0,310678,4900,980000,,,302216081,,,,לא צמוד,6.97000,30/09/2026,,,,,,,,,,,,,,,,,,IL0012098997,2438,118732.84500,171476.32500,לא
סטרברי אנ אגח ב,סטרו.ק2,1223734,איגרות חוב,99.42,0.05,1449.43,סוף יום,99.37,99.37,99.98,99.27,0.05,,סוף יום,1.5,1.0,31,1457271,326416,5100,1020000,,,328320000,,,,לא צמוד,6.70000,01/07/2029,,,,,,,,,,,,,,,,,,IL0012237348,2438,398102.56000,290352.26500,לא
סטרברי אנ אגח ג,סטרו.ק3,1241355,איגרות חוב,98.99,0.41,376.48,סוף יום,98.59,98.59,99.00,98.99,0.40,,סוף יום,1.2,6.8,9,380319,161102,5100,1020000,,,162746000,,,,לא צמוד,6.85000,31/12/2030,,,,,,,,,,,,,,,,,,IL0012413550,2438,139681.55000,63067.01500,לא
סטרוברי   אגח ד,סטרב.ק4,1197029,איגרות חוב,103.96,0.09,62.60,סוף יום,103.87,103.87,103.96,103.80,0.09,,סוף יום,0.4,4.3,3,60245,182766,4800,970000,,,175804497,,,,לא צמוד,9.10000,30/09/2026,,,,,,,,,,,,,,,,,,IL0011970295,1654,63061.02000,48931.71500,לא
סטרוברי אינק,סטרו,1205913, מניות,4001.00,0.00,0.00,סוף יום,4001.00,4001.00,0.00,0.00,0.00,,סוף יום,0.0,-1.9,0,0,538610,12,25000,,,13461879,NYSE,,,,,,,,,,,,,,,,,,,,,,,US8631821019,2438
סטרוברי אנ אפ 1,סטרו.א1,1241363, כתבי אופציה ,243.00,0.00,0.00,סוף יום,243.00,243.00,0.00,0.00,0.00,,סוף יום,-12.0,-47.5,0,0,6278,12,130000,,,2583642,,,,,,,,,,,,,,,3939.8200000 ,4075.4419900,דולר,30/06/2027,1.0000000,סטרוברי אינק,4001.00,,,IL0012413634,2438
סי לאונרדו אגחא,לאוס.ק1,1245091,איגרות חוב,98.85,-0.55,79.74,סוף יום,99.40,99.40,98.86,98.85,-0.55,,סוף יום,-0.6,-1.2,4,80666,42906,5000,1010000,,,43405000,,,,לא צמוד,7.90000,31/12/2030,,,,,,,,,,,,,,,,,,IL0012450917,2570,28927.03000,21917.19000,לא
סיאון,סאון,1194000, מניות,1677.00,0.00,0.00,סוף יום,1677.00,1677.00,0.00,0.00,0.00,,סוף יום,0.0,-36.6,0,0,843561,30,60000,,,50301813,NYSE,,,,,,,,,,,,,,,,,,,,,,,US17259U2042,2409
סיאי,סיאי,442012, מניות,1768.00,-0.95,20.78,סוף יום,1785.00,1700.00,1795.00,1700.00,-17.00,,סוף יום,0.7,-62.4,21,1175,191682,28,57000,,,10841741,,,,,,,,,,,,,,,,,,,,,,,,IL0004420126,442
סייברוואן-ס,סיבר-ס,1166693, מניות,1.00,0.00,0.18,סוף יום,1.00,1.00,1.00,1.00,0.00,,סוף יום,0.0,0.0,1,18000,1079928,50000,99999999,,,99999999999,NASDAQ-GM,,,,,,,,,,,,,,,,,,,,,,,IL0011666935,1800
סילברסטין אגח ב,סילב.ק2,1160597,איגרות חוב,99.55,0.07,2093.80,סוף יום,99.48,99.48,99.60,99.45,0.07,,סוף יום,0.1,3.7,90,2104688,627812,5000,2010000,,,630650050,,,,לא צמוד,3.49000,31/12/2027,,,,,,,,,,,,,,,,,,IL0011605974,1737,404413.61000,297281.29000,לא
סילברסטין אגח ג,סילב.ק3,1211648,איגרות חוב,104.07,0.23,386.83,סוף יום,103.83,103.83,104.09,103.83,0.24,,סוף יום,-0.1,3.0,60,371767,587996,4800,1920000,,,565000000,,,,לא צמוד,6.74000,31/12/2030,,,,,,,,,,,,,,,,,,IL0012116484,1737,633096.92500,810286.07000,לא
סימד הולד אגח א,סימד.ק1,1232875,איגרות חוב,29.00,0.00,0.00,סוף יום,29.00,,0.00,0.00,0.00,,סוף יום,0.0,-69.9,0,0,179800,17000,3450000,,,620000000,,,01/06/2026,לא צמוד,7.00000,01/12/2030,,,,,,,,,,,,,,,,,,IL0012328758,2515,664524.96000,0.00000,לא
סינאל,סנאל,1084953, מניות,1625.00,0.68,3.19,סוף יום,1614.00,1614.00,1679.00,1615.00,11.00,,סוף יום,0.7,-9.3,7,196,91966,31,62000,,,5659456,,,,,,,,,,,,,,,,,,,,,,,,IL0010849532,1115
סלע נדלן,סלענד,1109644, מניות,926.00,0.00,4368.30,סוף יום,926.00,920.30,938.50,920.30,0.00,,סוף יום,5.2,-17.8,734,469165,2374738,57,110000,,,256451202,,,,,,,,,,,,,,,,,,,,,,,,IL0011096448,1514
סלע נדלן  אגח ג,סלענד.ק3,1138973,איגרות חוב,120.97,-0.02,44.79,סוף יום,121.00,121.00,120.97,120.97,-0.03,,סוף יום,0.3,3.9,58,37022,1038914,4100,1660000,,,858819414,,,,מדד המחירים לצרכן,1.96000,13/04/2029,,,,,,,99.50,15/08/2016,,,,,,,,,,IL0011389736,1514,646982.79500,551016.62500,לא
סלע נדלן  אגח ד,סלענד.ק4,1167147,איגרות חוב,115.92,0.06,359.23,סוף יום,115.85,115.85,115.98,115.85,0.07,,סוף יום,0.4,4.0,74,309830,1278333,4300,1730000,,,1102771354,,,,מדד המחירים לצרכן,1.58000,27/03/2033,,,,,,,100.10,15/06/2020,,,,,,,,,,IL0011671471,1514,1188732.41500,1281978.21000,לא
סלע נדלן  אגח ה,סלענד.ק5,1205087,איגרות חוב,111.12,0.03,516.30,סוף יום,111.09,111.09,111.19,111.07,0.03,,סוף יום,0.4,4.0,83,464528,1186220,4500,1810000,,,1067512955,,,,מדד המחירים לצרכן,3.00000,10/04/2037,,,,,,,105.40,15/03/2024,,,,,,,,,,IL0012050873,1514,1763029.82500,998376.19500,לא
סלקום,סלקם,1101534, מניות,3688.00,-0.32,5837.05,סוף יום,3700.00,3700.00,3724.00,3665.00,-12.00,,סוף יום,4.0,1.9,1829,158173,6221171,14,28000,,,168686849,OTC,,,,,,,,,,,,,,,,,,,,,,,IL0011015349,2066
סלקום    אגח יב,סלקם.ק12,1143080,איגרות חוב,100.59,0.07,796.59,סוף יום,100.52,100.52,100.62,100.44,0.07,,סוף יום,0.3,3.4,67,791750,535130,5000,1990000,,,531991444,,,,לא צמוד,2.50000,05/01/2028,,,,,,,,,,,,,,,,,,IL0011430803,2066,701808.74500,480250.05500,לא
סלקום אגח יג,סלקם.ק13,1189190,איגרות חוב,102.42,0.00,546.85,סוף יום,102.42,102.42,102.44,102.42,0.00,,סוף יום,0.2,3.8,66,533924,430858,4900,1960000,,,420677750,,,,לא צמוד,4.73000,06/01/2030,,,,,,,,,,,,,,,,,,IL0011891905,2066,428231.00000,316880.18000,לא
סמארט אגרו יהש,סמאג,1169481,יחידת השתתפות,57.30,0.00,0.01,סוף יום,57.30,57.50,57.50,57.50,0.00,,סוף יום,7.1,-66.3,1,25,6898,930,600000,,,12039137,,,,,,,,,,,,,,,,,,,,,,,,IL0011694812,1817
סמארט שוטר,סמאש,1237742, מניות,1786.00,0.06,3029.79,סוף יום,1785.00,1750.00,1797.00,1733.00,1.00,,סוף יום,0.0,9.0,258,172571,928648,28,56000,,,51995954,,,,,,,,,,,,,,,,,,,,,,,,IL0012377425,2536
סנו,סנו,813014, מניות,37000.00,-0.99,35.15,סוף יום,37370.00,37370.00,37420.00,36120.00,-370.00,,סוף יום,2.7,-16.4,10,95,4546560,1,2800,,,12288000,,,,,,,,,,,,,,,,,,,,,,,,IL0008130143,813
ספאנטק,ספנטק,1090117, מניות,242.70,1.29,4.33,סוף יום,239.60,244.80,244.80,239.60,3.10,,סוף יום,1.8,-30.5,8,1784,161186,210,420000,,,66413708,,,,,,,,,,,,,,,,,,,,,,,,IL0010901176,1182
ספידווליו,ספדו,1178284, מניות,192.60,0.16,10.57,סוף יום,192.30,192.30,192.70,192.30,0.30,,סוף יום,-16.8,-34.5,5,5485,29509,220,430000,,,15321400,,,,,,,,,,,,,,,,,,,,,,,,IL0011782849,1878
ספיר פקדון אגחא,ספרפ.ק1,1211010,איגרות חוב,110.10,0.02,0.44,סוף יום,110.08,110.08,110.18,110.18,0.02,,סוף יום,0.1,2.9,2,399,1585440,4500,910000,,,1440000000,,,,לא צמוד,,08/09/2032,,,,,,,,,,,,,,,,,,IL0012110107,2433,72073.95000,412415.11500,לא
ספיר פקדון אגחב,ספרפ.ק2,1219039,איגרות חוב,107.58,0.00,5.84,סוף יום,107.58,107.58,107.68,107.58,0.00,,סוף יום,0.1,2.9,3,5429,626071,4700,930000,,,581959000,,,,לא צמוד,,12/03/2035,,,,,,,,,,,,,,,,,,IL0012190398,2433,5665.38000,245.49500,לא
ספיר פקדון אגחג,ספרפ.ק3,1222397,איגרות חוב,106.74,0.01,0.18,סוף יום,106.73,106.73,106.83,106.83,0.01,,סוף יום,0.1,3.0,2,166,640440,4700,940000,,,600000000,,,,לא צמוד,,29/05/2035,,,,,,,,,,,,,,,,,,IL0012223975,2433,5921.93500,5483.97000,לא
ספיר פקדון אגחד,ספרפ.ק4,1226133,איגרות חוב,105.90,0.00,0.23,סוף יום,105.90,105.90,105.90,105.90,0.00,,סוף יום,0.0,3.8,2,220,843401,4700,940000,,,796413000,,,,לא צמוד,,30/07/2035,,,,,,,,,,,,,,,,,,IL0012261330,2433,104651.45000,3484.88500,לא
ספיר פקדון אגחה,ספרפ.ק5,1231505,איגרות חוב,103.84,0.00,0.36,סוף יום,103.84,103.84,103.84,103.84,0.00,,סוף יום,0.0,3.0,2,349,1307727,4800,960000,,,1259367000,,,,לא צמוד,,11/11/2035,,,,,,,,,,,,,,,,,,IL0012315052,2433,98016.01000,25341.11500,לא
ספיר פקדון אגחו,ספרפ.ק6,1236884,איגרות חוב,102.55,0.01,0.20,סוף יום,102.54,102.54,102.63,102.63,0.01,,סוף יום,0.0,2.6,2,195,725389,4900,980000,,,707352000,,,,לא צמוד,,24/02/2036,,,,,,,,,,,,,,,,,,IL0012368846,2433,38412.58000,3392.79500,לא
ספיר פקדון אגחז,ספרפ.ק7,1239946,איגרות חוב,101.30,0.05,26.59,סוף יום,101.25,101.25,101.34,101.25,0.05,,סוף יום,0.0,1.3,4,26247,1208610,4900,990000,,,1193100000,,,,לא צמוד,,30/04/2036,,,,,,,,,,,,,,,,,,IL0012399460,2433,121846.04000,94895.38000,לא
ספיר פקדון אגחח,ספרפ.ק8,1245067,איגרות חוב,100.68,0.05,50.34,סוף יום,100.63,100.63,100.72,100.63,0.05,,סוף יום,0.1,0.7,3,50000,826996,5000,990000,,,821410000,,,,לא צמוד,,20/07/2036,,,,,,,,,,,,,,,,,,IL0012450677,2433,41724.56000,15851.29500,לא
ספיר פקדון אגחט,ספרפ.ק9,1246537,איגרות חוב,100.14,0.01,0.33,סוף יום,100.13,100.13,100.22,100.22,0.01,,סוף יום,0.1,0.1,1,333,660307,5000,1000000,,,659384000,,,,לא צמוד,,31/08/2036,,,,,,,,,,,,,,,,,,IL0012465378,2433,20045992.00000,20045992.00000,לא
ספנסר     אגח ב,ספנר.ק2,1139898,איגרות חוב,101.09,-0.12,156.43,סוף יום,101.21,101.21,101.35,100.96,-0.12,,סוף יום,0.3,3.3,54,154776,145421,5000,1980000,,,143853180,,,,לא צמוד,6.02479,31/03/2028,,,,,,,,,,,,,,,,,,IL0011398984,1628,203761.97500,176571.72000,לא
ספנסר     אגח ד,ספנר.ק4,1188788,איגרות חוב,100.10,0.55,44.55,סוף יום,99.55,99.55,100.89,99.55,0.55,,סוף יום,1.2,3.7,62,44510,421009,5100,2020000,,,420588135,,,,לא צמוד,7.74000,31/08/2029,,,,,,,,,,,,,,,,,,IL0011887887,1628,772226.42000,445994.07000,לא
ספנסר     אגח ה,ספנר.ק5,1212851,איגרות חוב,103.54,0.32,62.18,סוף יום,103.21,103.21,103.70,103.21,0.33,,סוף יום,0.8,2.5,55,60050,410642,4900,1950000,,,396602076,,,,לא צמוד,6.75104,01/10/2028,,,,,,,,,,,,,,,,,,IL0012128513,1628,542477.86500,514366.53000,לא
ספנסר     אגח ו,ספנר.ק6,1212869,איגרות חוב,103.48,0.30,122.92,סוף יום,103.17,103.17,103.59,103.17,0.31,,סוף יום,1.2,3.3,56,118802,380185,4900,1960000,,,367399980,,,,לא צמוד,6.55885,30/09/2027,,,,,,,,,,,,,,,,,,IL0012128695,1628,520502.44000,585780.60500,לא
ספנסר     אגח ז,ספנר.ק7,1224112,איגרות חוב,93.33,0.61,433.13,סוף יום,92.76,92.76,94.97,92.48,0.57,,סוף יום,0.8,-1.4,102,465016,478500,5400,2160000,,,512697000,,,,לא צמוד,6.70466,30/06/2032,,,,,,,,,,,,,,,,,,IL0012241126,1628,678539.64500,407278.92000,לא
ספרינג,ספרג,1097344, מניות,533.80,0.00,0.03,סוף יום,533.80,535.00,535.00,535.00,0.00,,סוף יום,-4.6,-6.4,1,5,44945,89,180000,,,8419877,,,,,,,,,,,,,,,,,,,,,,,,IL0010973449,1329
סקודיקס,סקדס,1178490, מניות,120.10,0.00,0.05,סוף יום,120.10,120.10,120.00,120.00,0.00,,סוף יום,1.8,-43.6,7,41,41375,420,850000,,,34450652,,,,,,,,,,,,,,,,,,,,,,,,IL0011784902,1887
סקודיקס    אפ 2,סקדס.א2,1238294, כתבי אופציה ,11.20,1.82,1.35,סוף יום,11.00,11.00,13.00,11.10,0.20,,סוף יום,-18.2,-40.7,5,12000,494,420,220000,,,4413120,,,,,,,,,,,,,,,275.0000000 ,275.0000000,לא צמוד,16/04/2029,1.0000000,סקודיקס,120.10,,,IL0012382946,1887
סקופ,סקופ,288019, מניות,29530.00,0.44,6975.83,סוף יום,29400.00,29890.00,30210.00,29500.00,130.00,,סוף יום,0.4,73.8,1011,23426,3907488,2,3400,,,13232266,,,,,,,,,,,,,,,,,,,,,,,,IL0002880198,288
סקייליין,סקלן,1131556, מניות,191.30,0.00,4.84,סוף יום,191.30,191.30,195.50,191.00,0.00,,סוף יום,5.2,-64.3,3,2528,31565,270,550000,,,16500480,,,,,,,,,,,,,,,,,,,,,,,,CA83084Y1007,1613
עומר הנדסה,עמהנ,1233493, מניות,1850.00,0.71,225.63,סוף יום,1837.00,1837.00,1899.00,1837.00,13.00,,סוף יום,1.4,53.2,121,12191,2109135,27,55000,,,114007303,,,,,,,,,,,,,,,,,,,,,,,,IL0012334939,2522
עזריאלי   אגח ד,עזרל.ק4,1138650,איגרות חוב,119.55,-0.01,352.19,סוף יום,119.56,119.56,119.63,119.51,-0.01,,סוף יום,0.2,4.0,102,294627,2112580,4200,1680000,,,1767109749,,,,מדד המחירים לצרכן,1.34000,05/07/2030,,,,,,,98.80,15/06/2016,,,,,,,,,,IL0011386500,1420,1516966.51000,1955686.93500,לא
עזריאלי   אגח ה,עזרל.ק5,1156603,איגרות חוב,119.57,0.04,336.28,סוף יום,119.52,119.52,119.60,119.52,0.05,,סוף יום,0.3,3.8,76,281234,1939061,4200,1680000,,,1621695500,,,,מדד המחירים לצרכן,1.77000,30/06/2028,,,,,,,101.20,15/01/2019,,,,,,,,,,IL0011566036,1420,1871595.28000,1825776.33000,לא
עזריאלי   אגח ו,עזרל.ק6,1156611,איגרות חוב,120.94,0.01,655.15,סוף יום,120.93,120.93,121.10,120.93,0.01,,סוף יום,0.5,3.6,114,541446,3884747,4200,1660000,,,3212127750,,,,מדד המחירים לצרכן,2.48000,31/12/2032,,,,,,,101.20,15/01/2019,,,,,,,,,,IL0011566119,1420,3297612.01500,2341336.21000,לא
עזריאלי   אגח ז,עזרל.ק7,1178672,איגרות חוב,109.25,0.07,8224.16,סוף יום,109.17,109.17,109.27,109.17,0.08,,סוף יום,0.5,3.5,133,7528912,2883603,4600,1840000,,,2639453586,,,,מדד המחירים לצרכן,0.90000,02/07/2036,,,,,,,101.40,15/07/2021,,,,,,,,,,IL0011786725,1420,2307895.67000,1703615.25500,לא
עזריאלי   אגח ח,עזרל.ק8,1178680,איגרות חוב,108.11,-0.12,601.15,סוף יום,108.24,108.24,108.27,108.04,-0.13,,סוף יום,0.4,3.4,110,555837,4716796,4600,1860000,,,4362960000,,,,מדד המחירים לצרכן,1.69000,02/01/2041,,,,,,,101.40,15/07/2021,,,,,,,,,,IL0011786808,1420,2447775.89500,1956895.75500,לא
עזריאלי   אגח ט,עזרל.ק9,1209253,איגרות חוב,115.38,-0.18,1398.72,סוף יום,115.59,115.59,115.66,115.31,-0.21,,סוף יום,0.4,3.6,118,1211114,5883149,4400,1740000,,,5098933000,,,,מדד המחירים לצרכן,3.67000,02/01/2046,,,,,,,107.20,15/07/2024,,,,,,,,,,IL0012092537,1420,4046554.20500,3790852.01000,לא
עזריאלי   אגח י,עזרל.ק10,1225689,איגרות חוב,105.43,0.09,390.34,סוף יום,105.34,105.34,105.59,105.34,0.09,,סוף יום,0.5,4.2,73,369964,527150,4800,1910000,,,500000000,,,,מדד המחירים לצרכן,2.79000,15/07/2033,,,,,,,103.10,15/07/2025,,,,,,,,,,IL0012256892,1420,558689.05500,484821.01500,לא
עזריאלי  אגח יא,עזרל.ק11,1243328,איגרות חוב,100.15,0.06,1472.66,סוף יום,100.09,100.09,100.16,100.08,0.06,,סוף יום,0.3,0.2,91,1470651,2106151,5000,2000000,,,2102997000,,,,מדד המחירים לצרכן,3.02000,30/06/2051,,,,,,,105.10,15/05/2026,,,,,,,,,,IL0012433285,1420,5514502.21000,4257469.35000,כן
עזריאלי קבוצה,עזרל,1119478, מניות,40940.00,0.61,19889.44,סוף יום,40690.00,41200.00,41250.00,40690.00,250.00,,סוף יום,3.3,15.3,1389,48498,50977193,1,5000,,,124516836,,,,,,,,,,,,,,,,,,,,,,,,IL0011194789,1420
עין שלישית,עינש,397018, מניות,502.20,2.57,219.68,סוף יום,489.60,489.60,506.70,489.30,12.60,,סוף יום,6.2,-0.3,91,43885,209704,110,210000,,,41757090,,,,,,,,,,,,,,,,,,,,,,,,IL0003970188,397
עלבד,עלבד,625012, מניות,3288.00,0.15,40.68,סוף יום,3283.00,3283.00,3339.00,3265.00,5.00,,סוף יום,-2.5,-8.7,23,1237,613130,15,30000,,,18647506,,,,,,,,,,,,,,,,,,,,,,,,IL0006250125,625
עלמא      אגח א,עלמא.ק1,1220425,איגרות חוב,105.38,0.00,0.00,סוף יום,105.38,105.38,0.00,0.00,0.00,,סוף יום,0.0,2.3,0,0,118026,4700,950000,,,112000000,,,,לא צמוד,6.72000,01/04/2030,,,,,,,,,,,,,,,,,,IL0012204256,1857,0.00000,0.00000,לא
עלמא יסודות,עלמא,1173145, מניות,1832.00,-1.61,0.64,סוף יום,1862.00,1862.00,1780.00,1780.00,-30.00,,סוף יום,-3.9,40.9,4,36,319041,26,52000,,,17414905,,,,,,,,,,,,,,,,,,,,,,,,IL0011731457,1857
עלמדב ריל,עלמר,1243245, מניות,786.90,0.00,0.00,סוף יום,786.90,786.90,0.00,0.00,0.00,,סוף יום,0.0,21.2,0,0,1106775,64,130000,,,140650000,,,,,,,,,,,,,,,,,,,,,,,,IL0012432451,2548
עלמדב ריל  אפ 1,עלמר.א1,1243252, כתבי אופציה ,174.30,0.00,0.00,סוף יום,174.30,174.30,0.00,0.00,0.00,,סוף יום,-3.8,15.4,0,0,70853,64,280000,,,40650000,,,,,,,,,,,,,,,850.0000000 ,850.0000000,לא צמוד,28/05/2030,1.0000000,עלמדב ריל,786.90,,,IL0012432527,2548
עמידר     אגח א,עמדר.ק1,1143585,איגרות חוב,98.87,0.08,7.27,סוף יום,98.79,98.79,98.87,98.79,0.08,,סוף יום,0.2,2.8,53,7357,197740,5100,2030000,,,200000000,,,,לא צמוד,1.44000,31/03/2028,,,,,,,,,,,,,,,,,,IL0011435851,1728,211183.07000,96867.05500,לא
עמים יזמות אגחא,עמים.ק1,1244680,איגרות חוב,99.70,0.20,498.58,סוף יום,99.50,99.50,99.89,99.50,0.20,,סוף יום,0.0,-0.3,10,500157,187436,5000,1000000,,,188000000,,,,לא צמוד,7.23000,20/02/2029,,,,,,,,,,,,,,,,,,IL0012446808,2574,43443.52000,15137.88000,לא
עמיעד,עמעד,1094390, מניות,732.90,1.65,10.87,סוף יום,721.00,721.00,735.00,710.60,11.90,,סוף יום,-4.4,12.0,5,1483,223596,65,130000,,,30508394,,,,,,,,,,,,,,,,,,,,,,,,IL0010943905,2234
עמיר שיווק,עמשק,1092204, מניות,3872.00,-0.54,16.07,סוף יום,3893.00,3893.00,3895.00,3804.00,-21.00,,סוף יום,0.2,14.8,6,415,509257,13,26000,,,13152308,,,,,,,,,,,,,,,,,,,,,,,,IL0010922040,1232
עמל הולדינגס,עמל,1232008, מניות,1641.00,1.23,207.29,סוף יום,1621.00,1621.00,1659.00,1613.00,20.00,,סוף יום,1.9,-15.4,63,12699,2297400,31,63000,,,140000000,,,,,,,,,,,,,,,,,,,,,,,,IL0012320086,2516
עמרם,עמרם,1188200, מניות,4341.00,4.35,2825.28,סוף יום,4160.00,4168.00,4379.00,4168.00,181.00,,סוף יום,20.0,8.5,1180,65485,3420903,14,28000,,,78804500,,,,,,,,,,,,,,,,,,,,,,,,IL0011882003,2385
עמרם אברהם אגחא,עמרם.ק1,1188044,איגרות חוב,102.42,0.00,0.00,סוף יום,102.42,102.42,0.00,0.00,0.00,,סוף יום,0.0,3.5,0,0,90329,4900,980000,,,88195019,,,,לא צמוד,6.00000,31/05/2027,,,,,,,,,,,,,,,,,,IL0011880445,2385,46715.44500,1225.80000,לא
עמרם אברהם אגחב,עמרם.ק2,1202555,איגרות חוב,103.10,-0.14,46.74,סוף יום,103.24,103.24,103.20,103.01,-0.14,,סוף יום,-0.3,3.8,5,45332,90985,4800,970000,,,88249600,,,,לא צמוד,7.40000,31/12/2027,,,,,,,,,,,,,,,,,,IL0012025552,2385,0.00000,0.00000,לא
עמרם אברהם אגחג,עמרם.ק3,1215862,איגרות חוב,102.02,0.00,14.78,סוף יום,102.02,102.02,102.02,102.02,0.00,,סוף יום,0.0,3.1,66,14484,316262,4900,1960000,,,310000000,,,,לא צמוד,5.69000,31/12/2029,,,,,,,,,,,,,,,,,,IL0012158627,2385,262303.08000,175938.81000,לא
עמרם אברהם אגחד,עמרם.ק4,1240845,איגרות חוב,101.22,0.34,371.90,סוף יום,100.88,100.88,101.49,100.88,0.34,,סוף יום,0.5,1.2,79,368080,250612,5000,1990000,,,247591000,,,,לא צמוד,5.14000,31/12/2031,,,,,,,,,,,,,,,,,,IL0012408451,2385,554578.83000,757636.34000,כן
ערך פיננסים-ש,עפנכ-ש,1120161, מניות,146.20,0.00,0.00,סוף יום,146.20,146.20,0.00,0.00,0.00,,סוף יום,0.0,12.7,0,0,3822,340,130000,,,2614470,,21/07/2024,,,,,,,,,,,,,,,,,,,,,,IL0011201618,1550
עשות,עשות,312017, מניות,6843.00,1.44,1088.38,סוף יום,6746.00,6746.00,6872.00,6696.00,97.00,,סוף יום,8.1,-16.0,501,15998,1734260,8,16000,,,25343563,,,,,,,,,,,,,,,,,,,,,,,,IL0003120172,312
פאוורג'ן אגח ב,פאסא.ק2,1186246,איגרות חוב,114.94,1.54,28.76,סוף יום,113.20,113.20,114.94,113.20,1.74,,סוף יום,0.9,4.0,5,25019,227615,4400,880000,,,198029832,,,,מדד המחירים לצרכן,2.95000,31/12/2027,,,,,,,104.10,15/04/2022,,,,,,,,,,IL0011862468,1405,8026.80500,4131.97000,לא
פאוורג'ן אגח ג,פאסא.ק3,1231331,איגרות חוב,102.16,0.00,0.00,סוף יום,102.16,102.16,0.00,0.00,0.00,,סוף יום,-0.1,4.3,0,0,368798,4900,980000,,,361000000,,,,מדד המחירים לצרכן,3.42000,31/12/2030,,,,,,,103.60,15/10/2025,,,,,,,,,,IL0012313313,1405,25292.50000,11764.50000,לא
פאי סיאם,פאיס,1186527, מניות,4764.00,-2.64,5.57,סוף יום,4893.00,4893.00,4794.00,4591.00,-129.00,,סוף יום,-5.5,0.0,5,117,886423,10,20000,,,18606702,,,,,,,,,,,,,,,,,,,,,,,,IL0011865271,2344
פאי סיאם   אפ 1,פיאס.א1,1216282, כתבי אופציה ,340.00,0.00,0.00,סוף יום,340.00,340.00,0.00,0.00,0.00,,סוף יום,1.0,-43.3,0,0,9775,10,140000,,,2875057,,,,,,,,,,,,,,,4900.0000000 ,4900.0000000,לא צמוד,12/01/2028,1.0000000,פאי סיאם,4764.00,,,IL0012162827,2344
פאי סיאם  אגח א,פאיס.ק1,1186485,איגרות חוב,100.29,0.00,5.48,סוף יום,100.29,100.29,100.29,100.29,0.00,,סוף יום,0.0,5.2,4,5463,237529,5000,1000000,,,236842105,,,,לא צמוד,5.30000,31/12/2027,,,,,,,,,,,,,,,,,,IL0011864852,2344,28039.04000,13622.68000,לא
פאי סיאם  אגח ב,פאיס.ק2,1216555,איגרות חוב,100.04,0.00,0.00,סוף יום,100.04,100.04,0.00,0.00,0.00,,סוף יום,0.0,3.5,0,0,285114,5000,1000000,,,285000000,,,,לא צמוד,6.00000,31/03/2030,,,,,,,,,,,,,,,,,,IL0012165556,2344,20245.85000,3851.45000,לא
פאי סיאם  אגח ג,פיאס.ק3,1235175,איגרות חוב,97.00,0.00,10.78,סוף יום,97.00,97.00,97.00,97.00,0.00,,סוף יום,-0.2,2.4,1,11111,196940,5100,1030000,,,203031000,,,,לא צמוד,6.20000,30/06/2032,,,,,,,,,,,,,,,,,,IL0012351750,2344,0.00000,0.00000,לא
פאי פיקדון אגחא,פאיפ.ק1,1199454,איגרות חוב,115.97,0.04,28.85,סוף יום,115.92,115.92,115.98,115.92,0.05,,סוף יום,0.1,3.1,4,24881,2699059,4300,860000,,,2327377000,,,,לא צמוד,,06/09/2033,,,,,,,,,,,,,,,,,,IL0011994543,2420,57085.75000,57909.05000,לא
פאי פיקדון אגחב,פאיפ.ק2,1201144,איגרות חוב,114.36,0.09,47.63,סוף יום,114.26,114.36,114.37,114.36,0.10,,סוף יום,0.2,3.0,3,41649,2673165,4400,880000,,,2337500000,,,,לא צמוד,,30/11/2033,,,,,,,,,,,,,,,,,,IL0012011446,2420,113301.38000,117970.15000,לא
פאי פיקדון אגחג,פאיפ.ק3,1206580,איגרות חוב,111.51,-0.02,85.98,סוף יום,111.53,111.53,111.51,111.51,-0.02,,סוף יום,0.2,3.3,5,77105,339198,4500,900000,,,304186000,,,,לא צמוד,,15/05/2034,,,,,,,,,,,,,,,,,,IL0012065806,2420,26949.53000,25658.42000,לא
פאי פיקדון אגחד,פאיפ.ק4,1222306,איגרות חוב,106.86,0.00,0.27,סוף יום,106.86,106.86,106.86,106.86,0.00,,סוף יום,0.1,3.2,2,249,962809,4700,940000,,,901000000,,,,לא צמוד,,28/05/2035,,,,,,,,,,,,,,,,,,IL0012223066,2420,163626.36000,24675.68000,לא
פאי פיקדון אגחה,פאיפ.ק5,1241173,איגרות חוב,101.64,0.04,85.87,סוף יום,101.60,101.60,101.67,101.64,0.04,,סוף יום,0.1,1.6,6,84473,777546,4900,990000,,,765000000,,,,לא צמוד,,14/05/2036,,,,,,,,,,,,,,,,,,IL0012411737,2420,100490.80000,50711.55000,לא
פאי פלוס  אגח א,פלוס.ק1,1213503,איגרות חוב,108.48,0.06,113.98,סוף יום,108.41,108.41,108.48,108.46,0.07,,סוף יום,0.2,2.9,6,105077,2262372,4600,920000,,,2085520000,,,,לא צמוד,,14/11/2034,,,,,,,,,,,,,,,,,,IL0012135039,2454,101066.81500,92495.83000,לא
פאי פלוס  אגח ב,פלוס.ק2,1214451,איגרות חוב,109.05,0.00,109.33,סוף יום,109.05,109.05,109.05,109.05,0.00,,סוף יום,0.0,2.8,3,100252,990174,4600,920000,,,908000000,,,,לא צמוד,,04/12/2034,,,,,,,,,,,,,,,,,,IL0012144510,2454,19743.11500,359047.56500,לא
פאי פלוס  אגח ג,פלוס.ק3,1216183,איגרות חוב,108.53,0.00,0.28,סוף יום,108.53,108.53,108.53,108.53,0.00,,סוף יום,0.2,3.0,2,261,1024740,4600,920000,,,944200000,,,,לא צמוד,,19/01/2035,,,,,,,,,,,,,,,,,,IL0012161837,2454,17422.40000,11884.38000,לא
פאי פלוס  אגח ד,פלוס.ק4,1218718,איגרות חוב,107.79,0.00,0.29,סוף יום,107.79,107.79,107.79,107.79,0.00,,סוף יום,0.1,2.9,2,266,1036657,4600,930000,,,961738000,,,,לא צמוד,,05/03/2035,,,,,,,,,,,,,,,,,,IL0012187188,2454,101783.73500,2491.60000,לא
פאי ריבית אגח א,פירי.ק1,1228915,איגרות חוב,105.43,0.00,0.18,סוף יום,105.43,105.43,105.43,105.43,0.00,,סוף יום,0.2,4.0,2,166,632580,4700,950000,,,600000000,,,,לא צמוד,,11/09/2035,,,,,,,,,,,,,,,,,,IL0012289158,2500,11657.02000,12373.46500,לא
פאי ריבית אגח ב,פירי.ק2,1230184,איגרות חוב,103.95,0.00,0.35,סוף יום,103.95,103.95,103.95,103.95,0.00,,סוף יום,0.0,2.9,2,333,1247400,4800,960000,,,1200000000,,,,לא צמוד,,21/10/2035,,,,,,,,,,,,,,,,,,IL0012301847,2500,139278.53000,38159.48000,לא
פאי ריבית אגח ג,פירי.ק3,1239409,איגרות חוב,101.89,0.04,119.86,סוף יום,101.85,101.85,101.96,101.87,0.04,,סוף יום,0.0,1.9,8,117618,894760,4900,980000,,,878163000,,,,לא צמוד,,16/04/2036,,,,,,,,,,,,,,,,,,IL0012394099,2500,100990.80000,781.13000,לא
פאי ריבית אגח ד,פירי.ק4,1240704,איגרות חוב,101.73,0.10,37.64,סוף יום,101.63,101.63,101.76,101.71,0.10,,סוף יום,0.2,1.7,2,37000,560333,4900,990000,,,550804000,,,,לא צמוד,3.83000,06/05/2027,,,,,,,,,,,,,,,,,,IL0012407040,2500,0.00000,0.00000,לא
פאי ריבית אגח ה,פירי.ק5,1243302,איגרות חוב,101.04,0.00,0.06,סוף יום,101.04,101.04,101.10,101.10,0.00,,סוף יום,0.1,1.0,2,62,909360,5000,990000,,,900000000,,,,לא צמוד,,11/06/2036,,,,,,,,,,,,,,,,,,IL0012433020,2500,78438.48000,21154.35000,לא
פאלו אלטו,סיבר,1236736, מניות,99950.00,0.17,15311.10,סוף יום,99780.00,99700.00,100250.00,99350.00,170.00,,סוף יום,-11.3,115.2,2154,15339,816186472,1,1800,,,816594769,NASDAQ-GM,,,,,,,,,,,,,,,,,,,,,,,US6974351057,2538
פוטומיין,פוטו,1173855, מניות,1480.00,0.00,0.00,סוף יום,1480.00,1480.00,0.00,0.00,0.00,,סוף יום,-1.3,-24.3,0,0,39847,33,67000,,,2692366,,,,,,,,,,,,,,,,,,,,,,,,IL0011738551,1873
פוליגון,פלגן,745018, מניות,5369.00,0.00,0.91,סוף יום,5369.00,5369.00,5374.00,5369.00,0.00,,סוף יום,0.4,-4.2,13,17,276333,9,19000,,,5146818,,,,,,,,,,,,,,,,,,,,,,,,IL0007450187,745
פולירם,פולפ,1170216, מניות,846.50,-0.44,26.62,סוף יום,850.20,835.50,849.30,835.00,-3.70,,סוף יום,0.0,-16.9,36,3144,904736,59,120000,,,106879673,,,,,,,,,,,,,,,,,,,,,,,,IL0011702169,1822
פוםוום,פומו,1173434, מניות,39.00,-2.01,33.79,סוף יום,39.80,39.80,39.80,37.80,-0.80,,סוף יום,-27.1,-82.5,22,86740,14474,930,1860000,,,37112732,,,,,,,,,,,,,,,,,,,,,,,,IL0011734345,1861
פועלים,פעלים,662577, מניות,7980.00,-0.19,102608.72,סוף יום,7995.00,7996.00,8023.00,7881.00,-15.00,,סוף יום,3.3,13.9,6966,1289741,104212358,6,26000,,,1305919272,OTC,,,,,,,,,,,,,,,,,,,,,,,IL0006625771,662
פועלים  אגח 100,פעל.ק100,6620488,איגרות חוב,98.35,0.01,2071.96,סוף יום,98.34,98.34,98.38,98.34,0.01,,סוף יום,0.1,3.4,97,2106662,1709655,5100,2040000,,,1738337521,,,,לא צמוד,2.50000,09/12/2031,,,,,,,,,,,,,,,,,,IL0066204889,662,2255516.99000,1644616.08000,לא
פועלים  אגח 102,פעל.ק102,1223452,איגרות חוב,104.46,0.01,899.36,סוף יום,104.45,104.45,104.54,104.43,0.01,,סוף יום,0.2,3.3,135,860605,5002213,4800,1920000,,,4788639900,,,,לא צמוד,4.88000,17/06/2035,,,,,,,,,,,,,,,,,,IL0012234527,662,4436237.84000,3718041.79000,לא
פועלים  אגח 103,פעל.ק103,1233576,איגרות חוב,103.38,-0.04,78.91,סוף יום,103.42,103.42,103.40,103.38,-0.04,,סוף יום,0.0,3.3,15,76325,1139064,4800,1930000,,,1101822000,,,,לא צמוד,,25/12/2035,,,,,,,,,,,,,,,,,,IL0012335761,662,151342.60000,77593.64500,כן
פועלים  אגח 104,פעל.ק104,1238062,איגרות חוב,102.47,-0.05,235.34,סוף יום,102.52,102.52,102.51,102.47,-0.05,,סוף יום,0.0,2.5,17,229620,1189830,4900,1950000,,,1161150000,,,,לא צמוד,,12/03/2037,,,,,,,,,,,,,,,,,,IL0012380627,662,401303.87000,143162.43500,כן
פועלים  אגח 105,פעל.ק105,1244524,איגרות חוב,101.06,0.00,0.00,סוף יום,101.06,101.06,0.00,0.00,0.00,,סוף יום,0.0,1.1,0,0,1748265,5000,990000,,,1729928000,,,,לא צמוד,,02/07/2038,,,,,,,,,,,,,,,,,,IL0012445248,662,218675.70000,142574.32500,לא
פועלים  אגח 106,פעל.ק106,1244532,איגרות חוב,99.64,-0.02,1069.81,סוף יום,99.66,99.66,99.83,99.61,-0.02,,סוף יום,0.1,-0.4,46,1072777,4274498,5000,1000000,,,4289942000,,,,לא צמוד,4.07000,02/07/2036,,,,,,,,,,,,,,,,,,IL0012445321,662,19640870.43500,6327364.57000,לא
פועלים  אגח 107,פעל.ק107,1247055,איגרות חוב,100.00,0.00,0.00,סוף יום,100.00,100.00,0.00,0.00,0.00,,סוף יום,0.0,0.0,0,0,821000,5000,1000000,,,821000000,,,,לא צמוד,,04/09/2039,,,,,,,,,,,,,,,,,,IL0012470550,662
פועלים  אגח 200,פעל.ק200,6620496,איגרות חוב,111.08,0.08,283.87,סוף יום,110.99,110.99,111.12,110.98,0.09,,סוף יום,0.4,3.4,81,255582,937037,4500,1810000,,,843569866,,,,מדד המחירים לצרכן,0.10000,09/12/2031,,,,,,,102.40,15/11/2021,,,,,,,,,,IL0066204962,662,887948.38500,653294.06500,לא
פועלים  אגח 201,פעל.ק201,1191345,איגרות חוב,110.01,0.02,1260.21,סוף יום,109.99,109.99,110.10,109.99,0.02,,סוף יום,0.4,3.4,132,1145143,3409989,4600,1820000,,,3099708000,,,,מדד המחירים לצרכן,1.39000,29/11/2032,,,,,,,107.60,15/11/2022,,,,,,,,,,IL0011913451,662,3844725.64000,2664967.04500,לא
פועלים  אגח 202,פעל.ק202,1199850,איגרות חוב,119.20,-0.03,35.24,סוף יום,119.23,119.23,119.23,119.20,-0.03,,סוף יום,0.3,3.4,67,29565,530236,4200,1680000,,,444829000,,,,מדד המחירים לצרכן,0.60000,30/04/2028,,,,,,,100.30,15/04/2018,,,,,,,,,,IL0011998502,662,488690.16500,307807.02500,לא
פועלים  אגח 203,פעל.ק203,1199868,איגרות חוב,120.17,-0.02,4201.53,סוף יום,120.19,120.19,120.21,120.15,-0.02,,סוף יום,0.3,3.6,110,3495797,2232675,4200,1670000,,,1857930650,,,,מדד המחירים לצרכן,1.75000,02/12/2030,,,,,,,101.80,15/11/2018,,,,,,,,,,IL0011998684,662,2084022.30500,1743038.57500,לא
פועלים  אגח 204,פעל.ק204,1227453,איגרות חוב,103.40,-0.01,762.84,סוף יום,103.41,103.41,103.48,103.38,-0.01,,סוף יום,0.4,3.0,104,737626,3182004,4900,1940000,,,3077373600,,,,מדד המחירים לצרכן,2.61000,21/08/2035,,,,,,,103.50,15/08/2025,,,,,,,,,,IL0012274531,662,2317095.80000,2365460.03000,לא
פועלים  מסחרי 3,פעל.נ3,1239326,איגרות חוב,1014.70,0.00,0.00,סוף יום,1014.70,1014.70,0.00,0.00,0.00,,סוף יום,0.1,1.5,0,0,1034336,490,99000,,,101935200,,,,לא צמוד,,16/04/2027,,,,,,,,,,,,,,,,,,IL0012393265,662,227330.25000,0.00000,כן
פועלים הת נד טו,פעל.ק15,1227446,איגרות חוב,104.20,0.10,25.45,סוף יום,104.10,104.10,104.20,104.10,0.10,,סוף יום,0.4,4.4,47,24427,988135,9600,1930000,,,948306000,,,,מדד המחירים לצרכן,3.19000,21/08/2042,,,,,,,103.50,15/08/2025,,,,,,,,,,IL0012274465,662,664375.23500,450263.30000,לא
פועלים הת נד טז,פעל.ק16,1247063,איגרות חוב,99.70,-0.30,25320.12,סוף יום,100.00,99.57,99.79,99.46,-0.30,,סוף יום,-71.6,-71.6,286,25395806,997000,10000,280000,,,1000000000,,,,מדד המחירים לצרכן,2.70000,04/09/2039,,,,,,,105.10,15/08/2026,,,,,,,,,,IL0012470634,662
פועלים הת נד יא,פעל.ק11,1201466,איגרות חוב,115.17,0.00,7.06,סוף יום,115.17,115.17,115.17,115.17,0.00,,סוף יום,0.5,4.5,43,6131,442426,8700,1750000,,,384150000,,,,מדד המחירים לצרכן,3.71000,07/12/2034,,,,,,,105.40,15/11/2023,,,,,,,,,,IL0012014663,662,77762.28500,63666.80000,לא
פועלים הת נד יב,פעל.ק12,1214121,איגרות חוב,112.14,-0.11,338.26,סוף יום,112.26,112.26,112.26,112.07,-0.12,,סוף יום,0.2,4.5,88,301615,1650684,8900,1790000,,,1471985000,,,,מדד המחירים לצרכן,3.45000,29/11/2037,,,,,,,109.10,15/11/2024,,,,,,,,,,IL0012141219,662,1152513.62000,907011.81500,לא
פועלים הת נד יג,פעל.ק13,1214139,איגרות חוב,117.33,-0.17,246.26,סוף יום,117.53,117.53,117.53,117.26,-0.20,,סוף יום,0.2,3.8,75,209772,1637894,8500,1710000,,,1395972000,,,,מדד המחירים לצרכן,3.88000,28/11/2049,,,,,,,109.10,15/11/2024,,,,,,,,,,IL0012141391,662,1354145.47000,1449672.74500,לא
פועלים הת נד יד,פעל.ק14,1227438,איגרות חוב,104.19,0.19,837.12,סוף יום,103.99,103.99,104.21,103.99,0.20,,סוף יום,0.3,4.1,70,803393,715863,9600,1920000,,,687075000,,,,מדד המחירים לצרכן,3.01000,21/08/2036,,,,,,,103.50,15/08/2025,,,,,,,,,,IL0012274382,662,326497.09000,286680.65000,לא
פועלים התח נד ו,פעלים.ק6,6620553,איגרות חוב,114.17,0.00,63.33,סוף יום,114.17,114.17,114.30,114.15,0.00,,סוף יום,0.1,3.4,47,55468,453997,8800,1750000,,,397650000,,,,מדד המחירים לצרכן,0.84000,13/03/2033,,,,,,,102.80,15/02/2022,,,,,,,,,,IL0066205530,662,137022.17500,112960.62500,לא
פועלים התח נד ז,פעלים.ק7,1191329,איגרות חוב,115.98,0.01,26.53,סוף יום,115.97,115.97,115.98,115.97,0.01,,סוף יום,0.3,3.8,51,22873,1101810,8700,1730000,,,950000000,,,,מדד המחירים לצרכן,3.09000,29/11/2033,,,,,,,107.60,15/11/2022,,,,,,,,,,IL0011913295,662,222512.40500,226093.46500,לא
פוקס,פוקס,1087022, מניות,34990.00,0.37,6415.61,סוף יום,34860.00,34180.00,35320.00,34180.00,130.00,,סוף יום,6.9,11.7,2232,18325,4865551,2,3100,,,13905548,,,,,,,,,,,,,,,,,,,,,,,,IL0010870223,1140
פוקס      אגח ב,פוקס.ק2,1240811,איגרות חוב,102.56,0.05,156.67,סוף יום,102.51,102.60,102.63,102.53,0.05,,סוף יום,0.3,2.6,61,152750,569777,4900,1960000,,,555555000,,,,לא צמוד,4.38000,31/12/2036,,,,,,,,,,,,,,,,,,IL0012408113,1140,1496227.39500,1649226.74500,כן
פוקס    מסחרי 1,פוקס.נ1,1245158,איגרות חוב,1004.00,0.00,0.00,סוף יום,1004.00,1004.00,0.00,0.00,0.00,,סוף יום,0.1,0.4,0,0,100400,500,100000,,,10000000,,,,לא צמוד,,20/07/2027,,,,,,,,,,,,,,,,,,IL0012451584,1140,0.00000,0.00000,לא
פורמולה   אגח ג,פרמלה.ק3,2560209,איגרות חוב,100.10,0.01,7.31,סוף יום,100.09,100.09,100.10,100.09,0.01,,סוף יום,0.0,3.0,11,7303,165807,5000,1000000,,,165641745,,,,לא צמוד,2.29000,01/12/2026,,,,,,,,,,,,,,,,,,IL0025602090,256,53000.77000,51966.61500,לא
פורמולה   אגח ד,פרמלה.ק4,1211556,איגרות חוב,108.32,0.02,6.23,סוף יום,108.30,108.30,108.32,108.30,0.02,,סוף יום,0.4,3.5,49,5754,162480,4600,1850000,,,150000000,,,,לא צמוד,5.68000,01/12/2034,,,,,,,,,,,,,,,,,,IL0012115569,256,96086.14500,75192.04000,לא
פורמולה מערכות,פרמלה,256016, מניות,38180.00,-0.75,2891.63,סוף יום,38470.00,38470.00,38570.00,38060.00,-290.00,,סוף יום,-0.3,-21.8,845,7551,5854776,1,2600,,,15334667,NASDAQ GSM,,,,,,,,,,,,,,,,,,,,,,,IL0002560162,256
פורסייט,פרסט,199018, מניות,4.00,2.56,3.09,סוף יום,3.90,3.90,4.00,4.00,0.10,,סוף יום,2.6,-73.5,6,77282,18785,13000,23480000,,,469620492,NASDAQ-CM,,,,,,,,,,,,,,,,,,,,,,,IL0001990188,199
פז אנרג מסחרי 2,פז.נ2,1231968,איגרות חוב,1031.00,0.00,0.00,סוף יום,1031.00,1031.00,0.00,0.00,0.00,,סוף יום,0.0,2.8,0,0,412400,480,97000,,,40000000,,,,לא צמוד,,23/11/2026,,,,,,,,,,,,,,,,,,IL0012319682,1363,0.00000,0.00000,לא
פז אנרגיה,פז,1100007, מניות,91370.00,0.19,4719.40,סוף יום,91200.00,91200.00,91710.00,90610.00,170.00,,סוף יום,5.2,32.7,953,5174,9837565,1,1200,,,10766734,,,,,,,,,,,,,,,,,,,,,,,,IL0011000077,1363
פז אנרגיה אגח ו,פז.ק6,1139542,איגרות חוב,121.02,0.02,5.60,סוף יום,121.00,121.00,121.02,121.00,0.02,,סוף יום,0.2,3.1,49,4627,218886,4100,1660000,,,180867782,,,,מדד המחירים לצרכן,1.94000,30/11/2028,,,,,,,99.30,15/11/2016,,,,,,,,,,IL0011395428,1363,150425.42500,96789.08000,לא
פז אנרגיה אגח ז,פז.ק7,1142595,איגרות חוב,118.64,-0.02,180.11,סוף יום,118.66,118.66,118.66,118.64,-0.02,,סוף יום,0.3,4.1,68,151807,950695,4200,1690000,,,801327822,,,,מדד המחירים לצרכן,1.23000,01/12/2030,,,,,,,100.60,15/11/2017,,,,,,,,,,IL0011425951,1363,570975.59500,487073.25500,לא
פז אנרגיה אגח ח,פז.ק8,1162817,איגרות חוב,96.98,0.03,520.42,סוף יום,96.95,96.95,97.00,96.95,0.03,,סוף יום,0.2,3.7,89,536557,1217269,5200,2070000,,,1255175055,,,,לא צמוד,2.43000,30/11/2031,,,,,,,,,,,,,,,,,,IL0011628174,1363,1249411.06000,1091668.86500,לא
פז אנרגיה אגח ט,פז.ק9,1205947,איגרות חוב,111.41,0.08,371.60,סוף יום,111.32,111.32,111.48,111.28,0.09,,סוף יום,0.3,4.5,67,333749,222270,4500,1800000,,,199506000,,,,לא צמוד,5.86000,31/05/2035,,,,,,,,,,,,,,,,,,IL0012059478,1363,466236.36500,452356.32500,לא
פטרוטקס    אג ב,פטקס.ה2,1169648, איגרות חוב להמרה ,89.40,0.00,0.00,סוף יום,89.40,89.40,0.00,0.00,0.00,,סוף יום,0.0,0.8,0,0,14144,560,560000,,,15821112,,,,דולר,6.34254,25/01/2029,פטרוטקס יהש,01099761,IL0010997612,0.9284102,41.50,15/01/2029,,06/11/2020,,,,,,,,,,IL0011696486,1369
פטרוטקס יהש,פטקס,1099761,יחידת השתתפות,41.50,0.00,0.00,סוף יום,41.50,41.50,0.00,0.00,0.00,,סוף יום,-7.4,-17.2,0,0,10454,1100,1260000,,,25191090,,,,,,,,,,,,,,,,,,,,,,,,IL0010997612,1369
פטרוכימיים,פטרו,756015, מניות,598.00,3.77,1934.84,סוף יום,576.30,576.30,607.60,573.80,21.70,,סוף יום,13.5,232.0,455,325107,813682,95,190000,,,136067248,,,,,,,,,,,,,,,,,,,,,,,,IL0007560159,756
פטרוכימים אגח ט,פטרו.ק9,1189554,איגרות חוב,130.20,0.00,0.00,סוף יום,130.20,130.20,0.00,0.00,0.00,,סוף יום,-0.5,2.0,0,0,12666,3800,490000,,,9728416,,,,לא צמוד,7.50000,30/04/2027,,,,,,,,,,,,,,,,,,IL0011895542,756,3435.60500,3646.36000,לא
פטרוכימים אגח י,פטרו.ק10,1190297,איגרות חוב,211.44,0.21,153.74,סוף יום,211.00,211.00,212.73,209.94,0.44,,סוף יום,4.0,43.1,10,72836,284915,2500,490000,,,134749966,,,,לא צמוד,10.54000,01/08/2027,,,,,,,,,,,,,,,,,,IL0011902975,756,75100.91500,84554.61000,לא
פטרוכימים אגחיא,פטרו.ק11,1221787,איגרות חוב,103.66,0.10,33.67,סוף יום,103.56,103.56,104.80,103.45,0.10,,סוף יום,0.6,9.7,8,32484,329898,4900,970000,,,318250000,,,,לא צמוד,5.50000,31/12/2031,,,,,,,,,,,,,,,,,,IL0012217878,756,414392.81000,311191.68500,לא
פטרוכימים אפ1,פטר.א1,1190305, כתבי אופציה ,557.90,1.66,17.69,סוף יום,548.80,548.80,568.00,555.00,9.10,,סוף יום,13.7,289.6,9,3171,45056,95,100000,,,8076085,,,,,,,,,,,,,,,37.5000000 ,37.5000000,לא צמוד,23/10/2026,1.0000000,פטרוכימיים,598.00,,,IL0011903056,756
פטרוכימים אפ2,פטר.א2,1190313, כתבי אופציה ,33.20,21.61,10.00,סוף יום,27.30,27.30,34.50,27.30,5.90,,סוף יום,107.5,472.4,10,30070,3254,95,490000,,,9800000,,,,,,,,,,,,,,,600.0000000 ,600.0000000,לא צמוד,23/10/2026,1.0000000,פטרוכימיים,598.00,,,IL0011903130,756
פיבי,פיבי,763011, מניות,32490.00,0.28,8926.35,סוף יום,32400.00,31960.00,32490.00,31960.00,90.00,,סוף יום,4.5,22.1,1003,27540,11518563,2,3200,,,35452640,,,,,,,,,,,,,,,,,,,,,,,,IL0007630119,763
פיט השקעות אפ 1,פיט.א1,1243864, כתבי אופציה ,30.00,-21.67,1.75,סוף יום,38.30,38.30,30.00,30.00,-8.30,,סוף יום,-21.1,57.9,4,5831,1803,390,300000,,,6009397,,,,,,,,,,,,,,,155.8000000 ,155.8000000,לא צמוד,23/06/2027,1.0000000,פיט השקעות יהש,137.00,,,IL0012438649,1850
פיט השקעות יהש,פיט,1173178,יחידת השתתפות,137.00,3.01,3.02,סוף יום,133.00,133.00,137.00,137.00,4.00,,סוף יום,6.6,-7.5,1,2204,21619,390,780000,,,15780122,,,,,,,,,,,,,,,,,,,,,,,,IL0011731788,1850
פייטון,פטון,412015, מניות,5057.00,-1.15,4.05,סוף יום,5116.00,5299.00,5338.00,5013.00,-59.00,,סוף יום,-0.6,-22.1,7,80,418116,10,20000,,,8268057,,,,,,,,,,,,,,,,,,,,,,,,IL0004120155,412
פיימנט,פמנט,1180876, מניות,536.10,1.88,2.55,סוף יום,526.20,526.20,536.10,536.10,9.90,,סוף יום,2.4,-5.5,9,475,210835,97,190000,,,39327534,,,,,,,,,,,,,,,,,,,,,,,,IL0011808768,1977
פינרג'י,פנרג,1172360, מניות,279.30,0.72,581.25,סוף יום,277.30,277.30,285.50,274.00,2.00,,סוף יום,0.0,56.1,170,206943,382069,180,360000,,,136795129,,,,,,,,,,,,,,,,,,,,,,,,IL0011723603,1843
פינרג'י    אפ 2,פנרג.א2,1225176, כתבי אופציה ,62.30,4.01,4.77,סוף יום,59.90,61.90,68.00,61.90,2.40,,סוף יום,11.8,52.0,8,7655,9512,180,760000,,,15268000,,,,,,,,,,,,,,,260.0000000 ,260.0000000,לא צמוד,15/12/2026,1.0000000,פינרג'י,279.30,,,IL0012251760,1843
פינרג'י    אפ 4,פנרג.א4,1234525, כתבי אופציה ,142.90,0.49,7.15,סוף יום,142.20,142.20,143.00,142.90,0.70,,סוף יום,4.8,206.7,6,5006,20364,180,370000,,,14250624,,,,,,,,,,,,,,,260.0000000 ,260.0000000,לא צמוד,15/02/2028,1.0000000,פינרג'י,279.30,,,IL0012345257,1843
פיסיבי טכנ,פסבט,1091685, מניות,1300.00,1.80,515.55,סוף יום,1277.00,1283.00,1316.00,1274.00,23.00,,סוף יום,3.3,-1.9,90,39799,946392,40,79000,,,72799394,,,,,,,,,,,,,,,,,,,,,,,,IL0010916851,1221
פיקהיל    אגח א,פקהל.ק1,1228535,איגרות חוב,99.73,0.38,1156.69,סוף יום,99.35,99.35,100.09,99.35,0.38,,סוף יום,0.4,0.4,101,1159306,861120,5000,2010000,,,863451000,,,,לא צמוד,6.34000,31/03/2031,,,,,,,,,,,,,,,,,,IL0012285354,2505,975607.02000,623161.33000,לא
פיקס סולושנז,פקסו,382010, מניות,578.30,0.00,12.91,סוף יום,578.30,578.30,578.30,578.30,0.00,,סוף יום,0.4,-37.5,10,2232,258665,87,170000,,,44728441,,,,,,,,,,,,,,,,,,,,,,,,IL0003820102,382
פלאזה סנט אגח א,פלזס.ק1,1109495,איגרות חוב,1.80,0.00,0.00,סוף יום,1.80,1.80,0.00,0.00,0.00,,סוף יום,0.0,-77.0,0,0,2120,280000,5890000,,,117754182,,,,מדד המחירים לצרכן,6.00000,01/01/2027,,,,,,,99.40,15/06/2007,,,,,,,,,,IL0011094955,1476,0.00000,0.00000,לא
פלאזה סנט אגח ב,פלזס.ק2,1109503,איגרות חוב,2.02,0.00,0.00,סוף יום,2.02,2.02,0.00,0.00,0.00,,סוף יום,-2.9,-74.7,0,0,3490,240000,8640000,,,172758019,,,,מדד המחירים לצרכן,6.90000,01/01/2027,,,,,,,102.50,15/01/2008,,,,,,,,,,IL0011095036,1476,0.00000,11.25000,לא
פלאזה סנטר -ס,פלזס-ס,1109917, מניות,172.80,0.00,0.00,סוף יום,172.80,172.80,0.00,0.00,0.00,,סוף יום,0.0,4.9,0,0,11846,290,340000,,,6855603,LONDON,,,,,,,,,,,,,,,,,,,,,,,NL0011882741,1476
פלורי,פלור,1121730, מניות,428.70,-2.59,24.48,סוף יום,440.10,440.10,434.00,420.70,-11.40,,סוף יום,-6.3,-55.5,15,5710,47651,110,220000,,,11115204,NASDAQ-CM,,,,,,,,,,,,,,,,,,,,,,,US72942G2030,1569
פליינג ספארק-ש,פליס-ש,1173582, מניות,32.00,0.00,0.06,סוף יום,32.00,32.00,32.00,32.00,0.00,,סוף יום,-11.1,-13.3,1,200,6488,1400,1010000,,,20276106,,21/01/2026,,,,,,,,,,,,,,,,,,,,,,IL0011735821,1868
פלסאון תעשיות,פלסון,1081603, מניות,14580.00,-2.67,1594.31,סוף יום,14980.00,14980.00,15030.00,14530.00,-400.00,,סוף יום,0.8,-18.1,365,10900,1392092,3,6900,,,9547955,,,,,,,,,,,,,,,,,,,,,,,,IL0010816036,1057
פלסאנמור,פאלס,1176700, מניות,772.00,-2.19,90.25,סוף יום,789.30,789.30,779.70,760.00,-17.30,,סוף יום,-1.8,-63.0,51,11722,50202,64,130000,,,6502844,NASDAQ-CM,,,,,,,,,,,,,,,,,,,,,,,IL0011767006,1895
פלסטו קרגל,פלקר,727016, מניות,654.10,-3.57,4.92,סוף יום,678.30,662.50,662.50,637.50,-24.20,,סוף יום,-4.2,8.8,4,752,50571,73,150000,,,7731336,,,,,,,,,,,,,,,,,,,,,,,,IL0007270163,727
פלסטופיל,פפיל,1092840, מניות,503.00,0.00,0.00,סוף יום,503.00,503.00,0.00,0.00,0.00,,סוף יום,0.0,-21.1,0,0,114480,99,200000,,,22759498,,,,,,,,,,,,,,,,,,,,,,,,IL0010928401,1240
פלסטופיל   אפ 1,פפיל.א1,1243823, כתבי אופציה ,57.50,4.55,1.74,סוף יום,55.00,55.00,58.00,58.00,2.50,,סוף יום,4.5,-0.9,1,3000,2934,99,260000,,,5102000,,,,,,,,,,,,,,,600.0000000 ,600.0000000,לא צמוד,27/06/2028,1.0000000,פלסטופיל,503.00,,,IL0012438235,1240
פלרם,פלרם,644013, מניות,4755.00,-2.40,572.39,סוף יום,4872.00,4872.00,4872.00,4710.00,-117.00,,סוף יום,2.9,-5.5,111,11896,1223247,11,22000,,,25725487,,,,,,,,,,,,,,,,,,,,,,,,IL0006440130,644
פמס,פמס,315010, מניות,15440.00,-1.28,565.26,סוף יום,15640.00,15640.00,15720.00,15390.00,-200.00,,סוף יום,0.2,-32.5,220,3639,1419698,3,6500,,,9194936,,,,,,,,,,,,,,,,,,,,,,,,IL0003150104,315
פנטהאוז   אגח א,פנטה.ק1,1227073,איגרות חוב,102.35,0.26,28.92,סוף יום,102.08,102.08,102.89,102.09,0.27,,סוף יום,-0.8,2.6,4,28257,146361,4800,970000,,,143000000,,,,מדד המחירים לצרכן,3.42000,30/06/2031,,,,,,,103.10,15/07/2025,,,,,,,,,,IL0012270737,2497,23490.81000,7147.73500,לא
פנינסולה  אגח ד,פננס.ק4,1223999,איגרות חוב,102.40,0.01,106.69,סוף יום,102.39,102.39,102.40,102.39,0.01,,סוף יום,0.1,3.6,80,104189,204800,4900,1950000,,,200000000,,,,לא צמוד,5.40000,01/04/2029,,,,,,,,,,,,,,,,,,IL0012239997,333,222756.49000,500195.78500,לא
פניקס הון אגח ה,פנהס.ק5,1135417,איגרות חוב,122.40,0.09,342.36,סוף יום,122.29,122.29,122.41,122.26,0.11,,סוף יום,0.1,3.9,17,279873,500758,4100,820000,,,409116135,,,,מדד המחירים לצרכן,2.25000,31/10/2029,,,,,,,98.80,15/04/2015,,,,,,,,,,IL0011354177,1527,377546.33000,520084.42500,לא
פניקס הון אגחטו,פנהס.ק15,1201953,איגרות חוב,103.64,0.00,283.21,סוף יום,103.64,103.64,103.65,103.50,0.00,,סוף יום,0.2,3.7,74,273378,518200,4800,1930000,,,500000000,,,,לא צמוד,4.69000,30/06/2033,,,,,,,,,,,,,,,,,,IL0012019530,1527,517825.56500,390773.31000,לא
פניקס הון אגחטז,פנהס.ק16,1220334,איגרות חוב,107.19,0.07,536.93,סוף יום,107.12,107.12,107.21,107.09,0.07,,סוף יום,0.3,3.9,93,500873,1068648,4700,1870000,,,996966000,,,,לא צמוד,5.15000,01/11/2034,,,,,,,,,,,,,,,,,,IL0012203340,1527,1671371.46500,2026745.27500,לא
פניקס הון אגחיא,פנהס.ק11,1159359,איגרות חוב,97.81,0.00,476.16,סוף יום,97.81,97.03,97.84,97.03,0.00,,סוף יום,0.2,3.6,114,487245,1265036,5100,2050000,,,1293361000,,,,לא צמוד,2.62000,30/04/2032,,,,,,,,,,,,,,,,,,IL0011593592,1527,1665003.26500,1206358.06000,לא
פניקס הון אגחיב,פנהס.ק12,1195585,איגרות חוב,116.69,0.05,255.69,סוף יום,116.63,116.63,116.77,116.63,0.06,,סוף יום,0.4,3.9,70,219111,1801285,8600,1720000,,,1543650000,,,,מדד המחירים לצרכן,2.09000,05/02/2071,,,,,,,101.40,15/07/2021,,,,,,,,,,IL0011955858,1527,665595.32500,643297.17500,לא
פניקס הון אגחיג,פנהס.ק13,1188135,איגרות חוב,102.50,0.10,84.93,סוף יום,102.40,102.40,102.59,102.40,0.10,,סוף יום,-0.6,2.1,17,82856,205000,4800,1940000,,,200000000,,,,לא צמוד,5.51000,31/10/2032,,,,,,,,,,,,,,,,,,IL0011881351,1527,74107.18500,70514.44000,לא
פניקס הון אגחיד,פנהס.ק14,1201946,איגרות חוב,108.45,0.01,9.67,סוף יום,108.44,108.44,108.47,108.44,0.01,,סוף יום,0.5,3.3,54,8917,325350,4600,1850000,,,300000000,,,,מדד המחירים לצרכן,2.31000,28/02/2033,,,,,,,105.10,15/12/2023,,,,,,,,,,IL0012019464,1527,222646.82500,194529.69000,לא
פניקס הון אגחיז,פנהס.ק17,1220342,איגרות חוב,108.74,0.08,381.28,סוף יום,108.65,108.65,108.92,108.65,0.09,,סוף יום,0.2,4.5,70,350537,399340,4600,1840000,,,367243000,,,,מדד המחירים לצרכן,3.14000,01/02/2035,,,,,,,0.00,15/04/2025,,,,,,,,,,IL0012203423,1527,544628.10000,853760.09500,לא
פניקס הון אגחיח,פנהס.ק18,1230283,איגרות חוב,101.42,0.15,25.34,סוף יום,101.27,101.27,101.50,101.27,0.15,,סוף יום,0.3,2.9,42,24985,784172,9900,1980000,,,773193000,,,,מדד המחירים לצרכן,2.79000,30/09/2075,,,,,,,103.60,15/10/2025,,,,,,,,,,IL0012302837,1527,732426.79500,728902.41500,לא
פסיירקס ביו-טק,פסרק,1176908, מניות,76.40,0.00,0.00,סוף יום,76.40,76.40,0.00,0.00,0.00,,סוף יום,0.1,-20.2,0,0,10759,660,700000,,,14082396,,,,,,,,,,,,,,,,,,,,,,,,IL0011769085,1911
פסיפיק    אגח ב,פסוק.ק2,1163062,איגרות חוב,35.01,-1.91,89.70,סוף יום,35.69,35.69,35.69,35.00,-0.68,,סוף יום,-9.3,-35.1,8,256222,135922,13000,2590000,,,388237587,,,,לא צמוד,5.18000,30/09/2026,,,,,,,,,,,,,,,,,,IL0011630626,1662,119641.26500,225898.50500,לא
פסיפיק    אגח ד,פסוק.ק4,1206044,איגרות חוב,36.75,-0.11,69.63,סוף יום,36.79,36.79,37.48,36.00,-0.04,,סוף יום,-4.9,-33.0,7,188785,215746,13000,2590000,,,587063000,,,,לא צמוד,10.56386,28/02/2029,,,,,,,,,,,,,,,,,,IL0012060443,1662,178359.33500,243835.88500,לא
פרודלים השקעות,פרדם,1237031, מניות,471.40,-2.72,90.62,סוף יום,484.60,484.60,480.00,460.10,-13.20,,סוף יום,-9.8,-40.6,28,19226,1401244,96,190000,,,297251616,,,,,,,,,,,,,,,,,,,,,,,,IL0012370313,2534
פרוספקט,פרפק,1230655, מניות,700.00,0.00,0.00,סוף יום,700.00,700.00,0.00,0.00,0.00,,סוף יום,-1.7,-8.8,0,0,3236404,70,140000,,,462343452,NASDAQ-GM,,,,,,,,,,,,,,,,,,,,,,,US74348T1025,2514
פרוספקט   אגח א,פרפק.ק1,1230671,איגרות חוב,92.58,0.49,833.26,סוף יום,92.13,92.13,92.98,92.42,0.45,,סוף יום,0.9,0.8,22,900637,505218,5500,1090000,,,545710000,,,,לא צמוד,5.50000,31/12/2030,,,,,,,,,,,,,,,,,,IL0012306713,2514,425554.27500,204739.62500,לא
פרופדו,פרפד,1188622, מניות,2154.00,2.23,79.35,סוף יום,2107.00,2150.00,2199.00,2065.00,47.00,,סוף יום,1.9,-9.8,57,3686,178504,24,47000,,,8287090,,,,,,,,,,,,,,,,,,,,,,,,IL0011886228,2389
פרופדו    אגח א,פרפד.ק1,1217611,איגרות חוב,98.50,0.00,0.00,סוף יום,98.50,98.50,0.00,0.00,0.00,,סוף יום,0.1,5.5,0,0,78800,5100,1020000,,,80000000,,,,לא צמוד,6.75000,31/07/2029,,,,,,,,,,,,,,,,,,IL0012176116,2389,9926.18500,3607.46000,לא
פרופדו    אגח ב,פרפד.ק2,1245927,איגרות חוב,95.77,0.00,0.00,סוף יום,95.77,95.77,0.00,0.00,0.00,,סוף יום,0.0,0.2,0,0,51455,5200,1040000,,,53728000,,,,לא צמוד,7.00000,01/02/2032,,,,,,,,,,,,,,,,,,IL0012459272,2389,19165.00000,19165.00000,לא
פרטנר,פרטנר,1083484, מניות,3960.00,0.51,6049.71,סוף יום,3940.00,3940.00,4007.00,3911.00,20.00,,סוף יום,7.2,9.1,947,152361,7432153,14,27000,,,187680634,,,,,,,,,,,,,,,,,,,,,,,,IL0010834849,2095
פרטנר     אגח ז,פרטנר.ק7,1156397,איגרות חוב,100.94,-0.01,11.25,סוף יום,100.95,100.95,100.95,100.94,-0.01,,סוף יום,0.2,3.1,10,11148,343533,5000,990000,,,340333840,,,,לא צמוד,4.00000,25/06/2027,,,,,,,,,,,,,,,,,,IL0011563975,2095,487295.88000,297531.97500,לא
פרטנר     אגח ח,פרטנר.ק8,1182948,איגרות חוב,100.33,0.02,8.45,סוף יום,100.31,100.31,100.50,100.31,0.02,,סוף יום,0.1,8.5,18,8418,139343,5000,1000000,,,138884900,,,,לא צמוד,2.08000,25/06/2030,,,,,,,,,,,,,,,,,,IL0011829483,2095,185855.79500,118002.36500,לא
פרידנזון,פרדנ,1102219, מניות,6495.00,-0.12,0.06,סוף יום,6503.00,6503.00,6262.00,6262.00,-8.00,,סוף יום,2.4,-9.5,1,1,105986,8,16000,,,1631811,,,,,,,,,,,,,,,,,,,,,,,,IL0011022196,1403
פריון נטוורק,פריון,1095819, מניות,2812.00,-0.88,497.14,סוף יום,2837.00,2837.00,2837.00,2797.00,-25.00,,סוף יום,-3.5,-6.8,183,17678,1095881,17,34000,,,38971586,NASDAQ GSM,,,,,,,,,,,,,,,,,,,,,,,IL0010958192,2240
פריורטק,פרטק,328013, מניות,30690.00,6.01,5897.36,סוף יום,28950.00,29800.00,30730.00,29800.00,1740.00,,סוף יום,8.7,41.1,1387,19368,3639178,2,3500,,,11857863,,,,,,,,,,,,,,,,,,,,,,,,IL0003280133,328
פריורטק   אגח ב,פרטק.ק2,1223965,איגרות חוב,102.94,0.05,0.28,סוף יום,102.89,102.89,103.25,102.89,0.05,,סוף יום,-0.7,3.5,4,272,309849,4800,960000,,,301000000,,,,לא צמוד,4.92000,30/06/2030,,,,,,,,,,,,,,,,,,IL0012239658,328,22824.13500,25968.78500,לא
פריים אנרג אגחב,פרים.ק2,1184662,איגרות חוב,117.60,2.26,111.24,סוף יום,115.00,115.00,118.00,116.57,2.60,,סוף יום,0.0,4.9,12,94676,54549,4300,850000,,,46385111,,,,מדד המחירים לצרכן,4.22534,30/06/2028,,,,,,,102.60,15/01/2022,,,,,,,,,,IL0011846628,1871,18415.76000,9642.34000,לא
פריים אנרג אגחג,פרים.ק3,1217975,איגרות חוב,104.18,0.85,31.28,סוף יום,103.30,103.30,104.19,103.30,0.88,,סוף יום,0.8,5.7,5,30028,312540,4800,970000,,,300000000,,,,לא צמוד,7.35000,31/12/2030,,,,,,,,,,,,,,,,,,IL0012179755,1871,83414.14500,67744.89000,לא
פריים אנרג אגחד,פרים.ק4,1236694,איגרות חוב,100.60,-0.20,73.86,סוף יום,100.80,100.80,100.80,100.10,-0.20,,סוף יום,-0.2,2.9,8,73425,349082,5000,990000,,,347000000,,,,לא צמוד,6.32000,31/12/2032,,,,,,,,,,,,,,,,,,IL0012366949,1871,180412.04500,101169.85500,לא
פריים אנרג'י,פרים,1174457, מניות,4004.00,3.28,1191.11,סוף יום,3877.00,3877.00,4043.00,3796.00,127.00,,סוף יום,-2.3,121.5,472,30566,1644005,12,24000,,,41059078,,,,,,,,,,,,,,,,,,,,,,,,IL0011744575,1871
פרימוטק,פרמג,1175496, מניות,1309.00,-1.50,6.24,סוף יום,1329.00,1329.00,1350.00,1265.00,-20.00,,סוף יום,2.3,3.9,9,477,190490,39,78000,,,14552336,,,,,,,,,,,,,,,,,,,,,,,,IL0011754962,1872
פרפל ביוטק,פפבט,765016, מניות,1.00,0.00,0.11,סוף יום,1.00,1.00,1.00,1.00,0.00,,סוף יום,0.0,-16.7,2,11000,32420,50000,99999999,,,3241963484,NASDAQ-CM,,,,,,,,,,,,,,,,,,,,,,,IL0007650166,765
פרקומט,פרקמ,1187640, מניות,218.80,0.00,0.02,סוף יום,218.80,218.80,215.00,215.00,0.00,,סוף יום,6.2,-49.7,5,10,34005,240,490000,,,15541776,,,,,,,,,,,,,,,,,,,,,,,,IL0011876401,2391
פרש גרופ  אגח א,ארפר.ק1,1224971,איגרות חוב,101.00,-0.13,10.22,סוף יום,101.13,101.13,101.00,101.00,-0.13,,סוף יום,-0.6,0.7,1,10114,60600,4900,980000,,,60000000,,,,לא צמוד,7.95000,30/06/2030,,,,,,,,,,,,,,,,,,IL0012249715,2487,4243.85500,10221.37000,לא
פרשקובסקי,פרשק,1102128, מניות,14320.00,1.56,2321.19,סוף יום,14100.00,13720.00,14530.00,13720.00,220.00,,סוף יום,9.1,-8.2,660,16179,3063512,4,7600,,,21393237,,,,,,,,,,,,,,,,,,,,,,,,IL0011021289,1330
פרשקובסקי אגחטו,פרשק.ק15,1203496,איגרות חוב,104.41,0.14,28.17,סוף יום,104.26,104.26,104.44,104.26,0.15,,סוף יום,0.2,3.8,70,26979,209766,4800,1920000,,,200906000,,,,לא צמוד,5.89000,01/07/2029,,,,,,,,,,,,,,,,,,IL0012034968,1330,200579.15500,146377.78000,לא
פרשקובסקי אגחטז,פרשק.ק16,1223411,איגרות חוב,106.32,0.08,33.67,סוף יום,106.23,106.23,106.32,106.23,0.09,,סוף יום,0.2,4.5,62,31670,318960,4700,1880000,,,300000000,,,,לא צמוד,5.88000,31/12/2031,,,,,,,,,,,,,,,,,,IL0012234113,1330,402829.57500,230969.19500,לא
פרשקובסקי אגחיד,פרשק.ק14,1183623,איגרות חוב,99.54,0.07,6.62,סוף יום,99.47,99.47,99.54,99.54,0.07,,סוף יום,0.1,3.1,8,6646,118453,5000,1010000,,,119000000,,,,לא צמוד,2.00000,31/12/2026,,,,,,,,,,,,,,,,,,IL0011836231,1330,51628.12500,54286.23500,לא
פרשקובסקי אגחיז,פרשק.ק17,1236538,איגרות חוב,101.07,0.13,260.05,סוף יום,100.94,100.94,101.16,100.94,0.13,,סוף יום,0.3,2.1,56,257328,404280,5000,1990000,,,400000000,,,,מדד המחירים לצרכן,2.67000,01/01/2034,,,,,,,103.60,15/01/2026,,,,,,,,,,IL0012365388,1330,702222.48500,721435.75000,כן
פתאל אירו אגח ג,פתאר.ק3,1141852,איגרות חוב,98.81,0.00,101.16,סוף יום,98.81,98.81,98.81,98.76,0.00,,סוף יום,0.3,3.9,57,102383,202413,5100,2030000,,,204850366,,,,לא צמוד,2.65000,30/08/2027,,,,,,,,,,,,,,,,,,IL0011418527,1661,574863.24000,544870.54500,לא
פתאל אירו אגח ד,פתאר.ק4,1168038,איגרות חוב,102.14,-0.07,13.27,סוף יום,102.21,102.21,102.14,102.13,-0.07,,סוף יום,0.1,3.2,5,12994,183852,4900,980000,,,180000000,,,,לא צמוד,4.99000,30/09/2026,,,,,,,,,,,,,,,,,,IL0011680381,1661,75621.32000,73762.86000,לא
פתאל אירו אגח ה,פתאר.ק5,1198886,איגרות חוב,104.85,0.04,60.15,סוף יום,104.81,104.81,104.90,104.81,0.04,,סוף יום,0.2,4.0,77,57369,437069,4800,1910000,,,416852000,,,,לא צמוד,6.37000,01/07/2029,,,,,,,,,,,,,,,,,,IL0011988867,1661,500385.26500,450130.82000,לא
פתאל אירו אגח ו,פתאר.ק6,1219286,איגרות חוב,108.15,0.01,161.42,סוף יום,108.14,108.14,108.15,108.14,0.01,,סוף יום,0.3,4.6,85,149257,756069,4600,1850000,,,699093000,,,,לא צמוד,5.59000,01/10/2034,,,,,,,,,,,,,,,,,,IL0012192865,1661,1449834.71500,1230336.68500,לא
פתאל החז  אגח ג,פתאל.ק3,1161785,איגרות חוב,94.52,0.06,26.30,סוף יום,94.46,94.46,94.53,94.46,0.06,,סוף יום,0.3,4.0,70,27826,461719,5300,2120000,,,488488349,,,,לא צמוד,2.21896,31/08/2031,,,,,,,,,,,,,,,,,,IL0011617854,1621,655648.82500,631744.36500,לא
פתאל החז  אגח ד,פתאל.ק4,1188192,איגרות חוב,116.82,0.15,55.15,סוף יום,116.64,116.64,117.22,116.64,0.18,,סוף יום,0.5,4.3,72,47211,349292,4300,1720000,,,299000000,,,,מדד המחירים לצרכן,3.25000,31/12/2032,,,,,,,105.90,15/07/2022,,,,,,,,,,IL0011881922,1621,379512.22000,559534.91000,לא
פתאל החז  אגח ה,פתאל.ק5,1203942,איגרות חוב,106.13,0.03,329.10,סוף יום,106.10,106.10,106.13,106.10,0.03,,סוף יום,0.2,4.2,84,310115,697216,4700,1890000,,,656945000,,,,לא צמוד,6.33000,31/08/2032,,,,,,,,,,,,,,,,,,IL0012039421,1621,760942.64000,620373.73000,לא
פתאל החז  אגח ו,פתאל.ק6,1243591,איגרות חוב,100.41,0.01,466.61,סוף יום,100.40,100.40,100.80,100.40,0.01,,סוף יום,-0.1,0.4,35,463826,394484,5000,1000000,,,392873000,,,,לא צמוד,4.65000,30/06/2036,,,,,,,,,,,,,,,,,,IL0012435918,1621,734378.70000,352156.02000,לא
פתאל החזקאג 1-ס,פתאל.ה1ס,1169721, איגרות חוב להמרה ,180.60,0.00,0.00,סוף יום,180.60,180.60,0.00,0.00,0.00,,סוף יום,0.0,14.3,0,0,3407,280,94000,,,1886260,,,,לא צמוד,4.00000,15/05/2028,פתאל החזקות,01143429,IL0011434292,430.0000000,74990.00,05/05/2028,,,,,,,,,,,,IL0011697211,1621
פתאל החזקות,פתאל,1143429, מניות,74990.00,-0.57,8705.69,סוף יום,75420.00,74910.00,75840.00,74680.00,-430.00,,סוף יום,5.2,15.1,1013,11589,12373395,1,1400,,,16500060,,,,,,,,,,,,,,,,,,,,,,,,IL0011434292,1621
צור,צור,730010, מניות,1418.00,2.01,773.96,סוף יום,1390.00,1390.00,1444.00,1400.00,28.00,,סוף יום,4.7,22.9,137,54438,928746,36,72000,בלי דיבידנד,0.99357,65496918,,,,,,,,,,,,,,,,,,,,,,,,IL0007300101,730
צור       אגח י,צור.ק10,7300171,איגרות חוב,121.80,0.08,58.44,סוף יום,121.70,121.70,121.91,121.27,0.10,,סוף יום,0.2,3.8,7,48019,456981,4100,820000,,,375189463,,,,מדד המחירים לצרכן,3.70000,30/06/2028,,,,,,,101.20,15/06/2018,,,,,,,,,,IL0073001716,730,231269.94500,332607.85000,לא
צור      אגח יא,צור.ק11,7300247,איגרות חוב,115.45,0.36,70.80,סוף יום,115.04,115.04,115.60,115.04,0.41,,סוף יום,0.5,3.5,11,61386,288048,4400,870000,,,249500252,,,,מדד המחירים לצרכן,2.50000,30/06/2030,,,,,,,101.30,15/06/2021,,,,,,,,,,IL0073002474,730,138675.95000,123070.32000,לא
צור      אגח יב,צור.ק12,1205798,איגרות חוב,115.00,0.00,128.03,סוף יום,115.00,115.00,115.24,114.71,0.00,,סוף יום,0.0,5.2,20,111317,421655,4300,870000,,,366656419,,,,לא צמוד,7.60000,01/07/2035,,,,,,,,,,,,,,,,,,IL0012057985,730,73346.95000,38497.00000,לא
צור      אגח יג,צור.ק13,1224666,איגרות חוב,107.02,-0.07,355.97,סוף יום,107.10,107.10,107.30,107.00,-0.08,,סוף יום,0.0,4.3,10,332616,508116,4700,930000,,,474785668,,,,מדד המחירים לצרכן,4.10000,30/06/2037,,,,,,,102.80,15/06/2025,,,,,,,,,,IL0012246661,730,115196.18000,140057.49000,לא
צילו-בלו,צילו,1102532, מניות,327.70,-0.06,172.53,סוף יום,327.90,332.50,332.50,325.10,-0.20,,סוף יום,9.2,11.0,112,52562,328774,170,330000,,,100327621,,,,,,,,,,,,,,,,,,,,,,,,IL0011025322,1331
צרפתי,צרפת,425017, מניות,3384.00,2.45,348.33,סוף יום,3303.00,3303.00,3455.00,3347.00,81.00,,סוף יום,10.8,-23.7,67,10262,627907,16,33000,,,18555173,,,,,,,,,,,,,,,,,,,,,,,,IL0004250176,425
צרפתי    אגח יב,צרפת.ק12,4250270,איגרות חוב,101.20,0.00,0.00,סוף יום,101.20,101.20,0.00,0.00,0.00,,סוף יום,0.3,3.4,0,0,88550,5000,990000,,,87500000,,,,לא צמוד,5.10000,30/06/2027,,,,,,,,,,,,,,,,,,IL0042502703,425,91135.48500,19566.26000,לא
צרפתי    אגח יג,צרפת.ק13,1204734,איגרות חוב,102.86,0.04,25.45,סוף יום,102.82,102.82,102.87,102.82,0.04,,סוף יום,0.0,3.6,64,24746,221149,4900,1940000,,,215000000,,,,לא צמוד,5.79000,01/07/2029,,,,,,,,,,,,,,,,,,IL0012047341,425,231512.60500,262767.27000,לא
צרפתי    אגח יד,צרפת.ק14,1234798,איגרות חוב,100.97,0.18,35.91,סוף יום,100.79,100.79,101.00,100.79,0.18,,סוף יום,0.2,3.2,61,35564,201940,5000,1980000,,,200000000,,,,לא צמוד,4.99000,31/12/2032,,,,,,,,,,,,,,,,,,IL0012347980,425,219196.68000,134119.11500,לא
קאנדו דרונס,קנדו,1244581, מניות,365.70,0.63,66.47,סוף יום,363.40,369.00,369.00,310.00,2.30,,סוף יום,-5.4,-11.5,20,18083,83604,130,260000,,,22861408,,,,,,,,,,,,,,,,,,,,,,,,IL0012445818,2578
קאנדו דרונס אפ1,קנדו.א1,1244599, כתבי אופציה ,108.50,0.00,0.00,סוף יום,108.50,108.50,0.00,0.00,0.00,,סוף יום,9.0,5.3,0,0,3364,130,160000,,,3100383,,,,,,,,,,,,,,,696.0000000 ,696.0000000,לא צמוד,06/07/2028,1.0000000,קאנדו דרונס,365.70,,,IL0012445990,2578
קבוצת אקרשטיין,אקרש,1176205, מניות,749.20,0.38,862.47,סוף יום,746.40,746.40,754.00,741.90,2.80,,סוף יום,2.7,-14.0,340,115297,2161446,69,140000,,,288500487,,,,,,,,,,,,,,,,,,,,,,,,IL0011762056,1896
קבוצת תדהר,תדהר,1242528, מניות,15510.00,5.15,26419.18,סוף יום,14750.00,14750.00,15570.00,14740.00,760.00,,סוף יום,11.5,3.5,1057,175051,7868458,4,7200,,,50731513,,,,,,,,,,,,,,,,,,,,,,,,IL0012425281,2557
קוהאן     אגח א,קהאן.ק1,1237874,איגרות חוב,91.68,0.35,114.35,סוף יום,91.36,91.36,92.04,91.35,0.32,,סוף יום,-3.9,-5.3,50,124896,377722,5200,2100000,,,412000000,,,,לא צמוד,7.75000,31/07/2030,,,,,,,,,,,,,,,,,,IL0012378746,2532,632549.85000,245387.07500,כן
קווינקו,קנקו,386011, מניות,820.00,2.67,8.21,סוף יום,798.70,798.70,820.00,820.00,21.30,,סוף יום,-0.1,19.9,3,1001,246220,61,120000,,,30026796,,,,,,,,,,,,,,,,,,,,,,,,IL0003860116,386
קווליטאו,קלטו,1083955, מניות,35500.00,5.37,7544.67,סוף יום,33690.00,33690.00,35830.00,33690.00,1810.00,,סוף יום,8.6,-40.6,2833,21458,1738076,1,3000,בלי דיבידנד,0.99469,4895989,,,,,,,,,,,,,,,,,,,,,,,,IL0010839558,1093
קומפיוגן,קמפג,1085208, מניות,779.10,-1.25,116.20,סוף יום,789.00,789.00,795.40,766.40,-9.90,,סוף יום,2.1,66.5,31,14932,728734,66,130000,,,93535357,NASDAQ-CM,,,,,,,,,,,,,,,,,,,,,,,IL0010852080,2188
קונטיניואל-ש,קנטל-ש,1182260, מניות,94.80,0.00,0.00,סוף יום,94.80,94.80,0.00,0.00,0.00,,סוף יום,0.0,11.1,0,0,7239,530,380000,,,7636334,,02/05/2024,,,,,,,,,,,,,,,,,,,,,,IL0011822603,1991
קופרליין  אגח ד,קפלן.ק4,1204718,איגרות חוב,91.23,-1.13,858.67,סוף יום,92.27,92.27,92.00,90.98,-1.04,,סוף יום,-4.3,-5.8,23,940985,282084,5200,1050000,,,309200580,,,,לא צמוד,7.50000,31/03/2030,,,,,,,,,,,,,,,,,,IL0012047184,1648,179892.58000,168794.56000,לא
קופרליין  אגח ה,קפלן.ק5,1224070,איגרות חוב,98.89,0.56,30.44,סוף יום,98.34,98.34,98.99,98.79,0.55,,סוף יום,0.9,2.0,12,30786,162674,5100,1020000,,,164500000,,,,לא צמוד,6.01616,30/06/2028,,,,,,,,,,,,,,,,,,IL0012240706,1648,86243.83000,83849.71000,לא
קטה גרופ אגח א,קטהג.ק1,1233386,איגרות חוב,104.84,0.00,0.00,סוף יום,104.84,104.84,0.00,0.00,0.00,,סוף יום,2.2,8.1,0,0,108679,4900,980000,,,103662000,,,,לא צמוד,6.36000,31/12/2029,,,,,,,,,,,,,,,,,,IL0012333865,2521,0.00000,0.00000,לא
קיסטון אינ אגחא,קסטנ.ק1,1182187,איגרות חוב,111.53,0.12,64.19,סוף יום,111.40,111.40,111.61,111.39,0.13,,סוף יום,0.4,4.3,61,57560,597801,4500,1800000,,,536000000,,,,מדד המחירים לצרכן,0.75000,31/12/2031,,,,,,,102.40,15/11/2021,,,,,,,,,,IL0011821878,1904,438979.02500,379887.71000,לא
קיסטון אינ אגחב,קסטנ.ק2,1215078,איגרות חוב,106.90,0.00,789.95,סוף יום,106.90,106.90,107.05,106.89,0.00,,סוף יום,0.1,4.2,104,738872,994621,4700,1870000,,,930422000,,,,לא צמוד,5.88000,30/06/2032,,,,,,,,,,,,,,,,,,IL0012150780,1904,1420822.99000,1046305.32000,לא
קיסטון אינפרא,קסטנ,1175934, מניות,2153.00,1.17,7793.07,סוף יום,2128.00,2117.00,2157.00,2117.00,25.00,,סוף יום,3.6,122.6,1448,363052,4635013,24,48000,,,215281595,,,,,,,,,,,,,,,,,,,,,,,,IL0011759342,1904
קליל,קליל,797035, מניות,17810.00,0.39,2.14,סוף יום,17740.00,18200.00,18200.00,17770.00,70.00,,סוף יום,-0.4,-7.5,5,12,395726,3,5600,,,2221932,,,,,,,,,,,,,,,,,,,,,,,,IL0007970358,797
קמהדע,קמדע,1094119, מניות,2491.00,0.44,2250.05,סוף יום,2480.00,2489.00,2497.00,2469.00,11.00,,סוף יום,1.7,15.8,675,90400,1436844,20,41000,,,57681420,NASDAQ GSM,,,,,,,,,,,,,,,,,,,,,,,IL0010941198,1267
קמטק,קמטק,1095264, מניות,42600.00,7.79,22850.53,סוף יום,39520.00,41650.00,42600.00,41500.00,3080.00,,סוף יום,6.3,24.4,2835,54356,19522785,1,5000,,,45828133,NASDAQ-GM,,,,,,,,,,,,,,,,,,,,,,,IL0010952641,2174
קנדה גלוב אגח א,קנגל.ק1,1218171,איגרות חוב,96.78,-0.25,150.54,סוף יום,97.02,97.02,97.49,96.75,-0.24,,סוף יום,-1.0,0.4,13,155422,209428,5100,1020000,,,216396000,,,,לא צמוד,6.50000,31/12/2029,,,,,,,,,,,,,,,,,,IL0012181710,106,182571.75000,157125.84000,לא
קנדה גלובל,קנגל,106013, מניות,826.10,6.47,5.37,סוף יום,775.90,744.90,850.00,744.90,50.20,,סוף יום,21.8,-24.7,23,650,493087,74,150000,,,59688509,,,,,,,,,,,,,,,,,,,,,,,,IL0001060131,106
קנדה גלובל אפ 1,קנגל.אפ1,1218189, כתבי אופציה ,136.40,0.00,0.53,סוף יום,136.40,136.40,136.40,136.40,0.00,,סוף יום,3.0,-69.5,1,390,4781,74,180000,,,3505128,,,,,,,,,,,,,,,1675.0000000 ,1675.0000000,לא צמוד,27/02/2029,1.0000000,קנדה גלובל,826.10,,,IL0012181892,106
קנון,קנון,1134139, מניות,21100.00,4.82,6559.61,סוף יום,20130.00,20240.00,21150.00,20120.00,970.00,,סוף יום,3.4,5.1,1019,31699,10994872,2,9800,,,52108397,NYSE,,,,,,,,,,,,,,,,,,,,,,,SG9999012629,1635
קנזון-ש,קנזנ-ש,1096007, מניות,88.00,0.00,0.00,סוף יום,88.00,88.00,0.00,0.00,0.00,,סוף יום,0.0,-26.7,0,0,4343,570,250000,,,4935306,,23/01/2025,,,,,,,,,,,,,,,,,,,,,,IL0010960073,1304
קסטלן     אגח א,קסטל.ק1,1224864,איגרות חוב,96.69,-0.14,493.08,סוף יום,96.83,96.83,97.99,96.59,-0.14,,סוף יום,-0.4,0.2,51,509940,152287,5200,2060000,,,157500000,,,,לא צמוד,6.85000,01/07/2030,,,,,,,,,,,,,,,,,,IL0012248642,2484,176580.75000,105137.37500,לא
קסטלן     אגח ב,קסטל.ק2,1224880,איגרות חוב,98.90,-0.11,1978.43,סוף יום,99.01,99.01,99.02,98.89,-0.11,,סוף יום,-0.1,1.6,58,1999179,385710,5100,2020000,,,390000000,,,,לא צמוד,5.85000,01/07/2030,,,,,,,,,,,,,,,,,,IL0012248808,2484,164497.27000,89696.40000,לא
קסטרו,קסטרו,280016, מניות,17720.00,-0.11,118.00,סוף יום,17740.00,17740.00,17740.00,17640.00,-20.00,,סוף יום,9.7,22.2,39,666,1518274,3,6200,,,8568135,,,,,,,,,,,,,,,,,,,,,,,,IL0002800162,280
קפיטל פוינט,קפטל,1097146, מניות,45.30,0.00,0.00,סוף יום,45.30,45.30,0.00,0.00,0.00,,סוף יום,-1.3,-10.7,0,0,60512,1100,2180000,,,133581068,,,,,,,,,,,,,,,,,,,,,,,,IL0010971468,1325
קרדיטו    אגח א,קרדט.ק1,1210327,איגרות חוב,117.50,0.13,40.86,סוף יום,117.35,117.35,117.50,117.50,0.15,,סוף יום,0.2,-1.4,2,34770,233101,4300,850000,,,198383627,,,,לא צמוד,6.30000,12/04/2051,,,,,,,,,,,,,,,,,,IL0012103276,2425,30273.14000,35237.33500,לא
קרדן      אגח ה,קריש.ק5,1210202,איגרות חוב,99.62,0.00,0.00,סוף יום,99.62,99.62,0.00,0.00,0.00,,סוף יום,-1.5,4.4,0,0,50032,4900,990000,,,50222376,,,,לא צמוד,2.97000,31/05/2027,,,,,,,,,,,,,,,,,,IL0012102021,121,5786.59500,10214.79500,לא
קרדן אןוי אגח א,קרנו.ק1,1105535,איגרות חוב,4.45,0.00,0.00,סוף יום,4.45,4.45,0.00,0.00,0.00,,סוף יום,0.0,-27.0,0,0,3851,110000,4330000,,,86538656,,,,מדד המחירים לצרכן,6.80000,31/12/2026,,,,,,,100.40,15/11/2020,,,,,,,,,,IL0011055352,1154,0.00000,0.00000,לא
קרדן אןוי אגח ב,קרנו.ק2,1113034,איגרות חוב,22.00,0.00,0.00,סוף יום,22.00,22.00,0.00,0.00,0.00,,סוף יום,0.0,-22.9,0,0,99912,23000,4550000,,,454145280,,,,מדד המחירים לצרכן,6.80000,31/12/2026,,,,,,,100.40,15/11/2020,,,,,,,,,,IL0011130346,1154,0.00000,0.00000,לא
קרדן ישראל,קרדי,1210152, מניות,610.00,-1.25,34.49,סוף יום,617.70,620.70,620.70,605.10,-7.70,,סוף יום,4.8,30.8,41,5654,894232,86,170000,,,146595456,,,,,,,,,,,,,,,,,,,,,,,,IL0012101528,121
קרדן נדלן,קרנז,1118447, מניות,553.60,1.02,57.43,סוף יום,548.00,556.00,568.90,548.20,5.60,,סוף יום,9.7,-4.8,75,10373,1036105,99,200000,,,187157625,,,,,,,,,,,,,,,,,,,,,,,,IL0011184475,1083
קרדן נדלן אגח ד,קרנז.ק4,1162353,איגרות חוב,99.45,0.00,0.00,סוף יום,99.45,99.45,0.00,0.00,0.00,,סוף יום,0.0,3.6,0,0,38659,5000,1010000,,,38873250,,,,לא צמוד,2.40000,31/12/2026,,,,,,,,,,,,,,,,,,IL0011623530,1083,0.00000,0.00000,לא
קרדן נדלן אגח ה,קרנז.ק5,1172725,איגרות חוב,97.73,0.00,9.00,סוף יום,97.73,97.73,97.73,97.73,0.00,,סוף יום,-0.1,3.8,57,9205,175348,5100,2040000,,,179420663,,,,לא צמוד,2.50000,31/12/2028,,,,,,,,,,,,,,,,,,IL0011727257,1083,146803.26000,135661.89500,לא
קרדן נדלן אגח ו,קרנד.ק6,1217553,איגרות חוב,103.08,0.01,493.87,סוף יום,103.07,103.07,103.08,103.00,0.01,,סוף יום,0.2,3.8,71,479132,388107,4900,1940000,,,376510000,,,,לא צמוד,5.46000,31/12/2030,,,,,,,,,,,,,,,,,,IL0012175530,1083,275056.65000,93518.02000,לא
קרור,קרור,621011, מניות,8258.00,0.49,247.07,סוף יום,8218.00,8238.00,8319.00,8218.00,40.00,,סוף יום,3.2,1.0,52,2994,1038653,6,13000,,,12577534,,,,,,,,,,,,,,,,,,,,,,,,IL0006210111,621
קרסו מוט  אגח ז,קרסמ.ק7,1236678,איגרות חוב,102.09,0.07,961.55,סוף יום,102.02,102.02,102.13,102.02,0.07,,סוף יום,0.2,2.8,82,941868,476454,4900,1960000,,,466700000,,,,מדד המחירים לצרכן,2.41000,29/05/2033,,,,,,,103.30,15/02/2026,,,,,,,,,,IL0012366782,1585,1047378.44000,1175389.88500,כן
קרסו מוט' אגח ג,קרסמ.ק3,1141829,איגרות חוב,98.57,-0.02,38.27,סוף יום,98.59,98.29,98.61,98.29,-0.02,,סוף יום,0.2,3.4,58,38829,406294,5100,2030000,,,412188273,,,,לא צמוד,2.30000,01/09/2027,,,,,,,,,,,,,,,,,,IL0011418295,1585,1075445.06500,503031.79500,לא
קרסו מוט' אגח ד,קרסמ.ק4,1173566,איגרות חוב,98.67,0.05,251.31,סוף יום,98.62,98.62,98.69,98.59,0.05,,סוף יום,0.3,3.6,71,254728,482483,5100,2030000,,,488987004,,,,לא צמוד,2.15000,01/10/2028,,,,,,,,,,,,,,,,,,IL0011735664,1585,635956.96500,386639.73500,לא
קרסו מוט' אגח ה,קרסמ.ק5,1202779,איגרות חוב,103.38,0.03,3225.04,סוף יום,103.35,103.35,103.38,103.34,0.03,,סוף יום,0.2,3.9,59,3119636,176585,4800,1940000,,,170811360,,,,לא צמוד,5.05000,27/06/2031,,,,,,,,,,,,,,,,,,IL0012027798,1585,107310.75000,64606.71500,לא
קרסו מוט' אגח ו,קרסמ.ק6,1226224,איגרות חוב,102.79,0.04,130.58,סוף יום,102.75,102.75,102.80,102.75,0.04,,סוף יום,0.3,3.3,61,127031,441116,4900,1950000,,,429143144,,,,לא צמוד,5.04000,28/01/2033,,,,,,,,,,,,,,,,,,IL0012262247,1585,667562.27000,409314.74000,לא
קרסו מוטורס,קרסמ,1123850, מניות,2819.00,2.17,1761.41,סוף יום,2759.00,2759.00,2829.00,2753.00,60.00,,סוף יום,6.5,-11.5,652,62929,2666202,19,38000,,,94579693,,,,,,,,,,,,,,,,,,,,,,,,IL0011238503,1585
קרסו נדלן,קרסנ,1187962, מניות,3555.00,3.46,1333.04,סוף יום,3436.00,3439.00,3592.00,3439.00,119.00,,סוף יום,17.7,-5.4,269,37852,2058790,17,33000,,,57912522,,,,,,,,,,,,,,,,,,,,,,,,IL0011879629,2384
קרסו נדלן אגח א,קרסנ.ק1,1190008,איגרות חוב,102.62,-0.03,29.47,סוף יום,102.65,102.65,102.65,102.62,-0.03,,סוף יום,0.0,3.3,77,28715,571905,4900,1950000,,,557304000,,,,לא צמוד,5.34000,30/11/2029,,,,,,,,,,,,,,,,,,IL0011900086,2384,502244.78000,273542.57000,לא
קרסו נדלן אגח ב,קרסנ.ק2,1216233,איגרות חוב,104.83,0.05,368.31,סוף יום,104.78,104.78,104.91,104.78,0.05,,סוף יום,0.4,3.2,104,351342,763032,4800,1920000,,,727876000,,,,לא צמוד,5.74000,31/12/2032,,,,,,,,,,,,,,,,,,IL0012162330,2384,1533697.26000,1041697.56000,לא
קשרי תעופה,קשרתע,413013, מניות,1660.00,0.61,21.00,סוף יום,1650.00,1650.00,1752.00,1620.00,10.00,,סוף יום,-1.1,-6.4,9,1265,127108,30,60000,,,7657122,,,,,,,,,,,,,,,,,,,,,,,,IL0004130139,413
ראלקו,רלקו,393017, מניות,4167.00,-3.03,137.80,סוף יום,4297.00,4297.00,4297.00,4140.00,-130.00,,סוף יום,-8.4,12.3,37,3297,170136,11,22000,,,4082947,,,,,,,,,,,,,,,,,,,,,,,,IL0003930174,393
רב בריח,בריח,1179993, מניות,138.10,0.36,134.85,סוף יום,137.60,137.60,141.00,135.50,0.50,,סוף יום,5.3,3.0,27,97675,587165,380,760000,,,425173756,,,,,,,,,,,,,,,,,,,,,,,,IL0011799934,1949
רב בריח    אג א,בריח.ה1,1209824, איגרות חוב להמרה ,154.50,0.32,85.56,סוף יום,154.00,154.00,154.50,154.50,0.50,,סוף יום,6.9,5.5,6,55379,79749,350,350000,,,51617177,,,,לא צמוד,5.50000,01/07/2029,רב בריח,01179993,IL0011799934,0.8900000,138.10,20/06/2029,,,,,,,,,,,,IL0012098245,1949
רבד,רבד,526012, מניות,858.90,-1.75,0.88,סוף יום,874.20,839.20,839.20,839.20,-15.30,,סוף יום,2.7,54.8,9,105,224781,60,120000,,,26170805,,,,,,,,,,,,,,,,,,,,,,,,IL0005260125,526
רבוע נדלן,רבנד,1098565, מניות,34510.00,0.82,1687.93,סוף יום,34230.00,34260.00,34800.00,34230.00,280.00,,סוף יום,15.0,-9.7,616,4896,4209931,2,3300,,,12199163,,,,,,,,,,,,,,,,,,,,,,,,IL0010985658,1349
רבוע נדלן אגח ו,רבנד.ק6,1140607,איגרות חוב,122.12,-0.05,1077.08,סוף יום,122.18,122.18,122.18,122.02,-0.06,,סוף יום,0.1,3.6,29,881932,855407,4100,820000,,,700464000,,,,מדד המחירים לצרכן,2.15000,30/11/2026,,,,,,,99.80,15/03/2017,,,,,,,,,,IL0011406076,1349,536076.00500,672921.25500,לא
רבוע נדלן אגח ז,רבנד.ק7,1140615,איגרות חוב,122.29,0.00,149.83,סוף יום,122.29,122.29,122.29,121.91,0.00,,סוף יום,0.0,4.2,18,122583,177454,4100,820000,,,145109446,,,,מדד המחירים לצרכן,1.60000,30/11/2026,,,,,,,99.80,15/03/2017,,,,,,,,,,IL0011406159,1349,72187.70000,89673.95500,לא
רבוע נדלן אגח ח,רבנד.ק8,1157569,איגרות חוב,119.25,0.04,21.92,סוף יום,119.20,119.20,119.25,119.25,0.05,,סוף יום,0.4,3.7,57,18380,990769,4200,1680000,,,830833645,,,,מדד המחירים לצרכן,1.42000,31/10/2028,,,,,,,100.20,15/03/2019,,,,,,,,,,IL0011575698,1349,427432.97500,273282.55000,לא
רבוע נדלן אגח ט,רבנד.ק9,1174556,איגרות חוב,112.07,0.19,59258.97,סוף יום,111.86,111.86,112.12,111.86,0.21,,סוף יום,0.2,3.8,439,52869497,3173816,4500,1790000,,,2831994075,,,,מדד המחירים לצרכן,1.15000,01/07/2035,,,,,,,100.00,15/03/2021,,,,,,,,,,IL0011745564,1349,3737967.47000,3776424.85000,לא
רבוע נדלן אגח י,רבנד.ק10,1213396,איגרות חוב,99.87,0.08,286.47,סוף יום,99.79,99.79,99.88,99.79,0.08,,סוף יום,0.3,3.6,62,286845,898446,5000,2010000,,,899616000,,,,מדד המחירים לצרכן,1.50000,30/09/2039,,,,,,,108.60,15/10/2024,,,,,,,,,,IL0012133968,1349,453551.29000,530814.04000,לא
רבל,רבל,1103878, מניות,158.10,-0.13,0.15,סוף יום,158.30,158.30,156.10,156.10,-0.20,,סוף יום,-2.2,-11.4,4,97,129695,310,620000,,,82033551,,,,,,,,,,,,,,,,,,,,,,,,IL0011038788,1436
רגא שרותים,רגאש,1226885, מניות,100.60,-1.08,205.30,סוף יום,101.70,104.60,104.60,100.30,-1.10,,סוף יום,0.6,23.6,60,202025,329959,500,1000000,,,327990987,,,,,,,,,,,,,,,,,,,,,,,,IL0012268855,2489
רגא שרותים אפ 1,רגאש.א1,1226893, כתבי אופציה ,41.70,0.00,0.00,סוף יום,41.70,41.70,0.00,0.00,0.00,,סוף יום,6.9,52.7,0,0,2628,500,320000,,,6301994,,,,,,,,,,,,,,,64.5400000 ,64.5400000,לא צמוד,25/10/2027,1.0000000,רגא שרותים,100.60,,,IL0012268939,2489
רגא שרותים אפ 2,רגאש.א2,1226901, כתבי אופציה ,52.00,0.00,0.00,סוף יום,52.00,52.00,0.00,0.00,0.00,,סוף יום,16.6,61.0,0,0,5963,500,570000,,,11467331,,,,,,,,,,,,,,,56.5400000 ,56.5400000,לא צמוד,25/10/2027,1.0000000,רגא שרותים,100.60,,,IL0012269010,2489
רגא שרותים אפ 3,רגאש.א3,1236330, כתבי אופציה ,8.20,-2.38,1.22,סוף יום,8.40,8.40,8.20,8.10,-0.20,,סוף יום,-5.7,-1.2,3,15000,1598,500,970000,,,19489150,,,,,,,,,,,,,,,150.0000000 ,150.0000000,לא צמוד,31/12/2027,1.0000000,רגא שרותים,100.60,,,IL0012363300,2489
רובוגרופ,רבגפ,266015, מניות,43.90,0.00,0.00,סוף יום,43.90,43.90,0.00,0.00,0.00,,סוף יום,0.7,-31.5,0,0,26022,1100,2290000,,,59275771,OTC,,,,,,,,,,,,,,,,,,,,,,,IL0002660152,266
רוטשטיין,רשטן,539015, מניות,7601.00,1.39,183.45,סוף יום,7497.00,7497.00,7660.00,7497.00,104.00,,סוף יום,9.3,-14.0,103,2416,1329379,7,14000,,,17489524,,,,,,,,,,,,,,,,,,,,,,,,IL0005390153,539
רוטשטיין  אגח י,רשטן.ק10,5390273,איגרות חוב,100.30,0.00,0.00,סוף יום,100.30,100.30,0.00,0.00,0.00,,סוף יום,0.0,3.5,0,0,30090,5000,1000000,,,30000000,,,,לא צמוד,4.48000,14/07/2027,,,,,,,,,,,,,,,,,,IL0053902735,539,4292.84000,0.00000,לא
רוטשטיין אגח יב,רשטן.ק12,1204189,איגרות חוב,103.38,0.28,27.56,סוף יום,103.09,103.09,103.39,103.09,0.29,,סוף יום,0.3,3.4,13,26654,103385,4900,970000,,,100005000,,,,לא צמוד,7.33000,14/01/2028,,,,,,,,,,,,,,,,,,IL0012041898,539,65587.92500,71067.08500,לא
רוטשטיין אגח יג,רשטן.ק13,1212646,איגרות חוב,106.34,0.00,0.00,סוף יום,106.34,106.34,0.00,0.00,0.00,,סוף יום,0.1,3.9,0,0,96382,4700,940000,,,90636000,,,,מדד המחירים לצרכן,3.45000,14/01/2030,,,,,,,108.80,15/09/2024,,,,,,,,,,IL0012126467,539,0.00000,10610.50000,לא
רוטשטיין אגח יד,רשטן.ק14,1230762,איגרות חוב,101.14,0.07,74.12,סוף יום,101.07,101.07,101.18,101.06,0.07,,סוף יום,0.2,5.3,55,73269,181665,5000,1980000,,,179617000,,,,לא צמוד,5.19000,14/01/2033,,,,,,,,,,,,,,,,,,IL0012307620,539,131341.73500,103028.75500,לא
רוסטיק בייקרי,רסטק,1242726, מניות,1764.00,-2.76,2421.76,סוף יום,1814.00,1814.00,1884.00,1680.00,-50.00,,סוף יום,-11.1,-36.3,166,140715,615460,25,50000,,,34890000,,,,,,,,,,,,,,,,,,,,,,,,IL0012427261,2563
רותם אנרג אפ 10,רתאנ.א10,1246057, כתבי אופציה ,30.20,0.00,0.00,סוף יום,30.20,30.20,0.00,0.00,0.00,,סוף יום,-27.1,-68.1,0,0,93,270,15000,,,306430,,,,,,,,,,,,,,,271.0000000 ,271.0000000,לא צמוד,11/08/2027,1.0000000,רותם אנרגיה יהש,181.50,,,IL0012460577,1693
רותם אנרגיה יהש,רתאנ,1147750,יחידת השתתפות,181.50,-2.52,25.17,סוף יום,186.20,186.20,185.00,179.00,-4.70,,סוף יום,-1.5,-78.4,11,13873,3375,270,93000,,,1859562,,,,,,,,,,,,,,,,,,,,,,,,IL0011477507,1693
רותם שני,רתשנ,1171529, מניות,3055.00,-1.04,10.39,סוף יום,3087.00,3087.00,3114.00,3025.00,-32.00,,סוף יום,1.2,-4.0,30,340,459905,17,33000,,,15054187,,,,,,,,,,,,,,,,,,,,,,,,IL0011715294,1797
רותם שני   אפ 2,רתשנ.א2,1209303, כתבי אופציה ,1262.00,0.00,0.00,סוף יום,1262.00,1262.00,0.00,0.00,0.00,,סוף יום,0.0,-10.1,0,0,26457,17,40000,,,2096455,,,,,,,,,,,,,,,2528.9150000 ,2528.9150000,לא צמוד,25/10/2027,1.0000000,רותם שני,3055.00,,,IL0012093030,1797
רותם שני  אגח ג,רתשנ.ק3,1209295,איגרות חוב,102.85,0.05,0.19,סוף יום,102.80,102.80,103.35,102.80,0.05,,סוף יום,-0.1,3.5,5,185,210976,4900,970000,,,205130000,,,,לא צמוד,6.50000,01/04/2029,,,,,,,,,,,,,,,,,,IL0012092958,1797,17680.83500,20196.26500,לא
ריט 1,ריט1,1098920, מניות,2302.00,1.63,3320.46,סוף יום,2265.00,2265.00,2313.00,2264.00,37.00,,סוף יום,6.5,-13.0,578,144435,4658303,23,46000,,,202358948,,,,,,,,,,,,,,,,,,,,,,,,IL0010989205,1357
ריט 1     אגח ה,ריט1.ק5,1136753,איגרות חוב,124.72,0.03,95.09,סוף יום,124.68,124.68,124.78,124.63,0.04,,סוף יום,0.1,3.5,78,76224,750310,4000,1610000,,,601595637,,,,מדד המחירים לצרכן,4.00000,20/09/2028,,,,,,,99.50,15/10/2015,,,,,,,,,,IL0011367534,1357,367275.17000,292177.71000,לא
ריט 1     אגח ו,ריט1.ק6,1138544,איגרות חוב,127.59,0.04,3339.39,סוף יום,127.54,127.54,127.65,127.54,0.05,,סוף יום,0.3,4.0,61,2617476,863256,3900,1570000,,,676586023,,,,מדד המחירים לצרכן,3.50000,21/09/2031,,,,,,,98.50,15/05/2016,,,,,,,,,,IL0011385445,1357,509462.24500,200617.24000,לא
ריט 1     אגח ז,ריט1.ק7,1171271,איגרות חוב,121.80,0.07,3578.17,סוף יום,121.72,121.72,121.92,121.72,0.08,,סוף יום,0.5,3.9,99,2937245,1643673,4100,1650000,,,1349485575,,,,מדד המחירים לצרכן,2.50000,20/09/2034,,,,,,,100.20,15/12/2020,,,,,,,,,,IL0011712713,1357,1130553.39000,1065198.20500,לא
ריט 1     אגח ח,ריט1.ק8,1224096,איגרות חוב,114.38,0.11,498.97,סוף יום,114.25,114.25,114.39,114.25,0.13,,סוף יום,0.4,3.9,71,436318,1144381,4400,1760000,,,1000508000,,,,מדד המחירים לצרכן,4.00000,20/09/2038,,,,,,,102.80,15/06/2025,,,,,,,,,,IL0012240961,1357,893023.97500,2660016.61500,לא
ריט אזורים אגחא,אזרט.ק1,1175769,איגרות חוב,110.41,0.09,513.16,סוף יום,110.31,110.31,110.50,110.31,0.10,,סוף יום,0.5,4.3,71,464833,330036,4600,1820000,,,298918632,,,,מדד המחירים לצרכן,0.64000,30/06/2030,,,,,,,100.90,15/05/2021,,,,,,,,,,IL0011757692,1794,370405.78500,774967.47000,לא
ריט אזורים אגחג,אזרט.ק3,1216118,איגרות חוב,106.15,1.19,25.47,סוף יום,104.90,104.90,106.15,104.90,1.25,,סוף יום,1.4,4.1,31,23992,318363,4800,1910000,,,299918000,,,,מדד המחירים לצרכן,3.59000,31/12/2029,,,,,,,108.70,15/12/2024,,,,,,,,,,IL0012161183,1794,249822.31000,217500.86000,לא
ריט אזורים אגחד,אזרט.ק4,1234491,איגרות חוב,102.43,0.09,26.79,סוף יום,102.34,102.34,102.43,102.34,0.09,,סוף יום,0.1,3.7,63,26152,207933,4900,1950000,,,203000000,,,,מדד המחירים לצרכן,2.59000,31/12/2028,,,,,,,103.60,15/12/2025,,,,,,,,,,IL0012344912,1794,183445.78500,191041.69500,לא
ריט אזורים ליוי,אזרט,1162775, מניות,627.10,1.32,7.50,סוף יום,618.90,618.90,642.90,622.00,8.20,,סוף יום,1.7,5.0,25,1196,637631,81,160000,,,101679316,,,,,,,,,,,,,,,,,,,,,,,,IL0011627754,1794
ריטייל מיינדס-ש,רטמד-ש,1173723, מניות,17.00,0.00,0.00,סוף יום,17.00,17.00,0.00,0.00,0.00,,סוף יום,0.0,-19.0,0,0,7710,2900,2270000,,,45352800,,22/05/2025,,,,,,,,,,,,,,,,,,,,,,IL0011737231,1847
ריטיילורס,רטלס,1175488, מניות,2010.00,2.92,3029.09,סוף יום,1953.00,1953.00,2042.00,1944.00,57.00,,סוף יום,6.4,-52.7,551,151037,978571,26,53000,,,48685116,,,,,,,,,,,,,,,,,,,,,,,,IL0011754889,1908
ריי טי אל אפ1,רטל.א1,1244946, כתבי אופציה ,7.50,0.00,0.01,סוף יום,7.50,9.90,9.90,9.90,0.00,,סוף יום,-24.2,-63.2,1,50,3333,1000,2220000,,,44443726,,,,,,,,,,,,,,,82.5000000 ,82.5000000,לא צמוד,22/03/2028,1.0000000,ריי טי אל וי,48.60,,,IL0012449463,673
ריי טי אל וי,רטאל,673012, מניות,48.60,0.21,8.91,סוף יום,48.50,48.50,48.90,48.00,0.10,,סוף יום,-0.2,-46.1,14,18338,58150,1000,2050000,,,119649261,,,,,,,,,,,,,,,,,,,,,,,,IL0006730126,673
רייזור,רזר,1172527, מניות,546.70,0.15,17.26,סוף יום,545.90,545.90,563.00,545.00,0.80,,סוף יום,-0.5,-6.5,8,3157,215669,91,180000,,,39449173,,,,,,,,,,,,,,,,,,,,,,,,IL0011725277,1849
רייסדור   אגח א,רסדר.ק1,1223197,איגרות חוב,105.18,0.00,0.00,סוף יום,105.18,105.18,0.00,0.00,0.00,,סוף יום,2.1,7.9,0,0,205267,4900,970000,,,195158000,,,,לא צמוד,6.35000,30/06/2030,,,,,,,,,,,,,,,,,,IL0012231978,2478,0.00000,10950.30000,לא
רייסדור   אגח ב,רסדר.ק2,1237734,איגרות חוב,101.64,0.00,0.00,סוף יום,101.64,101.64,0.00,0.00,0.00,,סוף יום,0.0,3.2,0,0,319963,4900,980000,,,314800000,,,,לא צמוד,4.92000,31/12/2030,,,,,,,,,,,,,,,,,,IL0012377342,2478,0.00000,0.00000,לא
רייק אספן אגח א,רייק.ק1,1191170,איגרות חוב,102.05,0.00,0.00,סוף יום,102.05,102.05,0.00,0.00,0.00,,סוף יום,0.0,3.6,0,0,58678,4900,980000,,,57499750,,,,לא צמוד,8.42880,31/03/2027,,,,,,,,,,,,,,,,,,IL0011911703,2392,8365.75000,0.00000,לא
רייק אספן אגח ב,רייק.ק2,1226984,איגרות חוב,100.42,0.00,0.00,סוף יום,100.42,100.42,0.00,0.00,0.00,,סוף יום,1.5,7.1,0,0,60013,5100,1010000,,,59762000,,,,לא צמוד,7.90000,31/12/2029,,,,,,,,,,,,,,,,,,IL0012269846,2392,32059.55500,41020.85000,לא
רימון,רמון,1178722, מניות,12930.00,1.02,5365.21,סוף יום,12800.00,12800.00,13000.00,12420.00,130.00,,סוף יום,10.1,44.8,1324,42165,5089406,4,8500,,,39361223,,,,,,,,,,,,,,,,,,,,,,,,IL0011787228,1928
רימון אגח א,רימון.ק1,1211036,איגרות חוב,106.96,0.11,72.14,סוף יום,106.84,106.84,107.01,106.70,0.12,,סוף יום,0.3,3.6,60,67440,168462,4700,1870000,,,157500000,,,,לא צמוד,5.82000,30/04/2032,,,,,,,,,,,,,,,,,,IL0012110362,1928,128475.53000,100917.61000,לא
רימוני,רמני,1080456, מניות,3564.00,-3.62,2.21,סוף יום,3698.00,3698.00,3596.00,3441.00,-134.00,,סוף יום,1.0,-26.5,4,62,299511,14,28000,,,8403800,,,,,,,,,,,,,,,,,,,,,,,,IL0010804560,76
רכבת ישר  אגח ג,רכבת.ק3,1177625,איגרות חוב,113.70,0.00,0.00,סוף יום,113.70,113.70,0.00,0.00,0.00,,סוף יום,0.0,2.6,0,0,56850,4400,880000,,,50000000,,,,מדד המחירים לצרכן,0.70000,30/06/2031,,,,,,,101.30,15/06/2021,,,,,,,,,,IL0011776254,1641,19203.90500,31260.57500,לא
רם אדרת   אגח ב,אדרת.ק2,1209436,איגרות חוב,101.93,0.00,0.00,סוף יום,101.93,101.93,0.00,0.00,0.00,,סוף יום,0.0,3.3,0,0,60954,4900,980000,,,59800000,,,,לא צמוד,7.69000,30/06/2028,,,,,,,,,,,,,,,,,,IL0012094368,2418,0.00000,0.00000,לא
רם אדרת   אגח ג,אדרת.ק3,1217314,איגרות חוב,98.35,0.00,0.00,סוף יום,98.35,98.35,0.00,0.00,0.00,,סוף יום,0.0,3.3,0,0,111136,5100,1020000,,,113000000,,,,לא צמוד,6.42000,31/12/2028,,,,,,,,,,,,,,,,,,IL0012173147,2418,9930.60000,0.00000,לא
רם אדרת   אגח ד,אדרת.ק4,1237197,איגרות חוב,100.95,0.00,0.00,סוף יום,100.95,100.95,0.00,0.00,0.00,,סוף יום,0.0,3.2,0,0,108774,5000,990000,,,107750000,,,,לא צמוד,6.90000,31/12/2029,,,,,,,,,,,,,,,,,,IL0012371972,2418,0.00000,0.00000,לא
רם און,רמאן,1090943, מניות,1061.00,-0.38,0.34,סוף יום,1065.00,1065.00,1041.00,1041.00,-4.00,,סוף יום,-0.8,-18.7,4,33,177556,47,93000,,,16734808,,,,,,,,,,,,,,,,,,,,,,,,IL0010909435,1209
רם מוג אר אגח א,רמא.ק1,1243468,איגרות חוב,102.55,-0.54,34.87,סוף יום,103.11,103.11,103.11,102.40,-0.56,,סוף יום,0.9,2.6,3,34000,77938,4900,980000,,,76000000,,,,לא צמוד,6.95000,30/06/2030,,,,,,,,,,,,,,,,,,IL0012434689,2567,16223.95000,6880.56500,לא
רמות בעיר אגח ג,רמות.ק3,1213750,איגרות חוב,99.00,0.00,0.00,סוף יום,99.00,99.00,0.00,0.00,0.00,,סוף יום,-0.5,5.3,0,0,79200,5000,1010000,,,80000000,,,,לא צמוד,6.97000,01/07/2029,,,,,,,,,,,,,,,,,,IL0012137506,1724,7979.69000,3734.40000,לא
רמות בעיר אגח ד,רמות.ק4,1218221,איגרות חוב,96.50,0.78,5.02,סוף יום,95.75,95.75,96.50,96.50,0.75,,סוף יום,0.9,4.4,1,5200,59938,5200,1050000,,,62112000,,,,לא צמוד,7.50000,01/07/2029,,,,,,,,,,,,,,,,,,IL0012182213,1724,39547.28500,31417.73000,לא
רמי לוי,רמלי,1104249, מניות,35370.00,0.43,6323.71,סוף יום,35220.00,35220.00,35580.00,35060.00,150.00,,סוף יום,0.8,3.5,1857,17870,4872424,1,2800,,,13775583,,,,,,,,,,,,,,,,,,,,,,,,IL0011042491,1445
רמי לוי נדל''ן,רלנד,1235001, מניות,3641.00,3.44,2279.62,סוף יום,3520.00,3520.00,3646.00,3510.00,121.00,,סוף יום,2.9,-8.6,99,64673,2942186,14,28000,,,80807096,,,,,,,,,,,,,,,,,,,,,,,,IL0012350018,2508
רמי נדל''ן  אפ 1,רלנד.א1,1235019, כתבי אופציה ,286.90,1.77,0.10,סוף יום,281.90,281.90,440.90,350.00,5.00,,סוף יום,2.2,-54.0,2,23,17388,14,180000,,,6060532,,,,,,,,,,,,,,,5250.0000000 ,5250.0000000,לא צמוד,20/07/2029,1.0000000,רמי לוי נדל''ן,3641.00,,,IL0012350190,2508
רנט איט,רנטא,1199645, מניות,1200.00,0.00,5.42,סוף יום,1200.00,1200.00,1200.00,1200.00,0.00,,סוף יום,10.1,15.2,18,452,454627,46,92000,,,37885591,,,,,,,,,,,,,,,,,,,,,,,,IL0011996456,2423
רנט איט   אגח א,רנטא.ק1,1199546,איגרות חוב,109.60,0.00,0.00,סוף יום,109.60,109.60,0.00,0.00,0.00,,סוף יום,-0.1,3.6,0,0,109600,4600,910000,,,100000000,,,,מדד המחירים לצרכן,4.20000,30/06/2027,,,,,,,104.50,15/08/2023,,,,,,,,,,IL0011995466,2423,0.00000,8768.25000,לא
רנט איט   אגח ב,רנטא.ק2,1231448,איגרות חוב,100.74,0.06,0.18,סוף יום,100.68,100.68,101.33,101.33,0.06,,סוף יום,0.2,3.7,4,180,217195,5000,990000,,,215600000,,,,מדד המחירים לצרכן,2.50000,30/10/2029,,,,,,,103.60,15/10/2025,,,,,,,,,,IL0012314485,2423,23998.19500,49981.21000,לא
רני צים,רנצם,1143619, מניות,488.90,0.20,50.39,סוף יום,487.90,485.10,489.50,485.10,1.00,,סוף יום,5.1,-6.4,31,10306,859919,110,210000,,,175888475,,,,,,,,,,,,,,,,,,,,,,,,IL0011436198,1588
רני צים    אפ 2,רנצם.א2,1230267, כתבי אופציה ,43.60,0.00,0.00,סוף יום,43.60,43.60,0.00,0.00,0.00,,סוף יום,0.0,-48.7,0,0,8175,110,940000,,,18750000,,,,,,,,,,,,,,,682.9100000 ,682.9100000,לא צמוד,23/10/2028,1.0000000,רני צים,488.90,,,IL0012302670,1588
רני צים   אגח ב,רנצם.ק2,1171834,איגרות חוב,117.42,0.04,55.04,סוף יום,117.37,117.37,117.43,117.37,0.05,,סוף יום,0.3,4.3,70,46876,348345,4300,1710000,,,296665645,,,,מדד המחירים לצרכן,1.08000,01/03/2028,,,,,,,100.10,15/01/2021,,,,,,,,,,IL0011718348,1588,345121.70500,165900.67000,לא
רני צים   אגח ג,רנצם.ק3,1183193,איגרות חוב,109.90,0.34,26.35,סוף יום,109.53,109.53,110.05,109.53,0.37,,סוף יום,0.1,2.9,33,23976,397249,4600,1820000,,,361464256,,,,מדד המחירים לצרכן,0.94000,01/07/2029,,,,,,,102.30,15/12/2021,,,,,,,,,,IL0011831935,1588,168946.57500,225575.39000,לא
רני צים   אגח ד,רנצם.ק4,1218973,איגרות חוב,106.43,0.13,229.95,סוף יום,106.29,106.37,106.47,106.37,0.14,,סוף יום,0.5,3.9,79,216077,542687,4700,1890000,,,509900000,,,,מדד המחירים לצרכן,3.44000,30/06/2031,,,,,,,101.50,15/03/2025,,,,,,,,,,IL0012189739,1588,433996.03500,308452.02500,לא
רני צים   אגח ה,רנצם.ק5,1230275,איגרות חוב,96.35,0.07,12.78,סוף יום,96.28,96.28,96.35,96.28,0.07,,סוף יום,0.2,4.0,30,13263,240875,5200,2080000,,,250000000,,,,מדד המחירים לצרכן,2.50000,30/06/2031,,,,,,,103.60,15/10/2025,,,,,,,,,,IL0012302753,1588,112181.83500,52570.30000,לא
רפק,רפק,769026, מניות,7925.00,0.03,129.70,סוף יום,7923.00,7923.00,8050.00,7777.00,2.00,,סוף יום,3.5,6.2,37,1640,1223454,7,13000,,,15437907,,,,,,,,,,,,,,,,,,,,,,,,IL0007690261,769
רפק אנרג'י,רפקא,1244730, מניות,4566.00,3.77,16.30,סוף יום,4400.00,4400.00,4594.00,4419.00,166.00,,סוף יום,2.2,24.2,5,357,2106570,11,22000,,,46136016,,,,,,,,,,,,,,,,,,,,,,,,IL0012447301,2556
רציו      יהש,רצו,394015,יחידת השתתפות,473.40,1.11,8222.87,סוף יום,468.20,465.00,477.50,464.80,5.20,,סוף יום,2.9,4.2,964,1753255,5320484,110,220000,,,1123887664,,,,,,,,,,,,,,,,,,,,,,,,IL0003940157,394
רציו מימון אגחד,רצומ.ק4,1178144,איגרות חוב,92.75,-0.26,16.62,סוף יום,92.99,92.75,92.75,92.75,-0.24,,סוף יום,0.7,-2.3,8,17920,242517,5400,1090000,,,261473684,,,,דולר,5.70000,31/10/2029,,,,,,,,01/07/2021,,,,,,,,,,IL0011781445,1625,106754.36000,107048.21500,לא
רציו פטרול  יהש,רצפט,1139864,יחידת השתתפות,33.10,2.80,32.48,סוף יום,32.20,32.20,35.00,31.10,0.90,,סוף יום,3.4,34.6,26,98134,74417,1600,3130000,,,224824160,,,,,,,,,,,,,,,,,,,,,,,,IL0011398646,1672
רקח,רקח,1081009, מניות,1080.00,-0.46,4.48,סוף יום,1085.00,1080.00,1080.00,1071.00,-5.00,,סוף יום,2.0,-1.3,4,415,124458,47,94000,,,11523922,,,,,,,,,,,,,,,,,,,,,,,,IL0010810096,1033
שגריר,שגרר,1138379, מניות,1474.00,1.94,127.85,סוף יום,1446.00,1446.00,1540.00,1463.00,28.00,,סוף יום,-2.3,-19.5,42,8660,153364,33,66000,,,10404612,,,,,,,,,,,,,,,,,,,,,,,,IL0011383796,1664
שדה נדל''ן,שדהנ,341016, מניות,730.20,3.37,78.09,סוף יום,706.40,768.90,768.90,703.00,23.80,,סוף יום,-4.0,44.7,47,10688,229244,66,130000,,,31394687,,,,,,,,,,,,,,,,,,,,,,,,IL0003410169,341
שדה נדלן  אגח א,שדהנ.ק1,1238583,איגרות חוב,104.66,0.00,0.00,סוף יום,104.66,104.66,0.00,0.00,0.00,,סוף יום,-0.8,7.8,0,0,123181,4700,950000,,,117696000,,,,לא צמוד,12.00000,30/06/2030,,,,,,,,,,,,,,,,,,IL0012385832,341,15300.00000,0.00000,לא
שוב אנרגיה,שובא,1188242, מניות,428.60,0.61,8322.91,סוף יום,426.00,426.00,431.80,422.80,2.60,,סוף יום,2.1,18.3,1815,1947691,4197921,120,240000,,,979449494,,,,,,,,,,,,,,,,,,,,,,,,IL0011882425,1930
שוב אנרגיה אגחא,שובא.ק1,1198571,איגרות חוב,109.83,0.07,1508.33,סוף יום,109.75,109.75,110.09,109.75,0.08,,סוף יום,0.2,4.1,87,1373853,658980,4600,1830000,,,600000000,,,,לא צמוד,6.77000,30/06/2034,,,,,,,,,,,,,,,,,,IL0011985715,1930,833322.66500,482746.12500,לא
שוב אנרגיה אגחב,שובא.ק2,1229046,איגרות חוב,107.59,0.03,110.98,סוף יום,107.56,107.56,107.69,107.56,0.03,,סוף יום,0.2,5.8,71,103142,276840,4700,1860000,,,257310000,,,,לא צמוד,5.66000,30/09/2037,,,,,,,,,,,,,,,,,,IL0012290461,1930,520175.31500,390703.32500,לא
שוב אנרגיה אפ 1,שובא.א1,1235191, כתבי אופציה ,33.00,-0.60,1.09,סוף יום,33.20,33.20,34.00,27.90,-0.20,,סוף יום,-14.5,-46.4,6,3313,10339,120,1300000,,,31331450,,,,,,,,,,,,,,,447.0000000 ,447.0000000,לא צמוד,27/07/2027,1.0000000,שוב אנרגיה,428.60,,,IL0012351917,1930
שובל,שובל,1207968, מניות,712.50,0.37,107.30,סוף יום,709.90,709.90,713.40,682.20,2.60,,סוף יום,8.0,-24.1,46,15062,431151,76,150000,,,60512367,,,,,,,,,,,,,,,,,,,,,,,,IL0012079682,2441
שובל      אגח א,שובל.ק1,1207927,איגרות חוב,105.12,0.00,0.00,סוף יום,105.12,105.12,0.00,0.00,0.00,,סוף יום,0.1,3.9,0,0,142648,4800,950000,,,135700000,,,,לא צמוד,7.78000,30/09/2027,,,,,,,,,,,,,,,,,,IL0012079278,2441,9367.50000,0.00000,לא
שובל      אגח ב,שובל.ק2,1217488,איגרות חוב,102.98,0.00,0.00,סוף יום,102.98,102.98,0.00,0.00,0.00,,סוף יום,0.0,5.0,0,0,238558,4900,970000,,,231655000,,,,לא צמוד,6.41000,31/03/2030,,,,,,,,,,,,,,,,,,IL0012174889,2441,0.00000,0.00000,לא
שובל הנדסה אפ 1,שובל.א1,1215961, כתבי אופציה ,33.30,0.00,0.00,סוף יום,33.30,33.30,0.00,0.00,0.00,,סוף יום,0.9,-70.6,0,0,937,76,140000,,,2812875,,,,,,,,,,,,,,,1023.0000000 ,1023.0000000,לא צמוד,11/01/2027,1.0000000,שובל,712.50,,,IL0012159617,2441
שוהם ביזנס,שוהם,1082007, מניות,766.30,-0.91,54.81,סוף יום,773.30,720.00,774.70,720.00,-7.00,,סוף יום,3.8,-8.1,29,7151,289049,68,140000,,,37720059,,,,,,,,,,,,,,,,,,,,,,,,IL0010820079,1071
שוהם ביזנס אגחה,שוהם.ק5,1213537,איגרות חוב,100.77,0.07,87.66,סוף יום,100.70,100.70,100.89,100.69,0.07,,סוף יום,0.1,6.2,30,86990,290328,5000,1990000,,,288109600,,,,לא צמוד,6.89000,02/07/2028,,,,,,,,,,,,,,,,,,IL0012135377,1071,304617.14500,255569.91000,לא
שופרסל,שפרסל,777037, מניות,3694.00,0.00,12641.75,סוף יום,3694.00,3694.00,3749.00,3660.00,0.00,,סוף יום,-2.0,-4.0,2581,342111,9855726,13,53000,,,266803638,,,,,,,,,,,,,,,,,,,,,,,,IL0007770378,777
שופרסל    אגח ד,שפרסל.ק4,7770191,איגרות חוב,124.42,0.00,16.38,סוף יום,124.42,124.42,124.42,124.42,0.00,,סוף יום,0.1,2.9,48,13167,146938,4000,1610000,,,118098000,,,,מדד המחירים לצרכן,2.99000,08/10/2029,,,,,,,102.30,15/09/2013,,,,,,,,,,IL0077701915,777,107616.05500,128909.58500,לא
שופרסל    אגח ה,שפרסל.ק5,7770209,איגרות חוב,106.58,0.05,32.18,סוף יום,106.53,106.53,106.58,106.53,0.05,,סוף יום,0.2,3.6,63,30195,440146,4700,1880000,,,412972478,,,,לא צמוד,5.09000,08/10/2029,,,,,,,,,,,,,,,,,,IL0077702095,777,517779.91000,394720.64500,לא
שופרסל    אגח ו,שפרסל.ק6,7770217,איגרות חוב,127.26,0.00,61.66,סוף יום,127.26,127.26,127.26,127.26,0.00,,סוף יום,0.1,3.5,59,48449,389345,3900,1570000,,,305944866,,,,מדד המחירים לצרכן,4.30000,08/10/2028,,,,,,,100.10,15/08/2015,,,,,,,,,,IL0077702178,777,394684.81500,368356.72500,לא
שופרסל    אגח ז,שפרסל.ק7,7770258,איגרות חוב,99.40,0.04,330.88,סוף יום,99.36,99.36,99.43,99.36,0.04,,סוף יום,0.2,3.6,71,332905,594867,5000,2020000,,,598458000,,,,לא צמוד,3.52000,20/08/2030,,,,,,,,,,,,,,,,,,IL0077702582,777,600271.70500,538165.02000,לא
שור-טק יהש,שרטק,1175090,יחידת השתתפות,224.60,4.51,2.24,סוף יום,214.90,214.90,227.80,221.30,9.70,,סוף יום,4.9,-38.3,2,999,5997,230,130000,,,2669951,,,,,,,,,,,,,,,,,,,,,,,,IL0011750903,1889
שטראוס,שטרס,746016, מניות,11400.00,0.53,8208.83,סוף יום,11340.00,11340.00,11450.00,11270.00,60.00,,סוף יום,1.3,5.7,2083,72148,13362275,4,18000,,,117212936,,,,,,,,,,,,,,,,,,,,,,,,IL0007460160,746
שטראוס    אגח ה,שטרס.ק5,7460389,איגרות חוב,99.87,-0.08,3.95,סוף יום,99.95,99.95,99.95,99.87,-0.08,,סוף יום,0.2,3.0,9,3951,120466,5000,1000000,,,120622400,,,,לא צמוד,2.61000,30/06/2027,,,,,,,,,,,,,,,,,,IL0074603890,746,229017.81000,84589.50500,לא
שטראוס    אגח ו,שטרס.ק6,7460421,איגרות חוב,89.36,0.02,1202.93,סוף יום,89.34,89.34,89.37,89.30,0.02,,סוף יום,0.2,3.5,120,1346486,1820727,5600,2240000,,,2037518599,,,,לא צמוד,1.90000,30/06/2037,,,,,,,,,,,,,,,,,,IL0074604211,746,3203038.84000,3390902.72500,לא
שיח מדיקל,שיח,249011, מניות,265.40,-2.86,20.24,סוף יום,273.20,273.20,273.20,264.00,-7.80,,סוף יום,-3.6,5.7,12,7625,87853,180,360000,,,33102037,,,,,,,,,,,,,,,,,,,,,,,,IL0002490113,249
שיכון ובינוי,שוב,1081942, מניות,1997.00,2.36,9781.49,סוף יום,1951.00,1951.00,1997.00,1938.00,46.00,,סוף יום,12.1,8.5,1864,494290,11640197,28,56000,,,582884192,,,,,,,,,,,,,,,,,,,,,,,,IL0010819428,1068
שירותי בנק אוטו,שבא,1158161, מניות,2273.00,1.65,37.05,סוף יום,2236.00,2155.00,2285.00,2155.00,37.00,,סוף יום,0.8,16.7,43,1630,913112,22,44000,,,40172121,,,,,,,,,,,,,,,,,,,,,,,,IL0011581613,1774
שכון ובי אגח  8,שוב.ק8,1135888,איגרות חוב,124.82,-0.14,590.12,סוף יום,124.99,124.99,124.84,124.73,-0.17,,סוף יום,0.3,4.2,94,472788,1292176,4000,1610000,,,1035231692,,,,מדד המחירים לצרכן,3.90000,01/05/2029,,,,,,,99.60,15/06/2015,,,,,,,,,,IL0011358889,1068,1281500.19000,1011352.80500,לא
שכון ובי אגח  9,שוב.ק9,1167386,איגרות חוב,124.27,0.15,739.85,סוף יום,124.09,124.09,124.30,124.09,0.18,,סוף יום,0.6,4.7,69,595407,382494,4000,1620000,,,307792930,,,,מדד המחירים לצרכן,3.25000,31/03/2031,,,,,,,100.10,15/06/2020,,,,,,,,,,IL0011673865,1068,551024.62000,400172.71000,לא
שכון ובי אגח 10,שוב.ק10,1175132,איגרות חוב,97.75,-0.02,1684.63,סוף יום,97.77,97.77,97.80,97.73,-0.02,,סוף יום,0.2,3.9,150,1723726,1218574,5100,2050000,,,1246623200,,,,לא צמוד,2.80000,30/04/2030,,,,,,,,,,,,,,,,,,IL0011751323,1068,1837364.61500,1229901.33000,לא
שכון ובי אגח 11,שוב.ק11,1228766,איגרות חוב,106.15,0.07,22341.73,סוף יום,106.08,106.08,106.19,106.07,0.07,,סוף יום,0.2,4.2,151,21049816,1565001,4700,1890000,,,1474330000,,,,לא צמוד,5.52000,31/03/2033,,,,,,,,,,,,,,,,,,IL0012287665,1068,3446760.24500,4767601.93000,לא
שלמה החז אגח  כ,שלהח.ק20,1192749,איגרות חוב,111.12,0.03,55.68,סוף יום,111.09,111.09,111.13,111.09,0.03,,סוף יום,0.4,3.9,67,50104,1086005,4500,1810000,,,977326274,,,,מדד המחירים לצרכן,2.20000,21/12/2031,,,,,,,108.00,15/01/2023,,,,,,,,,,IL0011927493,141,893739.78500,584993.13000,לא
שלמה החז אגח יט,שלהח.ק19,1192731,איגרות חוב,102.43,0.06,99.32,סוף יום,102.37,102.37,102.48,102.37,0.06,,סוף יום,0.3,3.8,79,96962,855944,4900,1960000,,,835638180,,,,לא צמוד,4.56000,21/12/2031,,,,,,,,,,,,,,,,,,IL0011927311,141,855151.18000,617403.19500,לא
שלמה נדלן אגח ד,שלנד.ק4,1157668,איגרות חוב,100.88,0.04,170.93,סוף יום,100.84,100.84,100.90,100.83,0.04,,סוף יום,0.2,4.0,76,169432,544691,5000,1990000,,,539939985,,,,לא צמוד,4.10000,31/10/2030,,,,,,,,,,,,,,,,,,IL0011576688,1496,542526.67000,407151.79000,לא
שמואל בר  אגח א,שמבר.ק1,1214865,איגרות חוב,104.55,0.00,0.00,סוף יום,104.55,104.55,0.00,0.00,0.00,,סוף יום,0.0,6.0,0,0,62730,4800,960000,,,60000000,,,,לא צמוד,7.40000,30/06/2028,,,,,,,,,,,,,,,,,,IL0012148651,2456,0.00000,0.00000,לא
שמואל בר  אגח ב,שמבר.ק2,1245414,איגרות חוב,100.50,0.00,0.00,סוף יום,100.50,100.50,0.00,0.00,0.00,,סוף יום,-1.0,0.5,0,0,59603,4900,990000,,,59306000,,,,לא צמוד,6.80000,31/12/2030,,,,,,,,,,,,,,,,,,IL0012454141,2456,19174.64000,2661.60500,לא
שמוס      אגח א,שמוס.ק1,1155951,איגרות חוב,80.30,0.63,38.53,סוף יום,79.80,79.80,80.30,80.30,0.50,,סוף יום,0.7,-2.2,3,47982,756578,6300,1250000,,,942189905,,,,לי''ש,4.30000,10/07/2028,,,,,,,,05/06/2018,,,,,,,,,,IL0011559510,1742,39949.18500,57106.15500,לא
שמיים,שמים,1176239, מניות,169.80,2.17,12.46,סוף יום,166.20,170.00,179.50,165.00,3.60,,סוף יום,-5.4,11.8,7,7339,13191,280,390000,,,7768679,,,,,,,,,,,,,,,,,,,,,,,,IL0011762395,1922
שמן נדלן,שמנד,634030, מניות,1502.00,-0.07,6.54,סוף יום,1503.00,1503.00,1504.00,1446.00,-1.00,,סוף יום,11.7,1.8,22,435,561566,37,74000,,,37387855,,,,,,,,,,,,,,,,,,,,,,,,IL0006340306,634
שמן נדלן   אג 1,שמנד.ה1,1220326, איגרות חוב להמרה ,102.50,0.39,11.04,סוף יום,102.10,102.10,102.50,102.50,0.40,,סוף יום,0.4,3.2,2,10774,104550,490,490000,,,102000000,,,,לא צמוד,4.50000,01/06/2028,שמן נדלן,00634030,IL0006340306,18.0000000,1502.00,22/05/2028,,,,,,,,,,,,IL0012203266,634
שניב,שניב,1080837, מניות,909.20,-0.08,26.91,סוף יום,909.90,909.90,921.00,903.00,-0.70,,סוף יום,-0.6,51.4,10,2959,572902,55,110000,,,63011703,,,,,,,,,,,,,,,,,,,,,,,,IL0010808371,1025
שנפ,שנפ,1103571, מניות,1987.00,1.07,6.42,סוף יום,1966.00,1966.00,1997.00,1942.00,21.00,,סוף יום,1.6,30.1,6,323,252248,26,51000,,,12694897,,,,,,,,,,,,,,,,,,,,,,,,IL0011035719,1427
שפיר הנדס אגח ב,שפהנ.ק2,1141951,איגרות חוב,97.20,0.02,114.10,סוף יום,97.18,97.18,97.22,97.18,0.02,,סוף יום,0.1,3.4,64,117391,279514,5200,2060000,,,287566215,,,,לא צמוד,2.62000,05/07/2030,,,,,,,,,,,,,,,,,,IL0011419517,1633,488993.84500,349527.48000,לא
שפיר הנדס אגח ג,שפהנ.ק3,1178417,איגרות חוב,91.56,0.24,234.86,סוף יום,91.34,91.34,91.58,91.34,0.22,,סוף יום,0.2,3.7,98,256538,876154,5500,2190000,,,956917711,,,,לא צמוד,2.34000,30/11/2037,,,,,,,,,,,,,,,,,,IL0011784175,1633,1214097.16000,1262483.86000,לא
שפיר הנדס אגח ד,שפהנ.ק4,1226331,איגרות חוב,107.18,-0.01,15402.89,סוף יום,107.19,107.19,107.23,107.04,-0.01,,סוף יום,0.1,3.6,94,14371033,873517,4700,1870000,,,815000000,,,,לא צמוד,5.22000,03/10/2040,,,,,,,,,,,,,,,,,,IL0012263310,1633,1189203.08000,1840946.76500,לא
שפיר הנדסה,שפהנ,1133875, מניות,4300.00,-1.67,5166.63,סוף יום,4373.00,4373.00,4437.00,4297.00,-73.00,,סוף יום,1.2,38.1,879,118742,15435233,12,47000,,,358958906,,,,,,,,,,,,,,,,,,,,,,,,IL0011338758,1633
שרין טכנו,שרין,1092725, מניות,41.40,0.00,0.09,סוף יום,41.40,41.40,41.40,41.40,0.00,,סוף יום,0.5,-28.6,6,218,140857,1200,2430000,,,340235047,SINGAPORE,,,,,,,,,,,,,,,,,,,,,,,IL0010927254,2226
תאת טכנו,תאתטכ,1082726, מניות,12010.00,4.34,1542.57,סוף יום,11510.00,11510.00,12050.00,11510.00,500.00,,סוף יום,11.6,-16.2,251,12944,1559275,5,9300,,,12983137,NASDAQ-GM,,,,,,,,,,,,,,,,,,,,,,,IL0010827264,2110
תדאה,תדאה,142018, מניות,530.00,0.08,0.62,סוף יום,529.60,529.60,530.70,530.70,0.40,,סוף יום,-12.0,68.7,1,117,29302,83,170000,,,5528671,,,,,,,,,,,,,,,,,,,,,,,,IL0001420186,142
תדיראן גרו אגח3,תדראן.ק3,2580132,איגרות חוב,95.80,0.24,15.00,סוף יום,95.57,95.57,95.80,95.80,0.23,,סוף יום,0.1,3.4,1,15658,32466,5200,1040000,,,33889553,,,,לא צמוד,1.75000,30/06/2028,,,,,,,,,,,,,,,,,,IL0025801320,258,16674.31000,14147.81000,לא
תדיראן גרו אגח4,תדראן.ק4,1208784,איגרות חוב,106.47,0.00,4.31,סוף יום,106.47,106.47,106.47,106.47,0.00,,סוף יום,0.1,4.0,47,4048,165029,4700,1880000,,,155000000,,,,לא צמוד,5.85000,30/06/2034,,,,,,,,,,,,,,,,,,IL0012087842,258,117702.61000,93235.70500,לא
תדיראן גרו אגח5,תדראן.ק5,1235282,איגרות חוב,92.38,0.02,5.44,סוף יום,92.36,92.36,92.38,92.36,0.02,,סוף יום,0.3,13.2,50,5890,184760,5400,2170000,,,200000000,,,,לא צמוד,2.50000,30/06/2034,,,,,,,,,,,,,,,,,,IL0012352824,258,445832.82500,315343.51500,לא
תדיראן גרופ,תדראן,258012, מניות,20100.00,2.34,232.49,סוף יום,19640.00,19310.00,20100.00,19310.00,460.00,,סוף יום,-2.0,52.9,65,1163,1725786,2,4900,,,8586001,,,,,,,,,,,,,,,,,,,,,,,,IL0002580129,258
תדיראן גרופ אפ1,תדראן.א1,1235274, כתבי אופציה ,4099.00,-0.19,19.47,סוף יום,4107.00,4444.00,4444.00,4030.00,-8.00,,סוף יום,-7.7,7.1,8,475,40990,2,11000,,,1000000,,,,,,,,,,,,,,,20000.0000000 ,20000.0000000,לא צמוד,31/12/2027,1.0000000,תדיראן גרופ,20100.00,,,IL0012352741,258
תומר אנרגיה,תמאנ,1129493, מניות,2142.00,-0.14,78.44,סוף יום,2145.00,2145.00,2169.00,2083.00,-3.00,,סוף יום,20.0,-9.2,44,3660,428421,28,56000,,,20001000,,,,,,,,,,,,,,,,,,,,,,,,IL0011294936,1609
תומר מזון,תומז,1181932, מניות,162.80,0.00,0.00,סוף יום,162.80,,0.00,0.00,0.00,,סוף יום,0.0,123.0,0,0,138370,310,610000,,,84993573,,,21/08/2026,,,,,,,,,,,,,,,,,,,,,IL0011819328,1964
תורג'מן   אגח א,תורג.ק1,1233832,איגרות חוב,104.49,1.93,79.78,סוף יום,102.51,102.51,106.50,104.49,1.98,,סוף יום,2.0,6.5,7,75874,128523,4900,980000,,,123000000,,,,מדד המחירים לצרכן,3.93000,31/12/2029,,,,,,,103.60,15/12/2025,,,,,,,,,,IL0012338328,2519,0.00000,0.00000,לא
תורפז,תרפז,1175611, מניות,6485.00,2.48,4243.68,סוף יום,6328.00,6301.00,6543.00,6301.00,157.00,,סוף יום,14.3,-1.4,1057,65819,7061488,9,18000,,,108889567,,,,,,,,,,,,,,,,,,,,,,,,IL0011756116,1901
תיא השקעות,תאהש,796011, מניות,4925.00,0.00,0.05,סוף יום,4925.00,4925.00,4911.00,4911.00,0.00,,סוף יום,-0.6,-2.5,1,1,113057,10,20000,,,2295582,,,,,,,,,,,,,,,,,,,,,,,,IL0007960110,796
תיגבור קבוצה,תגבר,1105022, מניות,5052.00,0.22,31.98,סוף יום,5041.00,5041.00,5078.00,5041.00,11.00,,סוף יום,-5.0,-13.7,13,633,537337,9,19000,,,10636134,,,,,,,,,,,,,,,,,,,,,,,,IL0011050221,1460
תיגי,תיגי,1173871, מניות,253.60,1.89,29.47,סוף יום,248.90,248.90,260.00,248.00,4.70,,סוף יום,-0.2,2.0,18,11619,39163,200,390000,,,15442820,,,,,,,,,,,,,,,,,,,,,,,,IL0011738718,1876
תיגי      אופ 2,תיגי.א2,1242791, כתבי אופציה ,18.90,-0.53,0.07,סוף יום,19.00,19.00,17.00,16.90,-0.10,,סוף יום,-0.5,34.0,2,400,393,200,100000,,,2077263,,,,,,,,,,,,,,,300.0000000 ,300.0000000,לא צמוד,30/09/2026,1.0000000,תיגי,253.60,,,IL0012427915,1876
תיקון עולם קנ-ש,תקונ-ש,1084367, מניות,89600.00,0.00,0.00,סוף יום,89600.00,89600.00,0.00,0.00,0.00,,סוף יום,5.7,-92.4,0,0,1522,1,80,,,1699,,18/08/2026,,,,,,,,,,,,,,,,,,,,,,IL0010843675,1102
תמיס,תמיס,1097229, מניות,1460.00,0.00,0.00,סוף יום,1460.00,1460.00,0.00,0.00,0.00,,סוף יום,0.9,20.9,0,0,91107,35,69000,,,6240218,,,,,,,,,,,,,,,,,,,,,,,,IL0010972292,1289
תמר פטרו  אגח א,תמרפ.ק1,1141332,איגרות חוב,84.38,-0.13,75.60,סוף יום,84.49,84.49,84.49,84.16,-0.11,,סוף יום,0.8,-1.5,25,89593,926267,6000,2390000,,,1097732757,,,,דולר,4.69000,30/08/2028,,,,,,,,05/07/2017,,,,,,,,,,IL0011413320,1689,774668.95000,721361.95000,לא
תמר פטרוליום,תמרפ,1141357, מניות,2821.00,-0.07,661.95,סוף יום,2823.00,2823.00,2826.00,2796.00,-2.00,,סוף יום,2.8,-15.5,338,23509,2524103,18,35000,,,89475475,,,,,,,,,,,,,,,,,,,,,,,,IL0011413577,1689
תעוזה,תעוזה,290023, מניות,22.40,0.00,0.00,סוף יום,22.40,22.40,0.00,0.00,0.00,,סוף יום,0.9,-40.4,0,0,25522,2300,4500000,,,113939533,,,,,,,,,,,,,,,,,,,,,,,,IL0002900236,290
תעש אוירית אגחד,תעא.ק4,1133131,איגרות חוב,101.42,0.00,10.14,סוף יום,101.42,101.42,101.42,101.42,0.00,,סוף יום,0.1,2.7,6,10000,156644,4900,990000,,,154450422,,,,לא צמוד,5.00080,01/12/2026,,,,,,,,,,,,,,,,,,IL0011331316,1457,14518.68000,15707.40500,לא
תפרון,תפרן,1082585, מניות,1200.00,-1.15,241.14,סוף יום,1214.00,1214.00,1212.00,1199.00,-14.00,,סוף יום,-0.5,-17.3,10,20094,154297,41,83000,,,12858056,OTC,,,,,,,,,,,,,,,,,,,,,,,IL0010825854,2076
תשת אנרג אגח ב,תשן.ק2,1211515,איגרות חוב,111.40,-0.01,113.92,סוף יום,111.41,111.41,111.41,111.27,-0.01,,סוף יום,0.0,1.4,50,102265,548088,4500,1800000,,,492000000,,,,מדד המחירים לצרכן,3.29000,01/01/2051,,,,,,,108.80,15/09/2024,,,,,,,,,,IL0012115155,1809,229472.70500,165354.52500,לא
